#
# phpBB Backup Script
# Dump of tables for phpbb_
# DATE : 24-06-2013 19:48:08 GMT
#
# Table: phpbb_acl_groups
DROP TABLE IF EXISTS phpbb_acl_groups;
CREATE TABLE `phpbb_acl_groups` (
  `group_id` mediumint(8) unsigned NOT NULL default '0',
  `forum_id` mediumint(8) unsigned NOT NULL default '0',
  `auth_option_id` mediumint(8) unsigned NOT NULL default '0',
  `auth_role_id` mediumint(8) unsigned NOT NULL default '0',
  `auth_setting` tinyint(2) NOT NULL default '0',
  KEY `group_id` (`group_id`),
  KEY `auth_opt_id` (`auth_option_id`),
  KEY `auth_role_id` (`auth_role_id`)
) ENGINE=MyISAM DEFAULT CHARSET=utf8 COLLATE=utf8_bin;

INSERT INTO phpbb_acl_groups (group_id, forum_id, auth_option_id, auth_role_id, auth_setting) VALUES (1, 0, 85, 0, 1),(1, 0, 93, 0, 1),(1, 0, 111, 0, 1),(5, 0, 0, 5, 0),(5, 0, 0, 1, 0),(2, 0, 0, 6, 0),(3, 0, 0, 6, 0),(4, 0, 0, 5, 0),(4, 0, 0, 10, 0),(8, 0, 94, 0, 1),(8, 0, 117, 0, 1),(8, 0, 92, 0, 1),(8, 0, 91, 0, 0),(8, 0, 90, 0, 1),(8, 0, 89, 0, 1),(8, 0, 87, 0, 1),(8, 0, 115, 0, 1),(8, 0, 110, 0, 1),(8, 0, 93, 0, 1),(8, 0, 88, 0, 0),(7, 0, 0, 23, 0),(8, 0, 86, 0, 1),(8, 0, 95, 0, 1),(8, 0, 111, 0, 1),(8, 0, 112, 0, 1),(8, 0, 113, 0, 1),(8, 0, 116, 0, 1),(8, 0, 96, 0, 1),(8, 0, 97, 0, 1),(8, 0, 98, 0, 1),(8, 0, 99, 0, 1),(8, 0, 100, 0, 1),(8, 0, 101, 0, 1),(8, 0, 102, 0, 1),(8, 0, 103, 0, 1),(8, 0, 104, 0, 1),(8, 0, 105, 0, 1),(8, 0, 106, 0, 1),(8, 0, 107, 0, 1),(8, 0, 108, 0, 1),(8, 0, 109, 0, 1),(8, 0, 114, 0, 1),(8, 0, 85, 0, 1),(8, 0, 32, 0, 1),(8, 0, 34, 0, 1),(8, 0, 35, 0, 1),(8, 0, 40, 0, 1),(8, 0, 42, 0, 1),(8, 0, 36, 0, 1),(8, 0, 43, 0, 1),(8, 0, 37, 0, 1),(8, 0, 38, 0, 1),(8, 0, 39, 0, 1),(8, 0, 41, 0, 1),(8, 0, 31, 0, 1),(8, 0, 0, 3, 0),(10, 0, 86, 0, 1),(10, 0, 88, 0, 1),(10, 0, 93, 0, 1),(10, 0, 110, 0, 1),(10, 0, 115, 0, 1),(10, 0, 87, 0, 1),(10, 0, 89, 0, 1),(10, 0, 92, 0, 1),(10, 0, 117, 0, 1),(10, 0, 94, 0, 1),(10, 0, 111, 0, 1),(10, 0, 112, 0, 1),(10, 0, 113, 0, 1),(10, 0, 96, 0, 1),(10, 0, 97, 0, 1),(10, 0, 98, 0, 1),(10, 0, 99, 0, 1),(10, 0, 100, 0, 1),(10, 0, 101, 0, 1),(10, 0, 102, 0, 1),(10, 0, 103, 0, 1),(10, 0, 105, 0, 1),(10, 0, 106, 0, 1),(10, 0, 107, 0, 1),(10, 0, 108, 0, 1),(10, 0, 109, 0, 1),(10, 0, 114, 0, 1),(10, 0, 85, 0, 1),(9, 0, 86, 0, 1),(9, 0, 88, 0, 1),(9, 0, 93, 0, 1),(9, 0, 110, 0, 1),(9, 0, 115, 0, 1),(9, 0, 87, 0, 1),(9, 0, 89, 0, 1),(9, 0, 92, 0, 1),(9, 0, 117, 0, 1),(9, 0, 94, 0, 1),(9, 0, 111, 0, 1),(9, 0, 112, 0, 1),(9, 0, 113, 0, 1),(9, 0, 116, 0, 1),(9, 0, 96, 0, 1),(9, 0, 97, 0, 1),(9, 0, 98, 0, 1),(9, 0, 99, 0, 1),(9, 0, 100, 0, 1),(9, 0, 101, 0, 1),(9, 0, 102, 0, 1),(9, 0, 103, 0, 1),(9, 0, 105, 0, 1),(9, 0, 106, 0, 1),(9, 0, 107, 0, 1),(9, 0, 108, 0, 1),(9, 0, 109, 0, 1),(9, 0, 114, 0, 1),(9, 0, 85, 0, 1),(9, 0, 0, 11, 0),(12, 0, 0, 6, 0),(14, 0, 0, 5, 0),(14, 0, 0, 10, 0),(14, 0, 0, 4, 0),(13, 0, 0, 6, 0),(8, 3, 0, 14, 0),(8, 21, 0, 14, 0),(8, 4, 0, 14, 0),(8, 5, 0, 14, 0),(8, 6, 0, 14, 0),(8, 7, 0, 14, 0),(8, 8, 0, 14, 0),(8, 9, 0, 14, 0),(8, 10, 0, 14, 0),(8, 11, 0, 14, 0),(8, 12, 0, 14, 0),(8, 13, 0, 14, 0),(8, 14, 0, 14, 0),(8, 15, 0, 14, 0),(8, 16, 0, 14, 0),(8, 17, 0, 14, 0),(8, 18, 0, 14, 0),(8, 20, 0, 14, 0),(8, 19, 0, 14, 0),(8, 22, 0, 14, 0),(8, 23, 0, 14, 0),(5, 22, 1, 0, 1),(5, 22, 30, 0, 1),(5, 22, 29, 0, 1),(5, 22, 16, 0, 1),(5, 22, 23, 0, 1),(5, 22, 18, 0, 1),(5, 22, 15, 0, 1),(5, 22, 12, 0, 1),(5, 22, 28, 0, 1),(5, 22, 27, 0, 1),(5, 22, 22, 0, 1),(5, 22, 19, 0, 1),(5, 22, 9, 0, 1),(5, 22, 8, 0, 1),(5, 22, 6, 0, 1),(5, 22, 5, 0, 1),(5, 22, 25, 0, 1),(5, 22, 24, 0, 1),(5, 22, 13, 0, 1),(5, 22, 10, 0, 1),(5, 22, 7, 0, 1),(5, 22, 4, 0, 1),(5, 22, 3, 0, 1),(5, 22, 26, 0, 1),(5, 22, 21, 0, 1),(5, 22, 20, 0, 1),(5, 22, 17, 0, 1),(5, 22, 14, 0, 1),(5, 22, 11, 0, 1),(5, 22, 2, 0, 1),(5, 19, 1, 0, 1),(5, 19, 30, 0, 1),(5, 19, 29, 0, 1),(5, 19, 16, 0, 1),(5, 19, 23, 0, 1),(5, 19, 18, 0, 1),(5, 19, 15, 0, 1),(5, 19, 12, 0, 1),(5, 19, 28, 0, 1),(5, 19, 27, 0, 1),(5, 19, 22, 0, 1),(5, 19, 19, 0, 1),(5, 19, 9, 0, 1),(5, 19, 8, 0, 1),(5, 19, 6, 0, 1),(5, 19, 5, 0, 1),(5, 19, 25, 0, 1),(5, 19, 24, 0, 1),(5, 19, 13, 0, 1),(5, 19, 10, 0, 1),(5, 19, 7, 0, 1),(5, 19, 4, 0, 1),(5, 19, 3, 0, 1),(5, 19, 26, 0, 1),(5, 19, 21, 0, 1),(5, 19, 20, 0, 1),(5, 19, 17, 0, 1),(5, 19, 14, 0, 1),(5, 19, 11, 0, 1),(5, 19, 2, 0, 1),(5, 20, 1, 0, 1),(5, 20, 30, 0, 1),(5, 20, 29, 0, 1),(5, 20, 16, 0, 1),(5, 20, 23, 0, 1),(5, 20, 18, 0, 1),(5, 20, 15, 0, 1),(5, 20, 12, 0, 1),(5, 20, 28, 0, 1),(5, 20, 27, 0, 1),(5, 20, 22, 0, 1),(5, 20, 19, 0, 1),(5, 20, 9, 0, 1),(5, 20, 8, 0, 1),(5, 20, 6, 0, 1),(5, 20, 5, 0, 1),(5, 20, 25, 0, 1),(5, 20, 24, 0, 1),(5, 20, 13, 0, 1),(5, 20, 10, 0, 1),(5, 20, 7, 0, 1),(5, 20, 4, 0, 1),(5, 20, 3, 0, 1),(5, 20, 26, 0, 1),(5, 20, 21, 0, 1),(5, 20, 20, 0, 1),(5, 20, 17, 0, 1),(5, 20, 14, 0, 1),(5, 20, 11, 0, 1),(5, 20, 2, 0, 1),(5, 18, 1, 0, 1),(5, 18, 30, 0, 1),(5, 18, 29, 0, 1),(5, 18, 16, 0, 1),(5, 18, 23, 0, 1),(5, 18, 18, 0, 1),(5, 18, 15, 0, 1),(5, 18, 12, 0, 1),(5, 18, 28, 0, 1),(5, 18, 27, 0, 1),(5, 18, 22, 0, 1),(5, 18, 19, 0, 1),(5, 18, 9, 0, 1),(5, 18, 8, 0, 1),(5, 18, 6, 0, 1),(5, 18, 5, 0, 1),(5, 18, 25, 0, 1),(5, 18, 24, 0, 1),(5, 18, 13, 0, 1),(5, 18, 10, 0, 1),(5, 18, 7, 0, 1),(5, 18, 4, 0, 1),(5, 18, 3, 0, 1),(5, 18, 26, 0, 1),(5, 18, 21, 0, 1),(5, 18, 20, 0, 1),(5, 18, 17, 0, 1),(5, 18, 14, 0, 1),(5, 18, 11, 0, 1),(5, 18, 2, 0, 1),(5, 17, 1, 0, 1),(5, 17, 30, 0, 1),(5, 17, 29, 0, 1),(5, 17, 16, 0, 1),(5, 17, 23, 0, 1),(5, 17, 18, 0, 1),(5, 17, 15, 0, 1),(5, 17, 12, 0, 1),(5, 17, 28, 0, 1),(5, 17, 27, 0, 1),(5, 17, 22, 0, 1),(5, 17, 19, 0, 1),(5, 17, 9, 0, 1),(5, 17, 8, 0, 1),(5, 17, 6, 0, 1),(5, 17, 5, 0, 1),(5, 17, 25, 0, 1),(5, 17, 24, 0, 1),(5, 17, 13, 0, 1),(5, 17, 10, 0, 1),(5, 17, 7, 0, 1),(5, 17, 4, 0, 1),(5, 17, 3, 0, 1),(5, 17, 26, 0, 1),(5, 17, 21, 0, 1),(5, 17, 20, 0, 1),(5, 17, 17, 0, 1),(5, 17, 14, 0, 1),(5, 17, 11, 0, 1),(5, 17, 2, 0, 1),(5, 16, 1, 0, 1),(5, 16, 30, 0, 1),(5, 16, 29, 0, 1),(5, 16, 16, 0, 1),(5, 16, 23, 0, 1),(5, 16, 18, 0, 1),(5, 16, 15, 0, 1),(5, 16, 12, 0, 1),(5, 16, 28, 0, 1),(5, 16, 27, 0, 1),(5, 16, 22, 0, 1),(5, 16, 19, 0, 1),(5, 16, 9, 0, 1),(5, 16, 8, 0, 1),(5, 16, 6, 0, 1),(5, 16, 5, 0, 1),(5, 16, 25, 0, 1),(5, 16, 24, 0, 1),(5, 16, 13, 0, 1),(5, 16, 10, 0, 1),(5, 16, 7, 0, 1),(5, 16, 4, 0, 1),(5, 16, 3, 0, 1),(5, 16, 26, 0, 1),(5, 16, 21, 0, 1),(5, 16, 20, 0, 1),(5, 16, 17, 0, 1),(5, 16, 14, 0, 1),(5, 16, 11, 0, 1),(5, 16, 2, 0, 1),(5, 15, 1, 0, 1),(5, 15, 30, 0, 1),(5, 15, 29, 0, 1),(5, 15, 16, 0, 1),(5, 15, 23, 0, 1),(5, 15, 18, 0, 1),(5, 15, 15, 0, 1),(5, 15, 12, 0, 1),(5, 15, 28, 0, 1),(5, 15, 27, 0, 1),(5, 15, 22, 0, 1),(5, 15, 19, 0, 1),(5, 15, 9, 0, 1),(5, 15, 8, 0, 1),(5, 15, 6, 0, 1),(5, 15, 5, 0, 1),(5, 15, 25, 0, 1),(5, 15, 24, 0, 1),(5, 15, 13, 0, 1),(5, 15, 10, 0, 1),(5, 15, 7, 0, 1),(5, 15, 4, 0, 1),(5, 15, 3, 0, 1),(5, 15, 26, 0, 1),(5, 15, 21, 0, 1),(5, 15, 20, 0, 1),(5, 15, 17, 0, 1),(5, 15, 14, 0, 1),(5, 15, 11, 0, 1),(5, 15, 2, 0, 1),(5, 14, 1, 0, 1),(5, 14, 30, 0, 1),(5, 14, 29, 0, 1),(5, 14, 16, 0, 1),(5, 14, 23, 0, 1),(5, 14, 18, 0, 1),(5, 14, 15, 0, 1),(5, 14, 12, 0, 1),(5, 14, 28, 0, 1),(5, 14, 27, 0, 1),(5, 14, 22, 0, 1),(5, 14, 19, 0, 1),(5, 14, 9, 0, 1),(5, 14, 8, 0, 1),(5, 14, 6, 0, 1),(5, 14, 5, 0, 1),(5, 14, 25, 0, 1),(5, 14, 24, 0, 1),(5, 14, 13, 0, 1),(5, 14, 10, 0, 1),(5, 14, 7, 0, 1),(5, 14, 4, 0, 1),(5, 14, 3, 0, 1),(5, 14, 26, 0, 1),(5, 14, 21, 0, 1),(5, 14, 20, 0, 1),(5, 14, 17, 0, 1),(5, 14, 14, 0, 1),(5, 14, 11, 0, 1),(5, 14, 2, 0, 1),(5, 13, 1, 0, 1),(5, 13, 30, 0, 1),(5, 13, 29, 0, 1),(5, 13, 16, 0, 1),(5, 13, 23, 0, 1),(5, 13, 18, 0, 1),(5, 13, 15, 0, 1),(5, 13, 12, 0, 1),(5, 13, 28, 0, 1),(5, 13, 27, 0, 1),(5, 13, 22, 0, 1),(5, 13, 19, 0, 1),(5, 13, 9, 0, 1),(5, 13, 8, 0, 1),(5, 13, 6, 0, 1),(5, 13, 5, 0, 1),(5, 13, 25, 0, 1),(5, 13, 24, 0, 1),(5, 13, 13, 0, 1),(5, 13, 10, 0, 1),(5, 13, 7, 0, 1),(5, 13, 4, 0, 1),(5, 13, 3, 0, 1),(5, 13, 26, 0, 1),(5, 13, 21, 0, 1),(5, 13, 20, 0, 1),(5, 13, 17, 0, 1),(5, 13, 14, 0, 1),(5, 13, 11, 0, 1),(5, 13, 2, 0, 1),(5, 12, 1, 0, 1),(5, 12, 30, 0, 1),(5, 12, 29, 0, 1),(5, 12, 16, 0, 1),(5, 12, 23, 0, 1),(5, 12, 18, 0, 1),(5, 12, 15, 0, 1),(5, 12, 12, 0, 1),(5, 12, 28, 0, 1),(5, 12, 27, 0, 1),(5, 12, 22, 0, 1),(5, 12, 19, 0, 1),(5, 12, 9, 0, 1),(5, 12, 8, 0, 1),(5, 12, 6, 0, 1),(5, 12, 5, 0, 1),(5, 12, 25, 0, 1),(5, 12, 24, 0, 1),(5, 12, 13, 0, 1),(5, 12, 10, 0, 1),(5, 12, 7, 0, 1),(5, 12, 4, 0, 1),(5, 12, 3, 0, 1),(5, 12, 26, 0, 1),(5, 12, 21, 0, 1),(5, 12, 20, 0, 1),(5, 12, 17, 0, 1),(5, 12, 14, 0, 1),(5, 12, 11, 0, 1),(5, 12, 2, 0, 1),(5, 11, 1, 0, 1),(5, 11, 30, 0, 1),(5, 11, 29, 0, 1),(5, 11, 16, 0, 1),(5, 11, 23, 0, 1),(5, 11, 18, 0, 1),(5, 11, 15, 0, 1),(5, 11, 12, 0, 1),(5, 11, 28, 0, 1),(5, 11, 27, 0, 1),(5, 11, 22, 0, 1),(5, 11, 19, 0, 1),(5, 11, 9, 0, 1),(5, 11, 8, 0, 1),(5, 11, 6, 0, 1),(5, 11, 5, 0, 1),(5, 11, 25, 0, 1),(5, 11, 24, 0, 1),(5, 11, 13, 0, 1),(5, 11, 10, 0, 1),(5, 11, 7, 0, 1),(5, 11, 4, 0, 1),(5, 11, 3, 0, 1),(5, 11, 26, 0, 1),(5, 11, 21, 0, 1),(5, 11, 20, 0, 1),(5, 11, 17, 0, 1),(5, 11, 14, 0, 1),(5, 11, 11, 0, 1),(5, 11, 2, 0, 1),(5, 10, 1, 0, 1),(5, 10, 30, 0, 1),(5, 10, 29, 0, 1),(5, 10, 16, 0, 1),(5, 10, 23, 0, 1),(5, 10, 18, 0, 1),(5, 10, 15, 0, 1),(5, 10, 12, 0, 1),(5, 10, 28, 0, 1),(5, 10, 27, 0, 1),(5, 10, 22, 0, 1),(5, 10, 19, 0, 1),(5, 10, 9, 0, 1),(5, 10, 8, 0, 1),(5, 10, 6, 0, 1),(5, 10, 5, 0, 1),(5, 10, 25, 0, 1),(5, 10, 24, 0, 1),(5, 10, 13, 0, 1),(5, 10, 10, 0, 1),(5, 10, 7, 0, 1),(5, 10, 4, 0, 1),(5, 10, 3, 0, 1),(5, 10, 26, 0, 1),(5, 10, 21, 0, 1),(5, 10, 20, 0, 1),(5, 10, 17, 0, 1),(5, 10, 14, 0, 1),(5, 10, 11, 0, 1),(5, 10, 2, 0, 1),(5, 9, 1, 0, 1),(5, 9, 30, 0, 1),(5, 9, 29, 0, 1),(5, 9, 16, 0, 1),(5, 9, 23, 0, 1),(5, 9, 18, 0, 1),(5, 9, 15, 0, 1),(5, 9, 12, 0, 1),(5, 9, 28, 0, 1),(5, 9, 27, 0, 1),(5, 9, 22, 0, 1),(5, 9, 19, 0, 1),(5, 9, 9, 0, 1),(5, 9, 8, 0, 1),(5, 9, 6, 0, 1),(5, 9, 5, 0, 1),(5, 9, 25, 0, 1),(5, 9, 24, 0, 1),(5, 9, 13, 0, 1),(5, 9, 10, 0, 1),(5, 9, 7, 0, 1),(5, 9, 4, 0, 1),(5, 9, 3, 0, 1),(5, 9, 26, 0, 1),(5, 9, 21, 0, 1),(5, 9, 20, 0, 1),(5, 9, 17, 0, 1),(5, 9, 14, 0, 1),(5, 9, 11, 0, 1),(5, 9, 2, 0, 1),(5, 8, 1, 0, 1),(5, 8, 30, 0, 1),(5, 8, 29, 0, 1),(5, 8, 16, 0, 1),(5, 8, 23, 0, 1),(5, 8, 18, 0, 1),(5, 8, 15, 0, 1),(5, 8, 12, 0, 1),(5, 8, 28, 0, 1),(5, 8, 27, 0, 1),(5, 8, 22, 0, 1),(5, 8, 19, 0, 1),(5, 8, 9, 0, 1),(5, 8, 8, 0, 1),(5, 8, 6, 0, 1),(5, 8, 5, 0, 1),(5, 8, 25, 0, 1),(5, 8, 24, 0, 1),(5, 8, 13, 0, 1),(5, 8, 10, 0, 1),(5, 8, 7, 0, 1),(5, 8, 4, 0, 1),(5, 8, 3, 0, 1),(5, 8, 26, 0, 1),(5, 8, 21, 0, 1),(5, 8, 20, 0, 1),(5, 8, 17, 0, 1),(5, 8, 14, 0, 1),(5, 8, 11, 0, 1),(5, 8, 2, 0, 1),(5, 7, 1, 0, 1),(5, 7, 30, 0, 1),(5, 7, 29, 0, 1),(5, 7, 16, 0, 1),(5, 7, 23, 0, 1),(5, 7, 18, 0, 1),(5, 7, 15, 0, 1),(5, 7, 12, 0, 1),(5, 7, 28, 0, 1),(5, 7, 27, 0, 1),(5, 7, 22, 0, 1),(5, 7, 19, 0, 1),(5, 7, 9, 0, 1),(5, 7, 8, 0, 1),(5, 7, 6, 0, 1),(5, 7, 5, 0, 1),(5, 7, 25, 0, 1),(5, 7, 24, 0, 1),(5, 7, 13, 0, 1),(5, 7, 10, 0, 1),(5, 7, 7, 0, 1),(5, 7, 4, 0, 1),(5, 7, 3, 0, 1),(5, 7, 26, 0, 1),(5, 7, 21, 0, 1),(5, 7, 20, 0, 1),(5, 7, 17, 0, 1),(5, 7, 14, 0, 1),(5, 7, 11, 0, 1),(5, 7, 2, 0, 1),(5, 6, 1, 0, 1),(5, 6, 30, 0, 1),(5, 6, 29, 0, 1),(5, 6, 16, 0, 1),(5, 6, 23, 0, 1),(5, 6, 18, 0, 1),(5, 6, 15, 0, 1),(5, 6, 12, 0, 1),(5, 6, 28, 0, 1),(5, 6, 27, 0, 1),(5, 6, 22, 0, 1),(5, 6, 19, 0, 1),(5, 6, 9, 0, 1),(5, 6, 8, 0, 1),(5, 6, 6, 0, 1),(5, 6, 5, 0, 1),(5, 6, 25, 0, 1),(5, 6, 24, 0, 1),(5, 6, 13, 0, 1),(5, 6, 10, 0, 1),(5, 6, 7, 0, 1),(5, 6, 4, 0, 1),(5, 6, 3, 0, 1),(5, 6, 26, 0, 1),(5, 6, 21, 0, 1),(5, 6, 20, 0, 1),(5, 6, 17, 0, 1),(5, 6, 14, 0, 1),(5, 6, 11, 0, 1),(5, 6, 2, 0, 1),(5, 5, 1, 0, 1),(5, 5, 30, 0, 1),(5, 5, 29, 0, 1),(5, 5, 16, 0, 1),(5, 5, 23, 0, 1),(5, 5, 18, 0, 1),(5, 5, 15, 0, 1),(5, 5, 12, 0, 1),(5, 5, 28, 0, 1),(5, 5, 27, 0, 1),(5, 5, 22, 0, 1),(5, 5, 19, 0, 1),(5, 5, 9, 0, 1),(5, 5, 8, 0, 1),(5, 5, 6, 0, 1),(5, 5, 5, 0, 1),(5, 5, 25, 0, 1),(5, 5, 24, 0, 1),(5, 5, 13, 0, 1),(5, 5, 10, 0, 1),(5, 5, 7, 0, 1),(5, 5, 4, 0, 1),(5, 5, 3, 0, 1),(5, 5, 26, 0, 1),(5, 5, 21, 0, 1),(5, 5, 20, 0, 1),(5, 5, 17, 0, 1),(5, 5, 14, 0, 1),(5, 5, 11, 0, 1),(5, 5, 2, 0, 1),(5, 4, 1, 0, 1),(5, 4, 30, 0, 1),(5, 4, 29, 0, 1),(5, 4, 16, 0, 1),(5, 4, 23, 0, 1),(5, 4, 18, 0, 1),(5, 4, 15, 0, 1),(5, 4, 12, 0, 1),(5, 4, 28, 0, 1),(5, 4, 27, 0, 1),(5, 4, 22, 0, 1),(5, 4, 19, 0, 1),(5, 4, 9, 0, 1),(5, 4, 8, 0, 1),(5, 4, 6, 0, 1),(5, 4, 5, 0, 1),(5, 4, 25, 0, 1),(5, 4, 24, 0, 1),(5, 4, 13, 0, 1),(5, 4, 10, 0, 1),(5, 4, 7, 0, 1),(5, 4, 4, 0, 1),(5, 4, 3, 0, 1),(5, 4, 26, 0, 1),(5, 4, 21, 0, 1),(5, 4, 20, 0, 1),(5, 4, 17, 0, 1),(5, 4, 14, 0, 1),(5, 4, 11, 0, 1),(5, 4, 2, 0, 1),(5, 21, 1, 0, 1),(5, 21, 30, 0, 1),(5, 21, 29, 0, 1),(5, 21, 16, 0, 1),(5, 21, 23, 0, 1),(5, 21, 18, 0, 1),(5, 21, 15, 0, 1),(5, 21, 12, 0, 1),(5, 21, 28, 0, 1),(5, 21, 27, 0, 1),(5, 21, 22, 0, 1),(5, 21, 19, 0, 1),(5, 21, 9, 0, 1),(5, 21, 8, 0, 1),(5, 21, 6, 0, 1),(5, 21, 5, 0, 1),(5, 21, 25, 0, 1),(5, 21, 24, 0, 1),(5, 21, 13, 0, 1),(5, 21, 10, 0, 1),(5, 21, 7, 0, 1),(5, 21, 4, 0, 1),(5, 21, 3, 0, 1),(5, 21, 26, 0, 1),(5, 21, 21, 0, 1),(5, 21, 20, 0, 1),(5, 21, 17, 0, 1),(5, 21, 14, 0, 1),(5, 21, 11, 0, 1),(5, 21, 2, 0, 1),(5, 3, 1, 0, 1),(5, 3, 30, 0, 1),(5, 3, 29, 0, 1),(5, 3, 16, 0, 1),(5, 3, 23, 0, 1),(5, 3, 18, 0, 1),(5, 3, 15, 0, 1),(5, 3, 12, 0, 1),(5, 3, 28, 0, 1),(5, 3, 27, 0, 1),(5, 3, 22, 0, 1),(5, 3, 19, 0, 1),(5, 3, 9, 0, 1),(5, 3, 8, 0, 1),(5, 3, 6, 0, 1),(5, 3, 5, 0, 1),(5, 3, 25, 0, 1),(5, 3, 24, 0, 1),(5, 3, 13, 0, 1),(5, 3, 10, 0, 1),(5, 3, 7, 0, 1),(5, 3, 4, 0, 1),(5, 3, 3, 0, 1),(5, 3, 26, 0, 1),(5, 3, 21, 0, 1),(5, 3, 20, 0, 1),(5, 3, 17, 0, 1),(5, 3, 14, 0, 1),(5, 3, 11, 0, 1),(5, 3, 2, 0, 1),(9, 3, 0, 14, 0),(9, 21, 0, 14, 0),(9, 4, 0, 14, 0),(9, 5, 0, 14, 0),(9, 6, 0, 14, 0),(9, 7, 0, 14, 0),(9, 8, 0, 14, 0),(9, 9, 0, 14, 0),(9, 10, 0, 14, 0),(9, 11, 0, 14, 0),(9, 12, 0, 14, 0),(9, 13, 0, 14, 0),(9, 14, 0, 14, 0),(9, 15, 0, 14, 0),(9, 16, 0, 14, 0),(9, 17, 0, 14, 0),(9, 18, 0, 14, 0),(9, 20, 0, 14, 0),(9, 19, 0, 14, 0),(9, 22, 0, 14, 0),(9, 23, 0, 14, 0),(8, 3, 0, 10, 0),(8, 21, 0, 10, 0),(8, 4, 0, 10, 0),(8, 5, 0, 10, 0),(8, 6, 0, 10, 0),(8, 7, 0, 10, 0),(8, 8, 0, 10, 0),(8, 9, 0, 10, 0),(8, 10, 0, 10, 0),(8, 11, 0, 10, 0),(8, 12, 0, 10, 0),(8, 13, 0, 10, 0),(8, 14, 0, 10, 0),(8, 15, 0, 10, 0),(8, 16, 0, 10, 0),(8, 17, 0, 10, 0),(8, 18, 0, 10, 0),(8, 20, 0, 10, 0),(8, 19, 0, 10, 0),(8, 22, 0, 10, 0),(8, 23, 0, 10, 0),(9, 3, 32, 0, 1),(9, 3, 33, 0, 0),(9, 3, 34, 0, 1),(9, 3, 35, 0, 1),(9, 3, 40, 0, 1),(9, 3, 37, 0, 1),(9, 3, 38, 0, 1),(9, 3, 39, 0, 1),(9, 3, 41, 0, 1),(9, 3, 31, 0, 1),(9, 21, 32, 0, 1),(9, 21, 33, 0, 0),(9, 21, 34, 0, 1),(9, 21, 35, 0, 1),(9, 21, 40, 0, 1),(9, 21, 37, 0, 1),(9, 21, 38, 0, 1),(9, 21, 39, 0, 1),(9, 21, 41, 0, 1),(9, 21, 31, 0, 1),(9, 4, 32, 0, 1),(9, 4, 33, 0, 0),(9, 4, 34, 0, 1),(9, 4, 35, 0, 1),(9, 4, 40, 0, 1),(9, 4, 37, 0, 1),(9, 4, 38, 0, 1),(9, 4, 39, 0, 1),(9, 4, 41, 0, 1),(9, 4, 31, 0, 1),(9, 5, 32, 0, 1),(9, 5, 33, 0, 0),(9, 5, 34, 0, 1),(9, 5, 35, 0, 1),(9, 5, 40, 0, 1),(9, 5, 37, 0, 1),(9, 5, 38, 0, 1),(9, 5, 39, 0, 1),(9, 5, 41, 0, 1),(9, 5, 31, 0, 1),(9, 6, 32, 0, 1),(9, 6, 33, 0, 0),(9, 6, 34, 0, 1),(9, 6, 35, 0, 1),(9, 6, 40, 0, 1),(9, 6, 37, 0, 1),(9, 6, 38, 0, 1),(9, 6, 39, 0, 1),(9, 6, 41, 0, 1),(9, 6, 31, 0, 1),(9, 7, 32, 0, 1),(9, 7, 33, 0, 0),(9, 7, 34, 0, 1),(9, 7, 35, 0, 1),(9, 7, 40, 0, 1),(9, 7, 37, 0, 1),(9, 7, 38, 0, 1),(9, 7, 39, 0, 1),(9, 7, 41, 0, 1),(9, 7, 31, 0, 1),(9, 8, 32, 0, 1),(9, 8, 33, 0, 0),(9, 8, 34, 0, 1),(9, 8, 35, 0, 1),(9, 8, 40, 0, 1),(9, 8, 37, 0, 1),(9, 8, 38, 0, 1),(9, 8, 39, 0, 1),(9, 8, 41, 0, 1),(9, 8, 31, 0, 1),(9, 9, 32, 0, 1),(9, 9, 33, 0, 0),(9, 9, 34, 0, 1),(9, 9, 35, 0, 1),(9, 9, 40, 0, 1),(9, 9, 37, 0, 1),(9, 9, 38, 0, 1),(9, 9, 39, 0, 1),(9, 9, 41, 0, 1),(9, 9, 31, 0, 1),(9, 10, 32, 0, 1),(9, 10, 33, 0, 0),(9, 10, 34, 0, 1),(9, 10, 35, 0, 1),(9, 10, 40, 0, 1),(9, 10, 37, 0, 1),(9, 10, 38, 0, 1),(9, 10, 39, 0, 1),(9, 10, 41, 0, 1),(9, 10, 31, 0, 1),(9, 11, 32, 0, 1),(9, 11, 33, 0, 0),(9, 11, 34, 0, 1),(9, 11, 35, 0, 1),(9, 11, 40, 0, 1),(9, 11, 37, 0, 1),(9, 11, 38, 0, 1),(9, 11, 39, 0, 1),(9, 11, 41, 0, 1),(9, 11, 31, 0, 1),(9, 12, 32, 0, 1),(9, 12, 33, 0, 0),(9, 12, 34, 0, 1),(9, 12, 35, 0, 1),(9, 12, 40, 0, 1),(9, 12, 37, 0, 1),(9, 12, 38, 0, 1),(9, 12, 39, 0, 1),(9, 12, 41, 0, 1),(9, 12, 31, 0, 1),(9, 13, 32, 0, 1),(9, 13, 33, 0, 0),(9, 13, 34, 0, 1),(9, 13, 35, 0, 1),(9, 13, 40, 0, 1),(9, 13, 37, 0, 1),(9, 13, 38, 0, 1),(9, 13, 39, 0, 1),(9, 13, 41, 0, 1),(9, 13, 31, 0, 1),(9, 14, 32, 0, 1),(9, 14, 33, 0, 0),(9, 14, 34, 0, 1),(9, 14, 35, 0, 1),(9, 14, 40, 0, 1),(9, 14, 37, 0, 1),(9, 14, 38, 0, 1),(9, 14, 39, 0, 1),(9, 14, 41, 0, 1),(9, 14, 31, 0, 1),(9, 15, 32, 0, 1),(9, 15, 33, 0, 0),(9, 15, 34, 0, 1),(9, 15, 35, 0, 1),(9, 15, 40, 0, 1),(9, 15, 37, 0, 1),(9, 15, 38, 0, 1),(9, 15, 39, 0, 1),(9, 15, 41, 0, 1),(9, 15, 31, 0, 1),(9, 16, 32, 0, 1),(9, 16, 33, 0, 0),(9, 16, 34, 0, 1),(9, 16, 35, 0, 1),(9, 16, 40, 0, 1),(9, 16, 37, 0, 1),(9, 16, 38, 0, 1),(9, 16, 39, 0, 1),(9, 16, 41, 0, 1),(9, 16, 31, 0, 1),(9, 17, 32, 0, 1),(9, 17, 33, 0, 0),(9, 17, 34, 0, 1),(9, 17, 35, 0, 1),(9, 17, 40, 0, 1),(9, 17, 37, 0, 1),(9, 17, 38, 0, 1),(9, 17, 39, 0, 1),(9, 17, 41, 0, 1),(9, 17, 31, 0, 1),(9, 18, 32, 0, 1),(9, 18, 33, 0, 0),(9, 18, 34, 0, 1),(9, 18, 35, 0, 1),(9, 18, 40, 0, 1),(9, 18, 37, 0, 1),(9, 18, 38, 0, 1),(9, 18, 39, 0, 1),(9, 18, 41, 0, 1),(9, 18, 31, 0, 1),(9, 20, 32, 0, 1),(9, 20, 33, 0, 0),(9, 20, 34, 0, 1),(9, 20, 35, 0, 1),(9, 20, 40, 0, 1),(9, 20, 37, 0, 1),(9, 20, 38, 0, 1),(9, 20, 39, 0, 1),(9, 20, 41, 0, 1),(9, 20, 31, 0, 1),(9, 19, 32, 0, 1),(9, 19, 33, 0, 0),(9, 19, 34, 0, 1),(9, 19, 35, 0, 1),(9, 19, 40, 0, 1),(9, 19, 37, 0, 1),(9, 19, 38, 0, 1),(9, 19, 39, 0, 1),(9, 19, 41, 0, 1),(9, 19, 31, 0, 1),(9, 22, 32, 0, 1),(9, 22, 33, 0, 0),(9, 22, 34, 0, 1),(9, 22, 35, 0, 1),(9, 22, 40, 0, 1),(9, 22, 37, 0, 1),(9, 22, 38, 0, 1),(9, 22, 39, 0, 1),(9, 22, 41, 0, 1),(9, 22, 31, 0, 1),(9, 23, 32, 0, 1),(9, 23, 33, 0, 0),(9, 23, 34, 0, 1),(9, 23, 35, 0, 1),(9, 23, 40, 0, 1),(9, 23, 37, 0, 1),(9, 23, 38, 0, 1),(9, 23, 39, 0, 1),(9, 23, 41, 0, 1),(9, 23, 31, 0, 1),(5, 23, 2, 0, 1),(5, 23, 11, 0, 1),(5, 23, 14, 0, 1),(5, 23, 17, 0, 1),(5, 23, 20, 0, 1),(5, 23, 21, 0, 1),(5, 23, 26, 0, 1),(5, 23, 3, 0, 1),(5, 23, 4, 0, 1),(5, 23, 7, 0, 1),(5, 23, 10, 0, 1),(5, 23, 13, 0, 1),(5, 23, 24, 0, 1),(5, 23, 25, 0, 1),(5, 23, 5, 0, 1),(5, 23, 6, 0, 1),(5, 23, 8, 0, 1),(5, 23, 9, 0, 1),(5, 23, 19, 0, 1),(5, 23, 22, 0, 1),(5, 23, 27, 0, 1),(5, 23, 28, 0, 1),(5, 23, 12, 0, 1),(5, 23, 15, 0, 1),(5, 23, 18, 0, 1),(5, 23, 23, 0, 1),(5, 23, 16, 0, 1),(5, 23, 29, 0, 1),(5, 23, 30, 0, 1),(5, 23, 1, 0, 1),(5, 3, 32, 0, 1),(5, 3, 33, 0, 1),(5, 3, 34, 0, 1),(5, 3, 35, 0, 1),(5, 3, 40, 0, 1),(5, 3, 36, 0, 1),(5, 3, 37, 0, 1),(5, 3, 38, 0, 1),(5, 3, 39, 0, 1),(5, 3, 41, 0, 1),(5, 3, 31, 0, 1),(5, 21, 32, 0, 1),(5, 21, 33, 0, 1),(5, 21, 34, 0, 1),(5, 21, 35, 0, 1),(5, 21, 40, 0, 1),(5, 21, 36, 0, 1),(5, 21, 37, 0, 1),(5, 21, 38, 0, 1),(5, 21, 39, 0, 1),(5, 21, 41, 0, 1),(5, 21, 31, 0, 1),(5, 4, 32, 0, 1),(5, 4, 33, 0, 1),(5, 4, 34, 0, 1),(5, 4, 35, 0, 1),(5, 4, 40, 0, 1),(5, 4, 36, 0, 1),(5, 4, 37, 0, 1),(5, 4, 38, 0, 1),(5, 4, 39, 0, 1),(5, 4, 41, 0, 1),(5, 4, 31, 0, 1),(5, 5, 32, 0, 1),(5, 5, 33, 0, 1),(5, 5, 34, 0, 1),(5, 5, 35, 0, 1),(5, 5, 40, 0, 1),(5, 5, 36, 0, 1),(5, 5, 37, 0, 1),(5, 5, 38, 0, 1),(5, 5, 39, 0, 1),(5, 5, 41, 0, 1),(5, 5, 31, 0, 1),(5, 6, 32, 0, 1),(5, 6, 33, 0, 1),(5, 6, 34, 0, 1),(5, 6, 35, 0, 1),(5, 6, 40, 0, 1),(5, 6, 36, 0, 1),(5, 6, 37, 0, 1),(5, 6, 38, 0, 1),(5, 6, 39, 0, 1),(5, 6, 41, 0, 1),(5, 6, 31, 0, 1),(5, 7, 32, 0, 1),(5, 7, 33, 0, 1),(5, 7, 34, 0, 1),(5, 7, 35, 0, 1),(5, 7, 40, 0, 1),(5, 7, 36, 0, 1),(5, 7, 37, 0, 1),(5, 7, 38, 0, 1),(5, 7, 39, 0, 1),(5, 7, 41, 0, 1),(5, 7, 31, 0, 1),(5, 8, 32, 0, 1),(5, 8, 33, 0, 1),(5, 8, 34, 0, 1),(5, 8, 35, 0, 1),(5, 8, 40, 0, 1),(5, 8, 36, 0, 1),(5, 8, 37, 0, 1),(5, 8, 38, 0, 1),(5, 8, 39, 0, 1),(5, 8, 41, 0, 1),(5, 8, 31, 0, 1),(5, 9, 32, 0, 1),(5, 9, 33, 0, 1),(5, 9, 34, 0, 1),(5, 9, 35, 0, 1),(5, 9, 40, 0, 1),(5, 9, 36, 0, 1),(5, 9, 37, 0, 1),(5, 9, 38, 0, 1),(5, 9, 39, 0, 1),(5, 9, 41, 0, 1),(5, 9, 31, 0, 1),(5, 10, 32, 0, 1),(5, 10, 33, 0, 1),(5, 10, 34, 0, 1),(5, 10, 35, 0, 1),(5, 10, 40, 0, 1),(5, 10, 36, 0, 1),(5, 10, 37, 0, 1),(5, 10, 38, 0, 1),(5, 10, 39, 0, 1),(5, 10, 41, 0, 1),(5, 10, 31, 0, 1),(5, 11, 32, 0, 1),(5, 11, 33, 0, 1),(5, 11, 34, 0, 1),(5, 11, 35, 0, 1),(5, 11, 40, 0, 1),(5, 11, 36, 0, 1),(5, 11, 37, 0, 1),(5, 11, 38, 0, 1),(5, 11, 39, 0, 1),(5, 11, 41, 0, 1),(5, 11, 31, 0, 1),(5, 12, 32, 0, 1),(5, 12, 33, 0, 1),(5, 12, 34, 0, 1),(5, 12, 35, 0, 1),(5, 12, 40, 0, 1),(5, 12, 36, 0, 1),(5, 12, 37, 0, 1),(5, 12, 38, 0, 1),(5, 12, 39, 0, 1),(5, 12, 41, 0, 1),(5, 12, 31, 0, 1),(5, 13, 32, 0, 1),(5, 13, 33, 0, 1),(5, 13, 34, 0, 1),(5, 13, 35, 0, 1),(5, 13, 40, 0, 1),(5, 13, 36, 0, 1),(5, 13, 37, 0, 1),(5, 13, 38, 0, 1),(5, 13, 39, 0, 1),(5, 13, 41, 0, 1),(5, 13, 31, 0, 1),(5, 14, 32, 0, 1),(5, 14, 33, 0, 1),(5, 14, 34, 0, 1),(5, 14, 35, 0, 1),(5, 14, 40, 0, 1),(5, 14, 36, 0, 1),(5, 14, 37, 0, 1),(5, 14, 38, 0, 1),(5, 14, 39, 0, 1),(5, 14, 41, 0, 1),(5, 14, 31, 0, 1),(5, 15, 32, 0, 1),(5, 15, 33, 0, 1),(5, 15, 34, 0, 1),(5, 15, 35, 0, 1),(5, 15, 40, 0, 1),(5, 15, 36, 0, 1),(5, 15, 37, 0, 1),(5, 15, 38, 0, 1),(5, 15, 39, 0, 1),(5, 15, 41, 0, 1),(5, 15, 31, 0, 1),(5, 16, 32, 0, 1),(5, 16, 33, 0, 1),(5, 16, 34, 0, 1),(5, 16, 35, 0, 1),(5, 16, 40, 0, 1),(5, 16, 36, 0, 1),(5, 16, 37, 0, 1),(5, 16, 38, 0, 1),(5, 16, 39, 0, 1),(5, 16, 41, 0, 1),(5, 16, 31, 0, 1),(5, 17, 32, 0, 1),(5, 17, 33, 0, 1),(5, 17, 34, 0, 1),(5, 17, 35, 0, 1),(5, 17, 40, 0, 1),(5, 17, 36, 0, 1),(5, 17, 37, 0, 1),(5, 17, 38, 0, 1),(5, 17, 39, 0, 1),(5, 17, 41, 0, 1),(5, 17, 31, 0, 1),(5, 18, 32, 0, 1),(5, 18, 33, 0, 1),(5, 18, 34, 0, 1),(5, 18, 35, 0, 1),(5, 18, 40, 0, 1),(5, 18, 36, 0, 1),(5, 18, 37, 0, 1),(5, 18, 38, 0, 1),(5, 18, 39, 0, 1),(5, 18, 41, 0, 1),(5, 18, 31, 0, 1),(5, 20, 32, 0, 1),(5, 20, 33, 0, 1),(5, 20, 34, 0, 1),(5, 20, 35, 0, 1),(5, 20, 40, 0, 1),(5, 20, 36, 0, 1),(5, 20, 37, 0, 1),(5, 20, 38, 0, 1),(5, 20, 39, 0, 1),(5, 20, 41, 0, 1),(5, 20, 31, 0, 1),(5, 19, 32, 0, 1),(5, 19, 33, 0, 1),(5, 19, 34, 0, 1),(5, 19, 35, 0, 1),(5, 19, 40, 0, 1),(5, 19, 36, 0, 1),(5, 19, 37, 0, 1),(5, 19, 38, 0, 1),(5, 19, 39, 0, 1),(5, 19, 41, 0, 1),(5, 19, 31, 0, 1),(5, 22, 32, 0, 1),(5, 22, 33, 0, 1),(5, 22, 34, 0, 1),(5, 22, 35, 0, 1),(5, 22, 40, 0, 1),(5, 22, 36, 0, 1),(5, 22, 37, 0, 1),(5, 22, 38, 0, 1),(5, 22, 39, 0, 1),(5, 22, 41, 0, 1),(5, 22, 31, 0, 1),(5, 23, 32, 0, 1),(5, 23, 33, 0, 1),(5, 23, 34, 0, 1),(5, 23, 35, 0, 1),(5, 23, 40, 0, 1),(5, 23, 36, 0, 1),(5, 23, 37, 0, 1),(5, 23, 38, 0, 1),(5, 23, 39, 0, 1),(5, 23, 41, 0, 1),(5, 23, 31, 0, 1),(10, 3, 0, 21, 0),(10, 21, 0, 17, 0),(10, 20, 0, 17, 0),(10, 22, 0, 16, 0),(10, 23, 0, 16, 0),(12, 3, 0, 15, 0),(12, 21, 0, 17, 0),(12, 18, 0, 16, 0),(12, 20, 0, 16, 0),(12, 19, 0, 16, 0),(12, 22, 0, 16, 0),(12, 23, 0, 16, 0),(13, 3, 11, 0, 1),(13, 3, 14, 0, 1),(13, 3, 17, 0, 1),(13, 3, 20, 0, 1),(13, 3, 21, 0, 1),(13, 3, 26, 0, 1),(13, 3, 3, 0, 1),(13, 3, 4, 0, 1),(13, 3, 7, 0, 1),(13, 3, 13, 0, 1),(13, 3, 24, 0, 1),(13, 3, 25, 0, 1),(13, 3, 5, 0, 1),(13, 3, 6, 0, 1),(13, 3, 8, 0, 1),(13, 3, 9, 0, 1),(13, 3, 19, 0, 1),(13, 3, 22, 0, 1),(13, 3, 27, 0, 1),(13, 3, 15, 0, 1),(13, 3, 18, 0, 1),(13, 3, 23, 0, 1),(13, 3, 16, 0, 1),(13, 3, 29, 0, 1),(13, 3, 30, 0, 1),(13, 3, 1, 0, 1),(13, 22, 0, 16, 0),(13, 23, 0, 16, 0),(2, 3, 0, 17, 0),(2, 21, 0, 17, 0),(2, 18, 0, 16, 0),(2, 20, 0, 16, 0),(2, 19, 0, 16, 0),(2, 22, 0, 16, 0),(2, 23, 0, 16, 0),(1, 3, 0, 17, 0),(1, 21, 0, 17, 0),(1, 4, 0, 17, 0),(1, 5, 0, 17, 0),(1, 6, 0, 17, 0),(1, 7, 0, 17, 0),(1, 8, 0, 17, 0),(1, 9, 0, 17, 0),(1, 10, 0, 17, 0),(1, 11, 0, 17, 0),(1, 12, 0, 17, 0),(1, 13, 0, 17, 0),(1, 14, 0, 17, 0),(1, 15, 0, 17, 0),(1, 16, 0, 17, 0),(1, 17, 0, 17, 0),(1, 18, 0, 16, 0),(1, 20, 0, 16, 0),(1, 19, 0, 16, 0),(1, 22, 0, 16, 0),(1, 23, 0, 16, 0),(6, 3, 0, 17, 0),(6, 18, 0, 16, 0),(6, 20, 0, 16, 0),(6, 19, 0, 16, 0),(6, 22, 0, 16, 0),(6, 23, 0, 16, 0),(7, 3, 0, 17, 0),(7, 18, 0, 16, 0),(7, 20, 0, 16, 0),(7, 19, 0, 16, 0),(7, 22, 0, 16, 0),(7, 23, 0, 16, 0);

# Table: phpbb_acl_options
DROP TABLE IF EXISTS phpbb_acl_options;
CREATE TABLE `phpbb_acl_options` (
  `auth_option_id` mediumint(8) unsigned NOT NULL auto_increment,
  `auth_option` varchar(50) collate utf8_bin NOT NULL default '',
  `is_global` tinyint(1) unsigned NOT NULL default '0',
  `is_local` tinyint(1) unsigned NOT NULL default '0',
  `founder_only` tinyint(1) unsigned NOT NULL default '0',
  PRIMARY KEY  (`auth_option_id`),
  UNIQUE KEY `auth_option` (`auth_option`)
) ENGINE=MyISAM AUTO_INCREMENT=118 DEFAULT CHARSET=utf8 COLLATE=utf8_bin;

INSERT INTO phpbb_acl_options (auth_option_id, auth_option, is_global, is_local, founder_only) VALUES (1, 'f_', 0, 1, 0),(2, 'f_announce', 0, 1, 0),(3, 'f_attach', 0, 1, 0),(4, 'f_bbcode', 0, 1, 0),(5, 'f_bump', 0, 1, 0),(6, 'f_delete', 0, 1, 0),(7, 'f_download', 0, 1, 0),(8, 'f_edit', 0, 1, 0),(9, 'f_email', 0, 1, 0),(10, 'f_flash', 0, 1, 0),(11, 'f_icons', 0, 1, 0),(12, 'f_ignoreflood', 0, 1, 0),(13, 'f_img', 0, 1, 0),(14, 'f_list', 0, 1, 0),(15, 'f_noapprove', 0, 1, 0),(16, 'f_poll', 0, 1, 0),(17, 'f_post', 0, 1, 0),(18, 'f_postcount', 0, 1, 0),(19, 'f_print', 0, 1, 0),(20, 'f_read', 0, 1, 0),(21, 'f_reply', 0, 1, 0),(22, 'f_report', 0, 1, 0),(23, 'f_search', 0, 1, 0),(24, 'f_sigs', 0, 1, 0),(25, 'f_smilies', 0, 1, 0),(26, 'f_sticky', 0, 1, 0),(27, 'f_subscribe', 0, 1, 0),(28, 'f_user_lock', 0, 1, 0),(29, 'f_vote', 0, 1, 0),(30, 'f_votechg', 0, 1, 0),(31, 'm_', 1, 1, 0),(32, 'm_approve', 1, 1, 0),(33, 'm_chgposter', 1, 1, 0),(34, 'm_delete', 1, 1, 0),(35, 'm_edit', 1, 1, 0),(36, 'm_info', 1, 1, 0),(37, 'm_lock', 1, 1, 0),(38, 'm_merge', 1, 1, 0),(39, 'm_move', 1, 1, 0),(40, 'm_report', 1, 1, 0),(41, 'm_split', 1, 1, 0),(42, 'm_ban', 1, 0, 0),(43, 'm_warn', 1, 0, 0),(44, 'a_', 1, 0, 0),(45, 'a_aauth', 1, 0, 0),(46, 'a_attach', 1, 0, 0),(47, 'a_authgroups', 1, 0, 0),(48, 'a_authusers', 1, 0, 0),(49, 'a_backup', 1, 0, 0),(50, 'a_ban', 1, 0, 0),(51, 'a_bbcode', 1, 0, 0),(52, 'a_board', 1, 0, 0),(53, 'a_bots', 1, 0, 0),(54, 'a_clearlogs', 1, 0, 0),(55, 'a_email', 1, 0, 0),(56, 'a_fauth', 1, 0, 0),(57, 'a_forum', 1, 0, 0),(58, 'a_forumadd', 1, 0, 0),(59, 'a_forumdel', 1, 0, 0),(60, 'a_group', 1, 0, 0),(61, 'a_groupadd', 1, 0, 0),(62, 'a_groupdel', 1, 0, 0),(63, 'a_icons', 1, 0, 0),(64, 'a_jabber', 1, 0, 0),(65, 'a_language', 1, 0, 0),(66, 'a_mauth', 1, 0, 0),(67, 'a_modules', 1, 0, 0),(68, 'a_names', 1, 0, 0),(69, 'a_phpinfo', 1, 0, 0),(70, 'a_profile', 1, 0, 0),(71, 'a_prune', 1, 0, 0),(72, 'a_ranks', 1, 0, 0),(73, 'a_reasons', 1, 0, 0),(74, 'a_roles', 1, 0, 0),(75, 'a_search', 1, 0, 0),(76, 'a_server', 1, 0, 0),(77, 'a_styles', 1, 0, 0),(78, 'a_switchperm', 1, 0, 0),(79, 'a_uauth', 1, 0, 0),(80, 'a_user', 1, 0, 0),(81, 'a_userdel', 1, 0, 0),(82, 'a_viewauth', 1, 0, 0),(83, 'a_viewlogs', 1, 0, 0),(84, 'a_words', 1, 0, 0),(85, 'u_', 1, 0, 0),(86, 'u_attach', 1, 0, 0),(87, 'u_chgavatar', 1, 0, 0),(88, 'u_chgcensors', 1, 0, 0),(89, 'u_chgemail', 1, 0, 0),(90, 'u_chggrp', 1, 0, 0),(91, 'u_chgname', 1, 0, 0),(92, 'u_chgpasswd', 1, 0, 0),(93, 'u_download', 1, 0, 0),(94, 'u_hideonline', 1, 0, 0),(95, 'u_ignoreflood', 1, 0, 0),(96, 'u_masspm', 1, 0, 0),(97, 'u_masspm_group', 1, 0, 0),(98, 'u_pm_attach', 1, 0, 0),(99, 'u_pm_bbcode', 1, 0, 0),(100, 'u_pm_delete', 1, 0, 0),(101, 'u_pm_download', 1, 0, 0),(102, 'u_pm_edit', 1, 0, 0),(103, 'u_pm_emailpm', 1, 0, 0),(104, 'u_pm_flash', 1, 0, 0),(105, 'u_pm_forward', 1, 0, 0),(106, 'u_pm_img', 1, 0, 0),(107, 'u_pm_printpm', 1, 0, 0),(108, 'u_pm_smilies', 1, 0, 0),(109, 'u_readpm', 1, 0, 0),(110, 'u_savedrafts', 1, 0, 0),(111, 'u_search', 1, 0, 0),(112, 'u_sendemail', 1, 0, 0),(113, 'u_sendim', 1, 0, 0),(114, 'u_sendpm', 1, 0, 0),(115, 'u_sig', 1, 0, 0),(116, 'u_viewonline', 1, 0, 0),(117, 'u_viewprofile', 1, 0, 0);

# Table: phpbb_acl_roles
DROP TABLE IF EXISTS phpbb_acl_roles;
CREATE TABLE `phpbb_acl_roles` (
  `role_id` mediumint(8) unsigned NOT NULL auto_increment,
  `role_name` varchar(255) collate utf8_bin NOT NULL default '',
  `role_description` text collate utf8_bin NOT NULL,
  `role_type` varchar(10) collate utf8_bin NOT NULL default '',
  `role_order` smallint(4) unsigned NOT NULL default '0',
  PRIMARY KEY  (`role_id`),
  KEY `role_type` (`role_type`),
  KEY `role_order` (`role_order`)
) ENGINE=MyISAM AUTO_INCREMENT=25 DEFAULT CHARSET=utf8 COLLATE=utf8_bin;

INSERT INTO phpbb_acl_roles (role_id, role_name, role_description, role_type, role_order) VALUES (1, 'ROLE_ADMIN_STANDARD', 'ROLE_DESCRIPTION_ADMIN_STANDARD', 'a_', 1),(2, 'ROLE_ADMIN_FORUM', 'ROLE_DESCRIPTION_ADMIN_FORUM', 'a_', 3),(3, 'ROLE_ADMIN_USERGROUP', 'ROLE_DESCRIPTION_ADMIN_USERGROUP', 'a_', 4),(4, 'ROLE_ADMIN_FULL', 'ROLE_DESCRIPTION_ADMIN_FULL', 'a_', 2),(5, 'ROLE_USER_FULL', 'ROLE_DESCRIPTION_USER_FULL', 'u_', 3),(6, 'ROLE_USER_STANDARD', 'ROLE_DESCRIPTION_USER_STANDARD', 'u_', 1),(7, 'ROLE_USER_LIMITED', 'ROLE_DESCRIPTION_USER_LIMITED', 'u_', 2),(8, 'ROLE_USER_NOPM', 'ROLE_DESCRIPTION_USER_NOPM', 'u_', 4),(9, 'ROLE_USER_NOAVATAR', 'ROLE_DESCRIPTION_USER_NOAVATAR', 'u_', 5),(10, 'ROLE_MOD_FULL', 'ROLE_DESCRIPTION_MOD_FULL', 'm_', 3),(11, 'ROLE_MOD_STANDARD', 'ROLE_DESCRIPTION_MOD_STANDARD', 'm_', 1),(12, 'ROLE_MOD_SIMPLE', 'ROLE_DESCRIPTION_MOD_SIMPLE', 'm_', 2),(13, 'ROLE_MOD_QUEUE', 'ROLE_DESCRIPTION_MOD_QUEUE', 'm_', 4),(14, 'ROLE_FORUM_FULL', 'ROLE_DESCRIPTION_FORUM_FULL', 'f_', 7),(15, 'ROLE_FORUM_STANDARD', 'ROLE_DESCRIPTION_FORUM_STANDARD', 'f_', 5),(16, 'ROLE_FORUM_NOACCESS', 'ROLE_DESCRIPTION_FORUM_NOACCESS', 'f_', 1),(17, 'ROLE_FORUM_READONLY', 'ROLE_DESCRIPTION_FORUM_READONLY', 'f_', 2),(18, 'ROLE_FORUM_LIMITED', 'ROLE_DESCRIPTION_FORUM_LIMITED', 'f_', 3),(19, 'ROLE_FORUM_BOT', 'ROLE_DESCRIPTION_FORUM_BOT', 'f_', 9),(20, 'ROLE_FORUM_ONQUEUE', 'ROLE_DESCRIPTION_FORUM_ONQUEUE', 'f_', 8),(21, 'ROLE_FORUM_POLLS', 'ROLE_DESCRIPTION_FORUM_POLLS', 'f_', 6),(22, 'ROLE_FORUM_LIMITED_POLLS', 'ROLE_DESCRIPTION_FORUM_LIMITED_POLLS', 'f_', 4),(23, 'ROLE_USER_NEW_MEMBER', 'ROLE_DESCRIPTION_USER_NEW_MEMBER', 'u_', 6),(24, 'ROLE_FORUM_NEW_MEMBER', 'ROLE_DESCRIPTION_FORUM_NEW_MEMBER', 'f_', 10);

# Table: phpbb_acl_roles_data
DROP TABLE IF EXISTS phpbb_acl_roles_data;
CREATE TABLE `phpbb_acl_roles_data` (
  `role_id` mediumint(8) unsigned NOT NULL default '0',
  `auth_option_id` mediumint(8) unsigned NOT NULL default '0',
  `auth_setting` tinyint(2) NOT NULL default '0',
  PRIMARY KEY  (`role_id`,`auth_option_id`),
  KEY `ath_op_id` (`auth_option_id`)
) ENGINE=MyISAM DEFAULT CHARSET=utf8 COLLATE=utf8_bin;

INSERT INTO phpbb_acl_roles_data (role_id, auth_option_id, auth_setting) VALUES (1, 44, 1),(1, 46, 1),(1, 47, 1),(1, 48, 1),(1, 50, 1),(1, 51, 1),(1, 52, 1),(1, 56, 1),(1, 57, 1),(1, 58, 1),(1, 59, 1),(1, 60, 1),(1, 61, 1),(1, 62, 1),(1, 63, 1),(1, 66, 1),(1, 68, 1),(1, 70, 1),(1, 71, 1),(1, 72, 1),(1, 73, 1),(1, 79, 1),(1, 80, 1),(1, 81, 1),(1, 82, 1),(1, 83, 1),(1, 84, 1),(2, 44, 1),(2, 47, 1),(2, 48, 1),(2, 56, 1),(2, 57, 1),(2, 58, 1),(2, 59, 1),(2, 66, 1),(2, 71, 1),(2, 79, 1),(2, 82, 1),(2, 83, 1),(3, 44, 1),(3, 47, 1),(3, 48, 1),(3, 50, 1),(3, 60, 1),(3, 61, 1),(3, 62, 1),(3, 72, 1),(3, 79, 1),(3, 80, 1),(3, 82, 1),(3, 83, 1),(4, 44, 1),(4, 45, 1),(4, 46, 1),(4, 47, 1),(4, 48, 1),(4, 49, 1),(4, 50, 1),(4, 51, 1),(4, 52, 1),(4, 53, 1),(4, 54, 1),(4, 55, 1),(4, 56, 1),(4, 57, 1),(4, 58, 1),(4, 59, 1),(4, 60, 1),(4, 61, 1),(4, 62, 1),(4, 63, 1),(4, 64, 1),(4, 65, 1),(4, 66, 1),(4, 67, 1),(4, 68, 1),(4, 69, 1),(4, 70, 1),(4, 71, 1),(4, 72, 1),(4, 73, 1),(4, 74, 1),(4, 75, 1),(4, 76, 1),(4, 77, 1),(4, 78, 1),(4, 79, 1),(4, 80, 1),(4, 81, 1),(4, 82, 1),(4, 83, 1),(4, 84, 1),(5, 85, 1),(5, 86, 1),(5, 87, 1),(5, 88, 1),(5, 89, 1),(5, 90, 1),(5, 91, 1),(5, 92, 1),(5, 93, 1),(5, 94, 1),(5, 95, 1),(5, 96, 1),(5, 97, 1),(5, 98, 1),(5, 99, 1),(5, 100, 1),(5, 101, 1),(5, 102, 1),(5, 103, 1),(5, 104, 1),(5, 105, 1),(5, 106, 1),(5, 107, 1),(5, 108, 1),(5, 109, 1),(5, 110, 1),(5, 111, 1),(5, 112, 1),(5, 113, 1),(5, 114, 1),(5, 115, 1),(5, 116, 1),(5, 117, 1),(6, 85, 1),(6, 86, 1),(6, 87, 1),(6, 88, 1),(6, 89, 1),(6, 92, 1),(6, 93, 1),(6, 94, 1),(6, 96, 1),(6, 97, 1),(6, 98, 1),(6, 99, 1),(6, 100, 1),(6, 101, 1),(6, 102, 1),(6, 103, 1),(6, 106, 1),(6, 107, 1),(6, 108, 1),(6, 109, 1),(6, 110, 1),(6, 111, 1),(6, 112, 1),(6, 113, 1),(6, 114, 1),(6, 115, 1),(6, 117, 1),(7, 85, 1),(7, 87, 1),(7, 88, 1),(7, 89, 1),(7, 92, 1),(7, 93, 1),(7, 94, 1),(7, 99, 1),(7, 100, 1),(7, 101, 1),(7, 102, 1),(7, 105, 1),(7, 106, 1),(7, 107, 1),(7, 108, 1),(7, 109, 1),(7, 114, 1),(7, 115, 1),(7, 117, 1),(8, 85, 1),(8, 87, 1),(8, 88, 1),(8, 89, 1),(8, 92, 1),(8, 93, 1),(8, 94, 1),(8, 115, 1),(8, 117, 1),(8, 96, 0),(8, 97, 0),(8, 109, 0),(8, 114, 0),(9, 85, 1),(9, 88, 1),(9, 89, 1),(9, 92, 1),(9, 93, 1),(9, 94, 1),(9, 99, 1),(9, 100, 1),(9, 101, 1),(9, 102, 1),(9, 105, 1),(9, 106, 1),(9, 107, 1),(9, 108, 1),(9, 109, 1),(9, 114, 1),(9, 115, 1),(9, 117, 1),(9, 87, 0),(10, 31, 1),(10, 32, 1),(10, 42, 1),(10, 33, 1),(10, 34, 1),(10, 35, 1),(10, 36, 1),(10, 37, 1),(10, 38, 1),(10, 39, 1),(10, 40, 1),(10, 41, 1),(10, 43, 1),(11, 31, 1),(11, 32, 1),(11, 34, 1),(11, 35, 1),(11, 36, 1),(11, 37, 1),(11, 38, 1),(11, 39, 1),(11, 40, 1),(11, 41, 1),(11, 43, 1),(12, 31, 1),(12, 34, 1),(12, 35, 1),(12, 36, 1),(12, 40, 1),(13, 31, 1),(13, 32, 1),(13, 35, 1),(14, 1, 1),(14, 2, 1),(14, 3, 1),(14, 4, 1),(14, 5, 1),(14, 6, 1),(14, 7, 1),(14, 8, 1),(14, 9, 1),(14, 10, 1),(14, 11, 1),(14, 12, 1),(14, 13, 1),(14, 14, 1),(14, 15, 1),(14, 16, 1),(14, 17, 1),(14, 18, 1),(14, 19, 1),(14, 20, 1),(14, 21, 1),(14, 22, 1),(14, 23, 1),(14, 24, 1),(14, 25, 1),(14, 26, 1),(14, 27, 1),(14, 28, 1),(14, 29, 1),(14, 30, 1),(15, 1, 1),(15, 3, 1),(15, 4, 1),(15, 5, 1),(15, 6, 1),(15, 7, 1),(15, 8, 1),(15, 9, 1),(15, 11, 1),(15, 13, 1),(15, 14, 1),(15, 15, 1),(15, 17, 1),(15, 18, 1),(15, 19, 1),(15, 20, 1),(15, 21, 1),(15, 22, 1),(15, 23, 1),(15, 24, 1),(15, 25, 1),(15, 27, 1),(15, 29, 1),(15, 30, 1),(16, 1, 0),(17, 1, 1),(17, 7, 1),(17, 14, 1),(17, 19, 1),(17, 20, 1),(17, 23, 1),(17, 27, 1),(18, 1, 1),(18, 4, 1),(18, 7, 1),(18, 8, 1),(18, 9, 1),(18, 13, 1),(18, 14, 1),(18, 15, 1),(18, 17, 1),(18, 18, 1),(18, 19, 1),(18, 20, 1),(18, 21, 1),(18, 22, 1),(18, 23, 1),(18, 24, 1),(18, 25, 1),(18, 27, 1),(18, 29, 1),(19, 1, 1),(19, 7, 1),(19, 14, 1),(19, 19, 1),(19, 20, 1),(20, 1, 1),(20, 3, 1),(20, 4, 1),(20, 7, 1),(20, 8, 1),(20, 9, 1),(20, 13, 1),(20, 14, 1),(20, 17, 1),(20, 18, 1),(20, 19, 1),(20, 20, 1),(20, 21, 1),(20, 22, 1),(20, 23, 1),(20, 24, 1),(20, 25, 1),(20, 27, 1),(20, 29, 1),(20, 15, 0),(21, 1, 1),(21, 3, 1),(21, 4, 1),(21, 5, 1),(21, 6, 1),(21, 7, 1),(21, 8, 1),(21, 9, 1),(21, 11, 1),(21, 13, 1),(21, 14, 1),(21, 15, 1),(21, 16, 1),(21, 17, 1),(21, 18, 1),(21, 19, 1),(21, 20, 1),(21, 21, 1),(21, 22, 1),(21, 23, 1),(21, 24, 1),(21, 25, 1),(21, 27, 1),(21, 29, 1),(21, 30, 1),(22, 1, 1),(22, 4, 1),(22, 7, 1),(22, 8, 1),(22, 9, 1),(22, 13, 1),(22, 14, 1),(22, 15, 1),(22, 16, 1),(22, 17, 1),(22, 18, 1),(22, 19, 1),(22, 20, 1),(22, 21, 1),(22, 22, 1),(22, 23, 1),(22, 24, 1),(22, 25, 1),(22, 27, 1),(22, 29, 1),(23, 96, 0),(23, 97, 0),(23, 114, 0),(24, 15, 0);

# Table: phpbb_acl_users
DROP TABLE IF EXISTS phpbb_acl_users;
CREATE TABLE `phpbb_acl_users` (
  `user_id` mediumint(8) unsigned NOT NULL default '0',
  `forum_id` mediumint(8) unsigned NOT NULL default '0',
  `auth_option_id` mediumint(8) unsigned NOT NULL default '0',
  `auth_role_id` mediumint(8) unsigned NOT NULL default '0',
  `auth_setting` tinyint(2) NOT NULL default '0',
  KEY `user_id` (`user_id`),
  KEY `auth_option_id` (`auth_option_id`),
  KEY `auth_role_id` (`auth_role_id`)
) ENGINE=MyISAM DEFAULT CHARSET=utf8 COLLATE=utf8_bin;

INSERT INTO phpbb_acl_users (user_id, forum_id, auth_option_id, auth_role_id, auth_setting) VALUES (2, 0, 0, 5, 0);

# Table: phpbb_attachments
DROP TABLE IF EXISTS phpbb_attachments;
CREATE TABLE `phpbb_attachments` (
  `attach_id` mediumint(8) unsigned NOT NULL auto_increment,
  `post_msg_id` mediumint(8) unsigned NOT NULL default '0',
  `topic_id` mediumint(8) unsigned NOT NULL default '0',
  `in_message` tinyint(1) unsigned NOT NULL default '0',
  `poster_id` mediumint(8) unsigned NOT NULL default '0',
  `is_orphan` tinyint(1) unsigned NOT NULL default '1',
  `physical_filename` varchar(255) collate utf8_bin NOT NULL default '',
  `real_filename` varchar(255) collate utf8_bin NOT NULL default '',
  `download_count` mediumint(8) unsigned NOT NULL default '0',
  `attach_comment` text collate utf8_bin NOT NULL,
  `extension` varchar(100) collate utf8_bin NOT NULL default '',
  `mimetype` varchar(100) collate utf8_bin NOT NULL default '',
  `filesize` int(20) unsigned NOT NULL default '0',
  `filetime` int(11) unsigned NOT NULL default '0',
  `thumbnail` tinyint(1) unsigned NOT NULL default '0',
  PRIMARY KEY  (`attach_id`),
  KEY `filetime` (`filetime`),
  KEY `post_msg_id` (`post_msg_id`),
  KEY `topic_id` (`topic_id`),
  KEY `poster_id` (`poster_id`),
  KEY `is_orphan` (`is_orphan`)
) ENGINE=MyISAM DEFAULT CHARSET=utf8 COLLATE=utf8_bin;

# Table: phpbb_banlist
DROP TABLE IF EXISTS phpbb_banlist;
CREATE TABLE `phpbb_banlist` (
  `ban_id` mediumint(8) unsigned NOT NULL auto_increment,
  `ban_userid` mediumint(8) unsigned NOT NULL default '0',
  `ban_ip` varchar(40) collate utf8_bin NOT NULL default '',
  `ban_email` varchar(100) collate utf8_bin NOT NULL default '',
  `ban_start` int(11) unsigned NOT NULL default '0',
  `ban_end` int(11) unsigned NOT NULL default '0',
  `ban_exclude` tinyint(1) unsigned NOT NULL default '0',
  `ban_reason` varchar(255) collate utf8_bin NOT NULL default '',
  `ban_give_reason` varchar(255) collate utf8_bin NOT NULL default '',
  PRIMARY KEY  (`ban_id`),
  KEY `ban_end` (`ban_end`),
  KEY `ban_user` (`ban_userid`,`ban_exclude`),
  KEY `ban_email` (`ban_email`,`ban_exclude`),
  KEY `ban_ip` (`ban_ip`,`ban_exclude`)
) ENGINE=MyISAM DEFAULT CHARSET=utf8 COLLATE=utf8_bin;

# Table: phpbb_bbcodes
DROP TABLE IF EXISTS phpbb_bbcodes;
CREATE TABLE `phpbb_bbcodes` (
  `bbcode_id` smallint(4) unsigned NOT NULL default '0',
  `bbcode_tag` varchar(16) collate utf8_bin NOT NULL default '',
  `bbcode_helpline` varchar(255) collate utf8_bin NOT NULL default '',
  `display_on_posting` tinyint(1) unsigned NOT NULL default '0',
  `bbcode_match` text collate utf8_bin NOT NULL,
  `bbcode_tpl` mediumtext collate utf8_bin NOT NULL,
  `first_pass_match` mediumtext collate utf8_bin NOT NULL,
  `first_pass_replace` mediumtext collate utf8_bin NOT NULL,
  `second_pass_match` mediumtext collate utf8_bin NOT NULL,
  `second_pass_replace` mediumtext collate utf8_bin NOT NULL,
  PRIMARY KEY  (`bbcode_id`),
  KEY `display_on_post` (`display_on_posting`)
) ENGINE=MyISAM DEFAULT CHARSET=utf8 COLLATE=utf8_bin;

# Table: phpbb_bookmarks
DROP TABLE IF EXISTS phpbb_bookmarks;
CREATE TABLE `phpbb_bookmarks` (
  `topic_id` mediumint(8) unsigned NOT NULL default '0',
  `user_id` mediumint(8) unsigned NOT NULL default '0',
  PRIMARY KEY  (`topic_id`,`user_id`)
) ENGINE=MyISAM DEFAULT CHARSET=utf8 COLLATE=utf8_bin;

# Table: phpbb_bots
DROP TABLE IF EXISTS phpbb_bots;
CREATE TABLE `phpbb_bots` (
  `bot_id` mediumint(8) unsigned NOT NULL auto_increment,
  `bot_active` tinyint(1) unsigned NOT NULL default '1',
  `bot_name` varchar(255) collate utf8_bin NOT NULL default '',
  `user_id` mediumint(8) unsigned NOT NULL default '0',
  `bot_agent` varchar(255) collate utf8_bin NOT NULL default '',
  `bot_ip` varchar(255) collate utf8_bin NOT NULL default '',
  PRIMARY KEY  (`bot_id`),
  KEY `bot_active` (`bot_active`)
) ENGINE=MyISAM AUTO_INCREMENT=52 DEFAULT CHARSET=utf8 COLLATE=utf8_bin;

INSERT INTO phpbb_bots (bot_id, bot_active, bot_name, user_id, bot_agent, bot_ip) VALUES (1, 1, 'AdsBot [Google]', 3, 'AdsBot-Google', ''),(2, 1, 'Alexa [Bot]', 4, 'ia_archiver', ''),(3, 1, 'Alta Vista [Bot]', 5, 'Scooter/', ''),(4, 1, 'Ask Jeeves [Bot]', 6, 'Ask Jeeves', ''),(5, 1, 'Baidu [Spider]', 7, 'Baiduspider+(', ''),(6, 1, 'Bing [Bot]', 8, 'bingbot/', ''),(7, 1, 'Exabot [Bot]', 9, 'Exabot/', ''),(8, 1, 'FAST Enterprise [Crawler]', 10, 'FAST Enterprise Crawler', ''),(9, 1, 'FAST WebCrawler [Crawler]', 11, 'FAST-WebCrawler/', ''),(10, 1, 'Francis [Bot]', 12, 'http://www.neomo.de/', ''),(11, 1, 'Gigabot [Bot]', 13, 'Gigabot/', ''),(12, 1, 'Google Adsense [Bot]', 14, 'Mediapartners-Google', ''),(13, 1, 'Google Desktop', 15, 'Google Desktop', ''),(14, 1, 'Google Feedfetcher', 16, 'Feedfetcher-Google', ''),(15, 1, 'Google [Bot]', 17, 'Googlebot', ''),(16, 1, 'Heise IT-Markt [Crawler]', 18, 'heise-IT-Markt-Crawler', ''),(17, 1, 'Heritrix [Crawler]', 19, 'heritrix/1.', ''),(18, 1, 'IBM Research [Bot]', 20, 'ibm.com/cs/crawler', ''),(19, 1, 'ICCrawler - ICjobs', 21, 'ICCrawler - ICjobs', ''),(20, 1, 'ichiro [Crawler]', 22, 'ichiro/', ''),(21, 1, 'Majestic-12 [Bot]', 23, 'MJ12bot/', ''),(22, 1, 'Metager [Bot]', 24, 'MetagerBot/', ''),(23, 1, 'MSN NewsBlogs', 25, 'msnbot-NewsBlogs/', ''),(24, 1, 'MSN [Bot]', 26, 'msnbot/', ''),(25, 1, 'MSNbot Media', 27, 'msnbot-media/', ''),(26, 1, 'NG-Search [Bot]', 28, 'NG-Search/', ''),(27, 1, 'Nutch [Bot]', 29, 'http://lucene.apache.org/nutch/', ''),(28, 1, 'Nutch/CVS [Bot]', 30, 'NutchCVS/', ''),(29, 1, 'OmniExplorer [Bot]', 31, 'OmniExplorer_Bot/', ''),(30, 1, 'Online link [Validator]', 32, 'online link validator', ''),(31, 1, 'psbot [Picsearch]', 33, 'psbot/0', ''),(32, 1, 'Seekport [Bot]', 34, 'Seekbot/', ''),(33, 1, 'Sensis [Crawler]', 35, 'Sensis Web Crawler', ''),(34, 1, 'SEO Crawler', 36, 'SEO search Crawler/', ''),(35, 1, 'Seoma [Crawler]', 37, 'Seoma [SEO Crawler]', ''),(36, 1, 'SEOSearch [Crawler]', 38, 'SEOsearch/', ''),(37, 1, 'Snappy [Bot]', 39, 'Snappy/1.1 ( http://www.urltrends.com/ )', ''),(38, 1, 'Steeler [Crawler]', 40, 'http://www.tkl.iis.u-tokyo.ac.jp/~crawler/', ''),(39, 1, 'Synoo [Bot]', 41, 'SynooBot/', ''),(40, 1, 'Telekom [Bot]', 42, 'crawleradmin.t-info@telekom.de', ''),(41, 1, 'TurnitinBot [Bot]', 43, 'TurnitinBot/', ''),(42, 1, 'Voyager [Bot]', 44, 'voyager/1.0', ''),(43, 1, 'W3 [Sitesearch]', 45, 'W3 SiteSearch Crawler', ''),(44, 1, 'W3C [Linkcheck]', 46, 'W3C-checklink/', ''),(45, 1, 'W3C [Validator]', 47, 'W3C_*Validator', ''),(46, 1, 'WiseNut [Bot]', 48, 'http://www.WISEnutbot.com', ''),(47, 1, 'YaCy [Bot]', 49, 'yacybot', ''),(48, 1, 'Yahoo MMCrawler [Bot]', 50, 'Yahoo-MMCrawler/', ''),(49, 1, 'Yahoo Slurp [Bot]', 51, 'Yahoo! DE Slurp', ''),(50, 1, 'Yahoo [Bot]', 52, 'Yahoo! Slurp', ''),(51, 1, 'YahooSeeker [Bot]', 53, 'YahooSeeker/', '');

# Table: phpbb_config
DROP TABLE IF EXISTS phpbb_config;
CREATE TABLE `phpbb_config` (
  `config_name` varchar(255) collate utf8_bin NOT NULL default '',
  `config_value` varchar(255) collate utf8_bin NOT NULL default '',
  `is_dynamic` tinyint(1) unsigned NOT NULL default '0',
  PRIMARY KEY  (`config_name`),
  KEY `is_dynamic` (`is_dynamic`)
) ENGINE=MyISAM DEFAULT CHARSET=utf8 COLLATE=utf8_bin;

INSERT INTO phpbb_config (config_name, config_value, is_dynamic) VALUES ('active_sessions', '0', 0),('allow_attachments', '1', 0),('allow_autologin', '1', 0),('allow_avatar', '1', 0),('allow_avatar_local', '0', 0),('allow_avatar_remote', '1', 0),('allow_avatar_upload', '1', 0),('allow_avatar_remote_upload', '1', 0),('allow_bbcode', '1', 0),('allow_birthdays', '1', 0),('allow_bookmarks', '1', 0),('allow_emailreuse', '0', 0),('allow_forum_notify', '1', 0),('allow_mass_pm', '1', 0),('allow_name_chars', 'USERNAME_LETTER_NUM_SPACERS', 0),('allow_namechange', '0', 0),('allow_nocensors', '0', 0),('allow_pm_attach', '0', 0),('allow_pm_report', '1', 0),('allow_post_flash', '1', 0),('allow_post_links', '1', 0),('allow_privmsg', '1', 0),('allow_quick_reply', '1', 0),('allow_sig', '1', 0),('allow_sig_bbcode', '1', 0),('allow_sig_flash', '0', 0),('allow_sig_img', '1', 0),('allow_sig_links', '1', 0),('allow_sig_pm', '1', 0),('allow_sig_smilies', '1', 0),('allow_smilies', '1', 0),('allow_topic_notify', '1', 0),('attachment_quota', '52428800', 0),('auth_bbcode_pm', '1', 0),('auth_flash_pm', '0', 0),('auth_img_pm', '1', 0),('auth_method', 'db', 0),('auth_smilies_pm', '1', 0),('avatar_filesize', '10485760', 0),('avatar_gallery_path', 'images/avatars/gallery', 0),('avatar_max_height', '120', 0),('avatar_max_width', '120', 0),('avatar_min_height', '20', 0),('avatar_min_width', '20', 0),('avatar_path', 'images/avatars/upload', 0),('avatar_salt', '95dabcee14d99a627066f3eecccbd0e3', 0),('board_contact', 'neekasa@gmail.com', 0),('board_disable', '0', 0),('board_disable_msg', '', 0),('board_dst', '0', 0),('board_email', 'neekasa@gmail.com', 0),('board_email_form', '0', 0),('board_email_sig', 'Thanks, The Management', 0),('board_hide_emails', '1', 0),('board_timezone', '0', 0),('browser_check', '1', 0),('bump_interval', '10', 0),('bump_type', 'd', 0),('cache_gc', '7200', 0),('captcha_plugin', 'phpbb_recaptcha', 0),('captcha_gd', '1', 0),('captcha_gd_foreground_noise', '0', 0),('captcha_gd_x_grid', '25', 0),('captcha_gd_y_grid', '25', 0),('captcha_gd_wave', '0', 0),('captcha_gd_3d_noise', '1', 0),('captcha_gd_fonts', '1', 0),('confirm_refresh', '1', 0),('check_attachment_content', '1', 0),('check_dnsbl', '0', 0),('chg_passforce', '0', 0),('cookie_domain', 'neekasa.com', 0),('cookie_name', 'phpbb3_gazoo', 0),('cookie_path', '/', 0),('cookie_secure', '0', 0),('coppa_enable', '0', 0),('coppa_fax', '', 0),('coppa_mail', '', 0),('database_gc', '604800', 0),('dbms_version', '5.0.96-log', 0),('default_dateformat', 'D M d, Y g:i a', 0),('default_style', '5', 0),('display_last_edited', '1', 0),('display_order', '0', 0),('edit_time', '0', 0),('delete_time', '0', 0),('email_check_mx', '1', 0),('email_enable', '1', 0),('email_function_name', 'mail', 0),('email_max_chunk_size', '50', 0),('email_package_size', '20', 0),('enable_confirm', '1', 0),('enable_pm_icons', '1', 0),('enable_post_confirm', '1', 0),('feed_enable', '0', 0),('feed_http_auth', '0', 0),('feed_limit_post', '15', 0),('feed_limit_topic', '10', 0),('feed_overall_forums', '0', 0),('feed_overall', '0', 0),('feed_forum', '0', 0),('feed_topic', '0', 0),('feed_topics_new', '0', 0),('feed_topics_active', '0', 0),('feed_item_statistics', '1', 0),('flood_interval', '15', 0),('force_server_vars', '0', 0),('form_token_lifetime', '7200', 0),('form_token_mintime', '0', 0),('form_token_sid_guests', '1', 0),('forward_pm', '1', 0),('forwarded_for_check', '0', 0),('full_folder_action', '2', 0),('fulltext_mysql_max_word_len', '254', 0),('fulltext_mysql_min_word_len', '4', 0),('fulltext_native_common_thres', '5', 0),('fulltext_native_load_upd', '1', 0),('fulltext_native_max_chars', '14', 0),('fulltext_native_min_chars', '3', 0),('gzip_compress', '1', 0),('hot_threshold', '25', 0),('icons_path', 'images/icons', 0),('img_create_thumbnail', '1', 0),('img_display_inlined', '1', 0),('img_imagick', '/usr/bin/', 0),('img_link_height', '0', 0),('img_link_width', '0', 0),('img_max_height', '0', 0),('img_max_thumb_width', '400', 0),('img_max_width', '0', 0),('img_min_thumb_filesize', '12000', 0),('ip_check', '2', 0),('ip_login_limit_max', '50', 0),('ip_login_limit_time', '21600', 0),('ip_login_limit_use_forwarded', '0', 0),('jab_enable', '0', 0),('jab_host', '', 0),('jab_password', '', 0),('jab_package_size', '20', 0),('jab_port', '5222', 0),('jab_use_ssl', '0', 0),('jab_username', '', 0),('ldap_base_dn', '', 0),('ldap_email', '', 0),('ldap_password', '', 0),('ldap_port', '', 0),('ldap_server', '', 0),('ldap_uid', '', 0),('ldap_user', '', 0),('ldap_user_filter', '', 0),('limit_load', '0', 0),('limit_search_load', '0', 0),('load_anon_lastread', '0', 0),('load_birthdays', '1', 0),('load_cpf_memberlist', '0', 0),('load_cpf_viewprofile', '1', 0),('load_cpf_viewtopic', '0', 0),('load_db_lastread', '1', 0),('load_db_track', '1', 0),('load_jumpbox', '1', 0),('load_moderators', '0', 0),('load_online', '1', 0),('load_online_guests', '1', 0),('load_online_time', '5', 0),('load_onlinetrack', '1', 0),('load_search', '1', 0),('load_tplcompile', '0', 0),('load_unreads_search', '1', 0),('load_user_activity', '1', 0),('max_attachments', '3', 0),('max_attachments_pm', '1', 0),('max_autologin_time', '31', 0),('max_filesize', '262144', 0),('max_filesize_pm', '262144', 0),('max_login_attempts', '3', 0),('max_name_chars', '20', 0),('max_num_search_keywords', '10', 0),('max_pass_chars', '100', 0),('max_poll_options', '10', 0),('max_post_chars', '60000', 0),('max_post_font_size', '200', 0),('max_post_img_height', '0', 0),('max_post_img_width', '0', 0),('max_post_smilies', '0', 0),('max_post_urls', '0', 0),('max_quote_depth', '3', 0),('max_reg_attempts', '5', 0),('max_sig_chars', '255', 0),('max_sig_font_size', '200', 0),('max_sig_img_height', '400', 0),('max_sig_img_width', '1000', 0),('max_sig_smilies', '10', 0),('max_sig_urls', '5', 0),('min_name_chars', '3', 0),('min_pass_chars', '6', 0),('min_post_chars', '1', 0),('min_search_author_chars', '3', 0),('mime_triggers', 'body|head|html|img|plaintext|a href|pre|script|table|title', 0),('new_member_post_limit', '3', 0),('new_member_group_default', '1', 0),('override_user_style', '1', 0),('pass_complex', 'PASS_TYPE_ALPHA', 0),('pm_edit_time', '0', 0),('pm_max_boxes', '4', 0),('pm_max_msgs', '50', 0),('pm_max_recipients', '0', 0),('posts_per_page', '10', 0),('print_pm', '1', 0),('queue_interval', '60', 0),('ranks_path', 'images/ranks', 0),('require_activation', '1', 0),('referer_validation', '1', 0),('script_path', '/crimson/forum', 0),('search_block_size', '250', 0),('search_gc', '7200', 0),('search_interval', '0', 0),('search_anonymous_interval', '0', 0),('search_type', 'fulltext_native', 0),('search_store_results', '1800', 0),('secure_allow_deny', '1', 0),('secure_allow_empty_referer', '1', 0),('secure_downloads', '0', 0),('server_name', 'www.neekasa.com', 0),('server_port', '80', 0),('server_protocol', 'http://', 0),('session_gc', '3600', 0),('session_length', '3600', 0),('site_desc', '', 0),('sitename', 'Crimson Crusade Alliance', 0),('smilies_path', 'images/smilies', 0),('smilies_per_page', '50', 0),('smtp_auth_method', 'PLAIN', 0),('smtp_delivery', '0', 0),('smtp_host', '', 0),('smtp_password', '', 0),('smtp_port', '25', 0),('smtp_username', '', 0),('topics_per_page', '25', 0),('tpl_allow_php', '1', 0),('upload_icons_path', 'images/upload_icons', 0),('upload_path', 'files', 0),('version', '3.0.11', 0),('warnings_expire_days', '90', 0),('warnings_gc', '14400', 0),('cache_last_gc', '1371746304', 1),('cron_lock', '0', 1),('database_last_gc', '1371559749', 1),('last_queue_run', '0', 1),('newest_user_colour', '33CC00', 1),('newest_user_id', '54', 1),('newest_username', 'Joe', 1),('num_files', '0', 1),('num_posts', '3', 1),('num_topics', '1', 1),('num_users', '2', 1),('rand_seed', '1d82a70414e128655714a0255184a2d7', 1),('rand_seed_last_update', '1372103288', 1),('record_online_date', '1371734651', 1),('record_online_users', '3', 1),('search_indexing_state', '', 1),('search_last_gc', '1371739883', 1),('session_last_gc', '1371744460', 1),('upload_dir_size', '0', 1),('warnings_last_gc', '1371746398', 1),('board_startdate', '1371559657', 0),('default_lang', 'en', 0),('questionnaire_unique_id', '6f88e30b856a182f', 0),('recaptcha_pubkey', '6Lc_G-MSAAAAAATF1w0buXNWaTbjw3mTRi7T3crK', 0),('recaptcha_privkey', '6Lc_G-MSAAAAAJa9IcG54k_CxGkGsSV9Wdoluo3k', 0);

# Table: phpbb_confirm
DROP TABLE IF EXISTS phpbb_confirm;
CREATE TABLE `phpbb_confirm` (
  `confirm_id` char(32) collate utf8_bin NOT NULL default '',
  `session_id` char(32) collate utf8_bin NOT NULL default '',
  `confirm_type` tinyint(3) NOT NULL default '0',
  `code` varchar(8) collate utf8_bin NOT NULL default '',
  `seed` int(10) unsigned NOT NULL default '0',
  `attempts` mediumint(8) unsigned NOT NULL default '0',
  PRIMARY KEY  (`session_id`,`confirm_id`),
  KEY `confirm_type` (`confirm_type`)
) ENGINE=MyISAM DEFAULT CHARSET=utf8 COLLATE=utf8_bin;

INSERT INTO phpbb_confirm (confirm_id, session_id, confirm_type, code, seed, attempts) VALUES ('7ab2d7f6c94a5e9285c425e1efc46d39', '27d2e481dcc55908edebe1ea33040157', 1, '2Y62SK', 1847664516, 0),('282be1e15cebbda54731e22cfc6249e4', '27d2e481dcc55908edebe1ea33040157', 1, '36CE', 986628664, 0),('f1dc94c25720db559d8015d8043528e2', '27d2e481dcc55908edebe1ea33040157', 1, '14UC49', 1321293488, 0),('f54dbd2caae1edbe2aa60737a747a906', 'd3faf76317eaf905704aeb08c8031ec2', 1, '7NEF1M', 588666903, 0),('78fd41cb90fe73e4612c3d2d18662075', 'dac66ad55c387c3de97a4ad87c335a28', 1, '52153', 599469292, 0);

# Table: phpbb_disallow
DROP TABLE IF EXISTS phpbb_disallow;
CREATE TABLE `phpbb_disallow` (
  `disallow_id` mediumint(8) unsigned NOT NULL auto_increment,
  `disallow_username` varchar(255) collate utf8_bin NOT NULL default '',
  PRIMARY KEY  (`disallow_id`)
) ENGINE=MyISAM DEFAULT CHARSET=utf8 COLLATE=utf8_bin;

# Table: phpbb_drafts
DROP TABLE IF EXISTS phpbb_drafts;
CREATE TABLE `phpbb_drafts` (
  `draft_id` mediumint(8) unsigned NOT NULL auto_increment,
  `user_id` mediumint(8) unsigned NOT NULL default '0',
  `topic_id` mediumint(8) unsigned NOT NULL default '0',
  `forum_id` mediumint(8) unsigned NOT NULL default '0',
  `save_time` int(11) unsigned NOT NULL default '0',
  `draft_subject` varchar(255) collate utf8_bin NOT NULL default '',
  `draft_message` mediumtext collate utf8_bin NOT NULL,
  PRIMARY KEY  (`draft_id`),
  KEY `save_time` (`save_time`)
) ENGINE=MyISAM DEFAULT CHARSET=utf8 COLLATE=utf8_bin;

# Table: phpbb_extension_groups
DROP TABLE IF EXISTS phpbb_extension_groups;
CREATE TABLE `phpbb_extension_groups` (
  `group_id` mediumint(8) unsigned NOT NULL auto_increment,
  `group_name` varchar(255) collate utf8_bin NOT NULL default '',
  `cat_id` tinyint(2) NOT NULL default '0',
  `allow_group` tinyint(1) unsigned NOT NULL default '0',
  `download_mode` tinyint(1) unsigned NOT NULL default '1',
  `upload_icon` varchar(255) collate utf8_bin NOT NULL default '',
  `max_filesize` int(20) unsigned NOT NULL default '0',
  `allowed_forums` text collate utf8_bin NOT NULL,
  `allow_in_pm` tinyint(1) unsigned NOT NULL default '0',
  PRIMARY KEY  (`group_id`)
) ENGINE=MyISAM AUTO_INCREMENT=10 DEFAULT CHARSET=utf8 COLLATE=utf8_bin;

INSERT INTO phpbb_extension_groups (group_id, group_name, cat_id, allow_group, download_mode, upload_icon, max_filesize, allowed_forums, allow_in_pm) VALUES (1, 'IMAGES', 1, 1, 1, '', 0, '', 0),(2, 'ARCHIVES', 0, 1, 1, '', 0, '', 0),(3, 'PLAIN_TEXT', 0, 0, 1, '', 0, '', 0),(4, 'DOCUMENTS', 0, 0, 1, '', 0, '', 0),(5, 'REAL_MEDIA', 3, 0, 1, '', 0, '', 0),(6, 'WINDOWS_MEDIA', 2, 0, 1, '', 0, '', 0),(7, 'FLASH_FILES', 5, 0, 1, '', 0, '', 0),(8, 'QUICKTIME_MEDIA', 6, 0, 1, '', 0, '', 0),(9, 'DOWNLOADABLE_FILES', 0, 0, 1, '', 0, '', 0);

# Table: phpbb_extensions
DROP TABLE IF EXISTS phpbb_extensions;
CREATE TABLE `phpbb_extensions` (
  `extension_id` mediumint(8) unsigned NOT NULL auto_increment,
  `group_id` mediumint(8) unsigned NOT NULL default '0',
  `extension` varchar(100) collate utf8_bin NOT NULL default '',
  PRIMARY KEY  (`extension_id`)
) ENGINE=MyISAM AUTO_INCREMENT=67 DEFAULT CHARSET=utf8 COLLATE=utf8_bin;

INSERT INTO phpbb_extensions (extension_id, group_id, extension) VALUES (1, 1, 'gif'),(2, 1, 'png'),(3, 1, 'jpeg'),(4, 1, 'jpg'),(5, 1, 'tif'),(6, 1, 'tiff'),(7, 1, 'tga'),(8, 2, 'gtar'),(9, 2, 'gz'),(10, 2, 'tar'),(11, 2, 'zip'),(12, 2, 'rar'),(13, 2, 'ace'),(14, 2, 'torrent'),(15, 2, 'tgz'),(16, 2, 'bz2'),(17, 2, '7z'),(18, 3, 'txt'),(19, 3, 'c'),(20, 3, 'h'),(21, 3, 'cpp'),(22, 3, 'hpp'),(23, 3, 'diz'),(24, 3, 'csv'),(25, 3, 'ini'),(26, 3, 'log'),(27, 3, 'js'),(28, 3, 'xml'),(29, 4, 'xls'),(30, 4, 'xlsx'),(31, 4, 'xlsm'),(32, 4, 'xlsb'),(33, 4, 'doc'),(34, 4, 'docx'),(35, 4, 'docm'),(36, 4, 'dot'),(37, 4, 'dotx'),(38, 4, 'dotm'),(39, 4, 'pdf'),(40, 4, 'ai'),(41, 4, 'ps'),(42, 4, 'ppt'),(43, 4, 'pptx'),(44, 4, 'pptm'),(45, 4, 'odg'),(46, 4, 'odp'),(47, 4, 'ods'),(48, 4, 'odt'),(49, 4, 'rtf'),(50, 5, 'rm'),(51, 5, 'ram'),(52, 6, 'wma'),(53, 6, 'wmv'),(54, 7, 'swf'),(55, 8, 'mov'),(56, 8, 'm4v'),(57, 8, 'm4a'),(58, 8, 'mp4'),(59, 8, '3gp'),(60, 8, '3g2'),(61, 8, 'qt'),(62, 9, 'mpeg'),(63, 9, 'mpg'),(64, 9, 'mp3'),(65, 9, 'ogg'),(66, 9, 'ogm');

# Table: phpbb_forums
DROP TABLE IF EXISTS phpbb_forums;
CREATE TABLE `phpbb_forums` (
  `forum_id` mediumint(8) unsigned NOT NULL auto_increment,
  `parent_id` mediumint(8) unsigned NOT NULL default '0',
  `left_id` mediumint(8) unsigned NOT NULL default '0',
  `right_id` mediumint(8) unsigned NOT NULL default '0',
  `forum_parents` mediumtext collate utf8_bin NOT NULL,
  `forum_name` varchar(255) collate utf8_bin NOT NULL default '',
  `forum_desc` text collate utf8_bin NOT NULL,
  `forum_desc_bitfield` varchar(255) collate utf8_bin NOT NULL default '',
  `forum_desc_options` int(11) unsigned NOT NULL default '7',
  `forum_desc_uid` varchar(8) collate utf8_bin NOT NULL default '',
  `forum_link` varchar(255) collate utf8_bin NOT NULL default '',
  `forum_password` varchar(40) collate utf8_bin NOT NULL default '',
  `forum_style` mediumint(8) unsigned NOT NULL default '0',
  `forum_image` varchar(255) collate utf8_bin NOT NULL default '',
  `forum_rules` text collate utf8_bin NOT NULL,
  `forum_rules_link` varchar(255) collate utf8_bin NOT NULL default '',
  `forum_rules_bitfield` varchar(255) collate utf8_bin NOT NULL default '',
  `forum_rules_options` int(11) unsigned NOT NULL default '7',
  `forum_rules_uid` varchar(8) collate utf8_bin NOT NULL default '',
  `forum_topics_per_page` tinyint(4) NOT NULL default '0',
  `forum_type` tinyint(4) NOT NULL default '0',
  `forum_status` tinyint(4) NOT NULL default '0',
  `forum_posts` mediumint(8) unsigned NOT NULL default '0',
  `forum_topics` mediumint(8) unsigned NOT NULL default '0',
  `forum_topics_real` mediumint(8) unsigned NOT NULL default '0',
  `forum_last_post_id` mediumint(8) unsigned NOT NULL default '0',
  `forum_last_poster_id` mediumint(8) unsigned NOT NULL default '0',
  `forum_last_post_subject` varchar(255) collate utf8_bin NOT NULL default '',
  `forum_last_post_time` int(11) unsigned NOT NULL default '0',
  `forum_last_poster_name` varchar(255) collate utf8_bin NOT NULL default '',
  `forum_last_poster_colour` varchar(6) collate utf8_bin NOT NULL default '',
  `forum_flags` tinyint(4) NOT NULL default '32',
  `forum_options` int(20) unsigned NOT NULL default '0',
  `display_subforum_list` tinyint(1) unsigned NOT NULL default '1',
  `display_on_index` tinyint(1) unsigned NOT NULL default '1',
  `enable_indexing` tinyint(1) unsigned NOT NULL default '1',
  `enable_icons` tinyint(1) unsigned NOT NULL default '1',
  `enable_prune` tinyint(1) unsigned NOT NULL default '0',
  `prune_next` int(11) unsigned NOT NULL default '0',
  `prune_days` mediumint(8) unsigned NOT NULL default '0',
  `prune_viewed` mediumint(8) unsigned NOT NULL default '0',
  `prune_freq` mediumint(8) unsigned NOT NULL default '0',
  PRIMARY KEY  (`forum_id`),
  KEY `left_right_id` (`left_id`,`right_id`),
  KEY `forum_lastpost_id` (`forum_last_post_id`)
) ENGINE=MyISAM AUTO_INCREMENT=24 DEFAULT CHARSET=utf8 COLLATE=utf8_bin;

INSERT INTO phpbb_forums (forum_id, parent_id, left_id, right_id, forum_parents, forum_name, forum_desc, forum_desc_bitfield, forum_desc_options, forum_desc_uid, forum_link, forum_password, forum_style, forum_image, forum_rules, forum_rules_link, forum_rules_bitfield, forum_rules_options, forum_rules_uid, forum_topics_per_page, forum_type, forum_status, forum_posts, forum_topics, forum_topics_real, forum_last_post_id, forum_last_poster_id, forum_last_post_subject, forum_last_post_time, forum_last_poster_name, forum_last_poster_colour, forum_flags, forum_options, display_subforum_list, display_on_index, enable_indexing, enable_icons, enable_prune, prune_next, prune_days, prune_viewed, prune_freq) VALUES (5, 0, 7, 32, '', 'Rift Discussion', '', '', 7, '', '', '', 0, '', '', '', '', 7, '', 0, 0, 0, 0, 0, 0, 0, 0, '', 0, '', '', 32, 0, 1, 0, 1, 0, 0, 0, 7, 7, 1),(3, 0, 1, 6, '', 'General Discussion', '', '', 7, '', '', '', 0, '', '', '', '', 7, '', 0, 0, 0, 0, 0, 0, 0, 0, '', 0, '', '', 32, 0, 1, 0, 1, 0, 0, 0, 7, 7, 1),(4, 3, 4, 5, 'a:1:{i:3;a:2:{i:0;s:18:\"General Discussion\";i:1;i:0;}}', 'General Discussion', 'Talk about anything and everything!', '', 7, '', '', '', 0, '', '', '', '', 7, '', 0, 1, 0, 0, 0, 0, 0, 0, '', 0, '', '', 48, 0, 1, 0, 1, 0, 0, 0, 7, 7, 1),(6, 5, 8, 29, '', 'Classes of Telara', 'Talk about the Classes of Telara!', '', 7, '', '', '', 0, '', '', '', '', 7, '', 0, 0, 0, 0, 0, 0, 0, 0, '', 0, '', '', 32, 0, 1, 0, 1, 0, 0, 0, 7, 7, 1),(7, 6, 9, 18, '', 'Class Discussion', '', '', 7, '', '', '', 0, '', '', '', '', 7, '', 0, 0, 0, 0, 0, 0, 0, 0, '', 0, '', '', 32, 0, 1, 0, 1, 0, 0, 0, 7, 7, 1),(8, 7, 10, 11, '', 'Warrior', '', '', 7, '', '', '', 0, '', '', '', '', 7, '', 0, 1, 0, 0, 0, 0, 0, 0, '', 0, '', '', 48, 0, 1, 0, 1, 0, 0, 0, 7, 7, 1),(9, 7, 12, 13, '', 'Rogue', '', '', 7, '', '', '', 0, '', '', '', '', 7, '', 0, 1, 0, 0, 0, 0, 0, 0, '', 0, '', '', 48, 0, 1, 0, 1, 0, 0, 0, 7, 7, 1),(10, 7, 14, 15, '', 'Mage', '', '', 7, '', '', '', 0, '', '', '', '', 7, '', 0, 1, 0, 0, 0, 0, 0, 0, '', 0, '', '', 48, 0, 1, 0, 1, 0, 0, 0, 7, 7, 1),(11, 7, 16, 17, '', 'Cleric', '', '', 7, '', '', '', 0, '', '', '', '', 7, '', 0, 1, 0, 0, 0, 0, 0, 0, '', 0, '', '', 48, 0, 1, 0, 1, 0, 0, 0, 7, 7, 1),(12, 6, 19, 28, '', 'Class Guides', '', '', 7, '', '', '', 0, '', '', '', '', 7, '', 0, 0, 0, 0, 0, 0, 0, 0, '', 0, '', '', 32, 0, 1, 0, 1, 0, 0, 0, 7, 7, 1),(13, 12, 20, 21, '', 'Warrior', '', '', 7, '', '', '', 0, '', '', '', '', 7, '', 0, 1, 0, 0, 0, 0, 0, 0, '', 0, '', '', 48, 0, 1, 0, 1, 0, 0, 0, 7, 7, 1),(14, 12, 22, 23, '', 'Rogue', '', '', 7, '', '', '', 0, '', '', '', '', 7, '', 0, 1, 0, 0, 0, 0, 0, 0, '', 0, '', '', 48, 0, 1, 0, 1, 0, 0, 0, 7, 7, 1),(15, 12, 24, 25, '', 'Mage', '', '', 7, '', '', '', 0, '', '', '', '', 7, '', 0, 1, 0, 0, 0, 0, 0, 0, '', 0, '', '', 48, 0, 1, 0, 1, 0, 0, 0, 7, 7, 1),(16, 12, 26, 27, '', 'Cleric', '', '', 7, '', '', '', 0, '', '', '', '', 7, '', 0, 1, 0, 0, 0, 0, 0, 0, '', 0, '', '', 48, 0, 1, 0, 1, 0, 0, 0, 7, 7, 1),(17, 5, 30, 31, '', 'Crafting', 'Talk about the Tradeskills of Telara!', '', 7, '', '', '', 0, '', '', '', '', 7, '', 0, 1, 0, 0, 0, 0, 0, 0, '', 0, '', '', 48, 0, 1, 0, 1, 0, 0, 0, 7, 7, 1),(18, 0, 33, 38, '', 'Members Discussion', '', '', 7, '', '', '', 0, '', '', '', '', 7, '', 0, 0, 0, 0, 0, 0, 0, 0, '', 0, '', '', 32, 0, 1, 0, 1, 0, 0, 0, 7, 7, 1),(19, 18, 36, 37, '', 'General Discussion', 'Talk about all things.. so long as you are a member!', '', 7, '', '', '', 0, '', '', '', '', 7, '', 0, 1, 0, 0, 0, 0, 0, 0, '', 0, '', '', 48, 0, 1, 0, 1, 0, 0, 0, 7, 7, 1),(20, 18, 34, 35, '', 'Member Announcements', 'Important member announcements!', '', 7, '', '', '', 0, '', '', '', '', 7, '', 0, 1, 0, 0, 0, 0, 0, 0, '', 0, '', '', 48, 0, 1, 0, 1, 0, 0, 0, 7, 7, 1),(21, 3, 2, 3, 'a:1:{i:3;a:2:{i:0;s:18:\"General Discussion\";i:1;i:0;}}', 'General Announcements', 'General announcements for the community!', '', 7, '', '', '', 0, '', '', '', '', 7, '', 0, 1, 0, 3, 1, 1, 4, 54, 'Re: Welcome to the new CCA Forums!', 1371749905, 'Joe', '33CC00', 48, 0, 1, 0, 1, 0, 0, 0, 7, 7, 1),(22, 0, 39, 42, '', 'Leadership Discussion', '', '', 7, '', '', '', 0, '', '', '', '', 7, '', 0, 0, 0, 0, 0, 0, 0, 0, '', 0, '', '', 32, 0, 1, 0, 1, 0, 0, 0, 7, 7, 1),(23, 22, 40, 41, '', 'General Discussion', 'Discussion for the leadership of the alliance!', '', 7, '', '', '', 0, '', '', '', '', 7, '', 0, 1, 0, 0, 0, 0, 0, 0, '', 0, '', '', 48, 0, 1, 0, 1, 0, 0, 0, 7, 7, 1);

# Table: phpbb_forums_access
DROP TABLE IF EXISTS phpbb_forums_access;
CREATE TABLE `phpbb_forums_access` (
  `forum_id` mediumint(8) unsigned NOT NULL default '0',
  `user_id` mediumint(8) unsigned NOT NULL default '0',
  `session_id` char(32) collate utf8_bin NOT NULL default '',
  PRIMARY KEY  (`forum_id`,`user_id`,`session_id`)
) ENGINE=MyISAM DEFAULT CHARSET=utf8 COLLATE=utf8_bin;

# Table: phpbb_forums_track
DROP TABLE IF EXISTS phpbb_forums_track;
CREATE TABLE `phpbb_forums_track` (
  `user_id` mediumint(8) unsigned NOT NULL default '0',
  `forum_id` mediumint(8) unsigned NOT NULL default '0',
  `mark_time` int(11) unsigned NOT NULL default '0',
  PRIMARY KEY  (`user_id`,`forum_id`)
) ENGINE=MyISAM DEFAULT CHARSET=utf8 COLLATE=utf8_bin;

INSERT INTO phpbb_forums_track (user_id, forum_id, mark_time) VALUES (2, 21, 1371749996),(54, 21, 1371749905);

# Table: phpbb_forums_watch
DROP TABLE IF EXISTS phpbb_forums_watch;
CREATE TABLE `phpbb_forums_watch` (
  `forum_id` mediumint(8) unsigned NOT NULL default '0',
  `user_id` mediumint(8) unsigned NOT NULL default '0',
  `notify_status` tinyint(1) unsigned NOT NULL default '0',
  KEY `forum_id` (`forum_id`),
  KEY `user_id` (`user_id`),
  KEY `notify_stat` (`notify_status`)
) ENGINE=MyISAM DEFAULT CHARSET=utf8 COLLATE=utf8_bin;

# Table: phpbb_groups
DROP TABLE IF EXISTS phpbb_groups;
CREATE TABLE `phpbb_groups` (
  `group_id` mediumint(8) unsigned NOT NULL auto_increment,
  `group_type` tinyint(4) NOT NULL default '1',
  `group_founder_manage` tinyint(1) unsigned NOT NULL default '0',
  `group_skip_auth` tinyint(1) unsigned NOT NULL default '0',
  `group_name` varchar(255) collate utf8_bin NOT NULL default '',
  `group_desc` text collate utf8_bin NOT NULL,
  `group_desc_bitfield` varchar(255) collate utf8_bin NOT NULL default '',
  `group_desc_options` int(11) unsigned NOT NULL default '7',
  `group_desc_uid` varchar(8) collate utf8_bin NOT NULL default '',
  `group_display` tinyint(1) unsigned NOT NULL default '0',
  `group_avatar` varchar(255) collate utf8_bin NOT NULL default '',
  `group_avatar_type` tinyint(2) NOT NULL default '0',
  `group_avatar_width` smallint(4) unsigned NOT NULL default '0',
  `group_avatar_height` smallint(4) unsigned NOT NULL default '0',
  `group_rank` mediumint(8) unsigned NOT NULL default '0',
  `group_colour` varchar(6) collate utf8_bin NOT NULL default '',
  `group_sig_chars` mediumint(8) unsigned NOT NULL default '0',
  `group_receive_pm` tinyint(1) unsigned NOT NULL default '0',
  `group_message_limit` mediumint(8) unsigned NOT NULL default '0',
  `group_max_recipients` mediumint(8) unsigned NOT NULL default '0',
  `group_legend` tinyint(1) unsigned NOT NULL default '1',
  PRIMARY KEY  (`group_id`),
  KEY `group_legend_name` (`group_legend`,`group_name`)
) ENGINE=MyISAM AUTO_INCREMENT=15 DEFAULT CHARSET=utf8 COLLATE=utf8_bin;

INSERT INTO phpbb_groups (group_id, group_type, group_founder_manage, group_skip_auth, group_name, group_desc, group_desc_bitfield, group_desc_options, group_desc_uid, group_display, group_avatar, group_avatar_type, group_avatar_width, group_avatar_height, group_rank, group_colour, group_sig_chars, group_receive_pm, group_message_limit, group_max_recipients, group_legend) VALUES (1, 3, 0, 0, 'GUESTS', '', '', 7, '', 0, '', 0, 0, 0, 0, '', 0, 0, 0, 5, 0),(2, 3, 0, 0, 'REGISTERED', '', '', 7, '', 0, '', 0, 0, 0, 0, '', 0, 0, 0, 5, 0),(3, 3, 0, 0, 'REGISTERED_COPPA', '', '', 7, '', 0, '', 0, 0, 0, 0, '', 0, 0, 0, 5, 0),(4, 3, 0, 0, 'GLOBAL_MODERATORS', '', '', 7, '', 0, '', 0, 0, 0, 0, '00AA00', 0, 0, 0, 0, 1),(5, 3, 1, 0, 'ADMINISTRATORS', '', '', 7, '', 0, '', 0, 0, 0, 0, 'AA0000', 0, 0, 0, 0, 0),(6, 3, 0, 0, 'BOTS', '', '', 7, '', 0, '', 0, 0, 0, 0, '9E8DA7', 0, 0, 0, 5, 0),(7, 3, 0, 0, 'NEWLY_REGISTERED', '', '', 7, '', 0, '', 0, 0, 0, 0, '', 0, 0, 0, 5, 0),(8, 0, 1, 0, 'Alliance Leader', '', '', 7, '', 0, '', 0, 0, 0, 2, '0066FF', 0, 1, 0, 0, 1),(9, 0, 0, 0, 'Alliance Officer', '', '', 7, '', 0, '', 0, 0, 0, 4, '00CCFF', 0, 1, 0, 0, 1),(10, 0, 0, 0, 'Alliance Member', '', '', 7, '', 0, '', 0, 0, 0, 5, '860111', 0, 1, 0, 0, 1),(11, 1, 0, 0, 'Elf', '', '', 7, '', 0, '', 0, 0, 0, 0, '33CC00', 0, 0, 0, 0, 1),(12, 0, 0, 0, 'Alliance Applicant', '', '', 7, '', 0, '', 0, 0, 0, 7, 'FF6633', 0, 1, 0, 0, 1),(13, 0, 0, 0, 'Event Manager', '', '', 7, '', 0, '', 0, 0, 0, 3, 'FFCC33', 0, 1, 0, 0, 1),(14, 0, 0, 0, 'Elfette', '', '', 7, '', 0, '', 0, 0, 0, 1, 'FF66FF', 0, 1, 0, 0, 1);

# Table: phpbb_icons
DROP TABLE IF EXISTS phpbb_icons;
CREATE TABLE `phpbb_icons` (
  `icons_id` mediumint(8) unsigned NOT NULL auto_increment,
  `icons_url` varchar(255) collate utf8_bin NOT NULL default '',
  `icons_width` tinyint(4) NOT NULL default '0',
  `icons_height` tinyint(4) NOT NULL default '0',
  `icons_order` mediumint(8) unsigned NOT NULL default '0',
  `display_on_posting` tinyint(1) unsigned NOT NULL default '1',
  PRIMARY KEY  (`icons_id`),
  KEY `display_on_posting` (`display_on_posting`)
) ENGINE=MyISAM AUTO_INCREMENT=11 DEFAULT CHARSET=utf8 COLLATE=utf8_bin;

INSERT INTO phpbb_icons (icons_id, icons_url, icons_width, icons_height, icons_order, display_on_posting) VALUES (1, 'misc/fire.gif', 16, 16, 1, 1),(2, 'smile/redface.gif', 16, 16, 9, 1),(3, 'smile/mrgreen.gif', 16, 16, 10, 1),(4, 'misc/heart.gif', 16, 16, 4, 1),(5, 'misc/star.gif', 16, 16, 2, 1),(6, 'misc/radioactive.gif', 16, 16, 3, 1),(7, 'misc/thinking.gif', 16, 16, 5, 1),(8, 'smile/info.gif', 16, 16, 8, 1),(9, 'smile/question.gif', 16, 16, 6, 1),(10, 'smile/alert.gif', 16, 16, 7, 1);

# Table: phpbb_lang
DROP TABLE IF EXISTS phpbb_lang;
CREATE TABLE `phpbb_lang` (
  `lang_id` tinyint(4) NOT NULL auto_increment,
  `lang_iso` varchar(30) collate utf8_bin NOT NULL default '',
  `lang_dir` varchar(30) collate utf8_bin NOT NULL default '',
  `lang_english_name` varchar(100) collate utf8_bin NOT NULL default '',
  `lang_local_name` varchar(255) collate utf8_bin NOT NULL default '',
  `lang_author` varchar(255) collate utf8_bin NOT NULL default '',
  PRIMARY KEY  (`lang_id`),
  KEY `lang_iso` (`lang_iso`)
) ENGINE=MyISAM AUTO_INCREMENT=2 DEFAULT CHARSET=utf8 COLLATE=utf8_bin;

INSERT INTO phpbb_lang (lang_id, lang_iso, lang_dir, lang_english_name, lang_local_name, lang_author) VALUES (1, 'en', 'en', 'British English', 'British English', 'phpBB Group');

# Table: phpbb_log
DROP TABLE IF EXISTS phpbb_log;
CREATE TABLE `phpbb_log` (
  `log_id` mediumint(8) unsigned NOT NULL auto_increment,
  `log_type` tinyint(4) NOT NULL default '0',
  `user_id` mediumint(8) unsigned NOT NULL default '0',
  `forum_id` mediumint(8) unsigned NOT NULL default '0',
  `topic_id` mediumint(8) unsigned NOT NULL default '0',
  `reportee_id` mediumint(8) unsigned NOT NULL default '0',
  `log_ip` varchar(40) collate utf8_bin NOT NULL default '',
  `log_time` int(11) unsigned NOT NULL default '0',
  `log_operation` text collate utf8_bin NOT NULL,
  `log_data` mediumtext collate utf8_bin NOT NULL,
  PRIMARY KEY  (`log_id`),
  KEY `log_type` (`log_type`),
  KEY `forum_id` (`forum_id`),
  KEY `topic_id` (`topic_id`),
  KEY `reportee_id` (`reportee_id`),
  KEY `user_id` (`user_id`)
) ENGINE=MyISAM AUTO_INCREMENT=304 DEFAULT CHARSET=utf8 COLLATE=utf8_bin;

INSERT INTO phpbb_log (log_id, log_type, user_id, forum_id, topic_id, reportee_id, log_ip, log_time, log_operation, log_data) VALUES (1, 0, 2, 0, 0, 0, '86.185.76.91', 1371559661, 'LOG_INSTALL_INSTALLED', 'a:1:{i:0;s:6:\"3.0.11\";}'),(2, 0, 2, 0, 0, 0, '86.185.76.91', 1371578941, 'LOG_ADMIN_AUTH_SUCCESS', ''),(3, 0, 2, 0, 0, 0, '86.185.76.91', 1371579554, 'LOG_CONFIG_SERVER', ''),(4, 0, 2, 0, 0, 0, '86.185.76.91', 1371579571, 'LOG_CONFIG_SERVER', ''),(5, 0, 2, 0, 0, 0, '86.185.76.91', 1371579653, 'LOG_TEMPLATE_CACHE_CLEARED', 'a:2:{i:0;s:9:\"prosilver\";i:1;s:14:\"overall_header\";}'),(6, 0, 2, 0, 0, 0, '86.185.76.91', 1371579653, 'LOG_TEMPLATE_EDIT', 'a:2:{i:0;s:9:\"prosilver\";i:1;s:19:\"overall_header.html\";}'),(7, 0, 2, 0, 0, 0, '86.185.76.91', 1371579849, 'LOG_TEMPLATE_CACHE_CLEARED', 'a:2:{i:0;s:9:\"prosilver\";i:1;s:14:\"overall_header\";}'),(8, 0, 2, 0, 0, 0, '86.185.76.91', 1371579850, 'LOG_TEMPLATE_EDIT', 'a:2:{i:0;s:9:\"prosilver\";i:1;s:19:\"overall_header.html\";}'),(9, 0, 2, 0, 0, 0, '86.185.76.91', 1371580016, 'LOG_TEMPLATE_CACHE_CLEARED', 'a:2:{i:0;s:9:\"prosilver\";i:1;s:14:\"overall_header\";}'),(10, 0, 2, 0, 0, 0, '86.185.76.91', 1371580016, 'LOG_TEMPLATE_EDIT', 'a:2:{i:0;s:9:\"prosilver\";i:1;s:19:\"overall_header.html\";}'),(11, 0, 2, 0, 0, 0, '86.185.76.91', 1371580038, 'LOG_TEMPLATE_CACHE_CLEARED', 'a:2:{i:0;s:9:\"prosilver\";i:1;s:14:\"overall_header\";}'),(12, 0, 2, 0, 0, 0, '86.185.76.91', 1371580038, 'LOG_TEMPLATE_EDIT', 'a:2:{i:0;s:9:\"prosilver\";i:1;s:19:\"overall_header.html\";}'),(13, 0, 2, 0, 0, 0, '86.185.76.91', 1371580219, 'LOG_TEMPLATE_CACHE_CLEARED', 'a:2:{i:0;s:9:\"prosilver\";i:1;s:14:\"overall_header\";}'),(14, 0, 2, 0, 0, 0, '86.185.76.91', 1371580219, 'LOG_TEMPLATE_EDIT', 'a:2:{i:0;s:9:\"prosilver\";i:1;s:19:\"overall_header.html\";}'),(15, 0, 2, 0, 0, 0, '86.185.76.91', 1371580240, 'LOG_TEMPLATE_CACHE_CLEARED', 'a:2:{i:0;s:9:\"prosilver\";i:1;s:14:\"overall_header\";}'),(16, 0, 2, 0, 0, 0, '86.185.76.91', 1371580240, 'LOG_TEMPLATE_EDIT', 'a:2:{i:0;s:9:\"prosilver\";i:1;s:19:\"overall_header.html\";}'),(17, 0, 2, 0, 0, 0, '86.185.76.91', 1371580330, 'LOG_TEMPLATE_CACHE_CLEARED', 'a:2:{i:0;s:9:\"prosilver\";i:1;s:14:\"overall_header\";}'),(18, 0, 2, 0, 0, 0, '86.185.76.91', 1371580330, 'LOG_TEMPLATE_EDIT', 'a:2:{i:0;s:9:\"prosilver\";i:1;s:19:\"overall_header.html\";}'),(19, 0, 2, 0, 0, 0, '86.185.76.91', 1371580348, 'LOG_TEMPLATE_CACHE_CLEARED', 'a:2:{i:0;s:9:\"prosilver\";i:1;s:14:\"overall_header\";}'),(20, 0, 2, 0, 0, 0, '86.185.76.91', 1371580348, 'LOG_TEMPLATE_EDIT', 'a:2:{i:0;s:9:\"prosilver\";i:1;s:19:\"overall_header.html\";}'),(21, 0, 2, 0, 0, 0, '86.185.76.91', 1371580373, 'LOG_TEMPLATE_CACHE_CLEARED', 'a:2:{i:0;s:9:\"prosilver\";i:1;s:14:\"overall_header\";}'),(22, 0, 2, 0, 0, 0, '86.185.76.91', 1371580373, 'LOG_TEMPLATE_EDIT', 'a:2:{i:0;s:9:\"prosilver\";i:1;s:19:\"overall_header.html\";}'),(23, 0, 2, 0, 0, 0, '86.185.76.91', 1371580442, 'LOG_TEMPLATE_CACHE_CLEARED', 'a:2:{i:0;s:9:\"prosilver\";i:1;s:14:\"overall_header\";}'),(24, 0, 2, 0, 0, 0, '86.185.76.91', 1371580442, 'LOG_TEMPLATE_EDIT', 'a:2:{i:0;s:9:\"prosilver\";i:1;s:19:\"overall_header.html\";}'),(25, 0, 2, 0, 0, 0, '86.185.76.91', 1371660959, 'LOG_ADMIN_AUTH_SUCCESS', ''),(26, 0, 2, 0, 0, 0, '86.185.76.91', 1371661002, 'LOG_CONFIG_ATTACH', ''),(27, 0, 2, 0, 0, 0, '86.185.76.91', 1371661288, 'LOG_STYLE_ADD', 'a:1:{i:0;s:7:\"Crimson\";}'),(28, 0, 2, 0, 0, 0, '86.185.76.91', 1371661937, 'LOG_STYLE_DELETE', 'a:1:{i:0;s:7:\"Crimson\";}'),(29, 0, 2, 0, 0, 0, '86.185.76.91', 1371673077, 'LOG_ADMIN_AUTH_SUCCESS', ''),(30, 0, 2, 0, 0, 0, '86.185.76.91', 1371673111, 'LOG_TEMPLATE_ADD_FS', 'a:1:{i:0;s:7:\"Crimson\";}'),(31, 0, 2, 0, 0, 0, '86.185.76.91', 1371673111, 'LOG_THEME_ADD_FS', 'a:1:{i:0;s:7:\"Crimson\";}'),(32, 0, 2, 0, 0, 0, '86.185.76.91', 1371673111, 'LOG_IMAGESET_ADD_FS', 'a:1:{i:0;s:7:\"Crimson\";}'),(33, 0, 2, 0, 0, 0, '86.185.76.91', 1371673111, 'LOG_STYLE_ADD', 'a:1:{i:0;s:7:\"Crimson\";}'),(34, 0, 2, 0, 0, 0, '86.185.76.91', 1371732454, 'LOG_ADMIN_AUTH_SUCCESS', ''),(35, 0, 2, 0, 0, 0, '86.185.76.91', 1371732480, 'LOG_CONFIG_SECURITY', ''),(36, 0, 2, 0, 0, 0, '86.185.76.91', 1371732501, 'LOG_PURGE_CACHE', ''),(37, 0, 2, 0, 0, 0, '86.185.76.91', 1371732769, 'LOG_PURGE_CACHE', ''),(38, 0, 2, 0, 0, 0, '86.185.76.91', 1371732859, 'LOG_TEMPLATE_CACHE_CLEARED', 'a:2:{i:0;s:7:\"Crimson\";i:1;s:14:\"overall_header\";}'),(39, 0, 2, 0, 0, 0, '86.185.76.91', 1371732859, 'LOG_TEMPLATE_EDIT', 'a:2:{i:0;s:7:\"Crimson\";i:1;s:19:\"overall_header.html\";}'),(40, 0, 2, 0, 0, 0, '86.185.76.91', 1371732867, 'LOG_TEMPLATE_CACHE_CLEARED', 'a:2:{i:0;s:7:\"Crimson\";i:1;s:14:\"overall_footer\";}'),(41, 0, 2, 0, 0, 0, '86.185.76.91', 1371732867, 'LOG_TEMPLATE_EDIT', 'a:2:{i:0;s:7:\"Crimson\";i:1;s:19:\"overall_footer.html\";}'),(42, 0, 2, 0, 0, 0, '86.185.76.91', 1371732893, 'LOG_THEME_EDIT_FILE', 'a:2:{i:0;s:7:\"Crimson\";i:1;s:14:\"stylesheet.css\";}'),(43, 0, 2, 0, 0, 0, '86.185.76.91', 1371733300, 'LOG_STYLE_DELETE', 'a:1:{i:0;s:7:\"Crimson\";}'),(44, 0, 2, 0, 0, 0, '86.185.76.91', 1371733338, 'LOG_TEMPLATE_ADD_FS', 'a:1:{i:0;s:7:\"crimson\";}'),(45, 0, 2, 0, 0, 0, '86.185.76.91', 1371733338, 'LOG_THEME_ADD_DB', 'a:1:{i:0;s:7:\"crimson\";}'),(46, 0, 2, 0, 0, 0, '86.185.76.91', 1371733339, 'LOG_IMAGESET_ADD_FS', 'a:1:{i:0;s:7:\"crimson\";}'),(47, 0, 2, 0, 0, 0, '86.185.76.91', 1371733339, 'LOG_STYLE_ADD', 'a:1:{i:0;s:7:\"crimson\";}'),(48, 0, 2, 0, 0, 0, '86.185.76.91', 1371733389, 'LOG_THEME_EDIT', 'a:2:{i:0;s:7:\"crimson\";i:1;s:0:\"\";}'),(49, 0, 2, 0, 0, 0, '86.185.76.91', 1371733405, 'LOG_THEME_EDIT', 'a:2:{i:0;s:7:\"crimson\";i:1;s:0:\"\";}'),(50, 0, 2, 0, 0, 0, '86.185.76.91', 1371733432, 'LOG_THEME_EDIT', 'a:2:{i:0;s:7:\"crimson\";i:1;s:0:\"\";}'),(51, 0, 2, 0, 0, 0, '86.185.76.91', 1371733500, 'LOG_TEMPLATE_CACHE_CLEARED', 'a:2:{i:0;s:7:\"crimson\";i:1;s:14:\"overall_footer\";}'),(52, 0, 2, 0, 0, 0, '86.185.76.91', 1371733500, 'LOG_TEMPLATE_EDIT', 'a:2:{i:0;s:7:\"crimson\";i:1;s:19:\"overall_footer.html\";}'),(53, 0, 2, 0, 0, 0, '86.185.76.91', 1371733610, 'LOG_THEME_EDIT', 'a:2:{i:0;s:7:\"crimson\";i:1;s:0:\"\";}'),(54, 0, 2, 0, 0, 0, '86.185.76.91', 1371733693, 'LOG_TEMPLATE_CACHE_CLEARED', 'a:2:{i:0;s:7:\"crimson\";i:1;s:14:\"overall_header\";}'),(55, 0, 2, 0, 0, 0, '86.185.76.91', 1371733693, 'LOG_TEMPLATE_EDIT', 'a:2:{i:0;s:7:\"crimson\";i:1;s:19:\"overall_header.html\";}'),(56, 0, 2, 0, 0, 0, '86.185.76.91', 1371733720, 'LOG_TEMPLATE_CACHE_CLEARED', 'a:2:{i:0;s:7:\"crimson\";i:1;s:14:\"overall_header\";}'),(57, 0, 2, 0, 0, 0, '86.185.76.91', 1371733720, 'LOG_TEMPLATE_EDIT', 'a:2:{i:0;s:7:\"crimson\";i:1;s:19:\"overall_header.html\";}'),(58, 0, 2, 0, 0, 0, '86.185.76.91', 1371733745, 'LOG_THEME_EDIT', 'a:2:{i:0;s:7:\"crimson\";i:1;s:0:\"\";}'),(59, 0, 2, 0, 0, 0, '86.185.76.91', 1371733774, 'LOG_THEME_EDIT', 'a:2:{i:0;s:7:\"crimson\";i:1;s:0:\"\";}'),(60, 0, 2, 0, 0, 0, '86.185.76.91', 1371733939, 'LOG_THEME_EDIT', 'a:2:{i:0;s:7:\"crimson\";i:1;s:0:\"\";}'),(61, 0, 2, 0, 0, 0, '86.185.76.91', 1371733987, 'LOG_THEME_EDIT', 'a:2:{i:0;s:7:\"crimson\";i:1;s:0:\"\";}'),(62, 0, 2, 0, 0, 0, '86.185.76.91', 1371734016, 'LOG_THEME_EDIT', 'a:2:{i:0;s:7:\"crimson\";i:1;s:0:\"\";}'),(63, 0, 2, 0, 0, 0, '86.185.76.91', 1371734059, 'LOG_TEMPLATE_CACHE_CLEARED', 'a:2:{i:0;s:7:\"crimson\";i:1;s:14:\"overall_header\";}'),(64, 0, 2, 0, 0, 0, '86.185.76.91', 1371734059, 'LOG_TEMPLATE_EDIT', 'a:2:{i:0;s:7:\"crimson\";i:1;s:19:\"overall_header.html\";}'),(65, 0, 2, 0, 0, 0, '86.185.76.91', 1371734133, 'LOG_TEMPLATE_CACHE_CLEARED', 'a:2:{i:0;s:7:\"crimson\";i:1;s:14:\"overall_header\";}'),(66, 0, 2, 0, 0, 0, '86.185.76.91', 1371734133, 'LOG_TEMPLATE_EDIT', 'a:2:{i:0;s:7:\"crimson\";i:1;s:19:\"overall_header.html\";}'),(67, 0, 2, 0, 0, 0, '86.185.76.91', 1371734161, 'LOG_TEMPLATE_CACHE_CLEARED', 'a:2:{i:0;s:7:\"crimson\";i:1;s:14:\"overall_header\";}'),(68, 0, 2, 0, 0, 0, '86.185.76.91', 1371734161, 'LOG_TEMPLATE_EDIT', 'a:2:{i:0;s:7:\"crimson\";i:1;s:19:\"overall_header.html\";}'),(69, 0, 2, 0, 0, 0, '86.185.76.91', 1371734218, 'LOG_CONFIG_SECURITY', ''),(70, 0, 2, 0, 0, 0, '86.185.76.91', 1371734267, 'LOG_TEMPLATE_CACHE_CLEARED', 'a:2:{i:0;s:7:\"crimson\";i:1;s:14:\"overall_header\";}'),(71, 0, 2, 0, 0, 0, '86.185.76.91', 1371734267, 'LOG_TEMPLATE_EDIT', 'a:2:{i:0;s:7:\"crimson\";i:1;s:19:\"overall_header.html\";}'),(72, 0, 2, 0, 0, 0, '86.185.76.91', 1371734335, 'LOG_THEME_EDIT', 'a:2:{i:0;s:7:\"crimson\";i:1;s:0:\"\";}'),(73, 0, 2, 0, 0, 0, '86.185.76.91', 1371734389, 'LOG_THEME_EDIT', 'a:2:{i:0;s:7:\"crimson\";i:1;s:0:\"\";}'),(74, 0, 2, 0, 0, 0, '86.185.76.91', 1371734404, 'LOG_THEME_EDIT', 'a:2:{i:0;s:7:\"crimson\";i:1;s:0:\"\";}'),(75, 0, 2, 0, 0, 0, '86.185.76.91', 1371734413, 'LOG_THEME_EDIT', 'a:2:{i:0;s:7:\"crimson\";i:1;s:0:\"\";}'),(76, 0, 2, 0, 0, 0, '86.185.76.91', 1371734442, 'LOG_THEME_EDIT', 'a:2:{i:0;s:7:\"crimson\";i:1;s:0:\"\";}'),(77, 0, 2, 0, 0, 0, '86.185.76.91', 1371734479, 'LOG_THEME_EDIT', 'a:2:{i:0;s:7:\"crimson\";i:1;s:0:\"\";}'),(78, 0, 2, 0, 0, 0, '86.185.76.91', 1371734496, 'LOG_THEME_EDIT', 'a:2:{i:0;s:7:\"crimson\";i:1;s:0:\"\";}'),(79, 0, 2, 0, 0, 0, '86.185.76.91', 1371734512, 'LOG_THEME_EDIT', 'a:2:{i:0;s:7:\"crimson\";i:1;s:0:\"\";}'),(80, 0, 2, 0, 0, 0, '86.185.76.91', 1371734525, 'LOG_THEME_EDIT', 'a:2:{i:0;s:7:\"crimson\";i:1;s:0:\"\";}'),(81, 0, 2, 0, 0, 0, '86.185.76.91', 1371734538, 'LOG_THEME_EDIT', 'a:2:{i:0;s:7:\"crimson\";i:1;s:0:\"\";}'),(82, 0, 2, 0, 0, 0, '86.185.76.91', 1371734668, 'LOG_ADMIN_AUTH_SUCCESS', ''),(83, 0, 2, 0, 0, 0, '86.185.76.91', 1371734717, 'LOG_TEMPLATE_CACHE_CLEARED', 'a:2:{i:0;s:7:\"crimson\";i:1;s:14:\"overall_header\";}'),(84, 0, 2, 0, 0, 0, '86.185.76.91', 1371734717, 'LOG_TEMPLATE_EDIT', 'a:2:{i:0;s:7:\"crimson\";i:1;s:19:\"overall_header.html\";}'),(85, 0, 2, 0, 0, 0, '86.185.76.91', 1371734766, 'LOG_TEMPLATE_CACHE_CLEARED', 'a:2:{i:0;s:7:\"crimson\";i:1;s:14:\"overall_header\";}'),(86, 0, 2, 0, 0, 0, '86.185.76.91', 1371734767, 'LOG_TEMPLATE_EDIT', 'a:2:{i:0;s:7:\"crimson\";i:1;s:19:\"overall_header.html\";}'),(87, 0, 2, 0, 0, 0, '86.185.76.91', 1371734790, 'LOG_TEMPLATE_CACHE_CLEARED', 'a:2:{i:0;s:7:\"crimson\";i:1;s:14:\"overall_header\";}'),(88, 0, 2, 0, 0, 0, '86.185.76.91', 1371734790, 'LOG_TEMPLATE_EDIT', 'a:2:{i:0;s:7:\"crimson\";i:1;s:19:\"overall_header.html\";}'),(89, 0, 2, 0, 0, 0, '86.185.76.91', 1371734855, 'LOG_TEMPLATE_CACHE_CLEARED', 'a:2:{i:0;s:7:\"crimson\";i:1;s:14:\"overall_header\";}'),(90, 0, 2, 0, 0, 0, '86.185.76.91', 1371734855, 'LOG_TEMPLATE_EDIT', 'a:2:{i:0;s:7:\"crimson\";i:1;s:19:\"overall_header.html\";}'),(91, 0, 2, 0, 0, 0, '86.185.76.91', 1371734886, 'LOG_TEMPLATE_CACHE_CLEARED', 'a:2:{i:0;s:7:\"crimson\";i:1;s:14:\"overall_header\";}'),(92, 0, 2, 0, 0, 0, '86.185.76.91', 1371734886, 'LOG_TEMPLATE_EDIT', 'a:2:{i:0;s:7:\"crimson\";i:1;s:19:\"overall_header.html\";}'),(93, 0, 2, 0, 0, 0, '86.185.76.91', 1371734924, 'LOG_TEMPLATE_CACHE_CLEARED', 'a:2:{i:0;s:7:\"crimson\";i:1;s:14:\"overall_header\";}'),(94, 0, 2, 0, 0, 0, '86.185.76.91', 1371734924, 'LOG_TEMPLATE_EDIT', 'a:2:{i:0;s:7:\"crimson\";i:1;s:19:\"overall_header.html\";}'),(95, 0, 2, 0, 0, 0, '86.185.76.91', 1371735002, 'LOG_TEMPLATE_CACHE_CLEARED', 'a:2:{i:0;s:7:\"crimson\";i:1;s:14:\"overall_header\";}'),(96, 0, 2, 0, 0, 0, '86.185.76.91', 1371735002, 'LOG_TEMPLATE_EDIT', 'a:2:{i:0;s:7:\"crimson\";i:1;s:19:\"overall_header.html\";}'),(97, 0, 2, 0, 0, 0, '86.185.76.91', 1371735080, 'LOG_TEMPLATE_CACHE_CLEARED', 'a:2:{i:0;s:7:\"crimson\";i:1;s:14:\"overall_header\";}'),(98, 0, 2, 0, 0, 0, '86.185.76.91', 1371735080, 'LOG_TEMPLATE_EDIT', 'a:2:{i:0;s:7:\"crimson\";i:1;s:19:\"overall_header.html\";}'),(99, 0, 2, 0, 0, 0, '86.185.76.91', 1371735264, 'LOG_TEMPLATE_CACHE_CLEARED', 'a:2:{i:0;s:7:\"crimson\";i:1;s:10:\"index_body\";}'),(100, 0, 2, 0, 0, 0, '86.185.76.91', 1371735264, 'LOG_TEMPLATE_EDIT', 'a:2:{i:0;s:7:\"crimson\";i:1;s:15:\"index_body.html\";}'),(101, 0, 2, 0, 0, 0, '86.185.76.91', 1371735834, 'LOG_TEMPLATE_CACHE_CLEARED', 'a:2:{i:0;s:7:\"crimson\";i:1;s:14:\"overall_header\";}'),(102, 0, 2, 0, 0, 0, '86.185.76.91', 1371735834, 'LOG_TEMPLATE_EDIT', 'a:2:{i:0;s:7:\"crimson\";i:1;s:19:\"overall_header.html\";}'),(103, 0, 2, 0, 0, 0, '86.185.76.91', 1371735867, 'LOG_FORUM_DEL_FORUMS', 'a:1:{i:0;s:19:\"Your first category\";}'),(104, 0, 2, 0, 0, 0, '86.185.76.91', 1371735963, 'LOG_FORUM_ADD', 'a:1:{i:0;s:18:\"General Discussion\";}'),(105, 0, 2, 0, 0, 0, '86.185.76.91', 1371736006, 'LOG_FORUM_ADD', 'a:1:{i:0;s:18:\"General Discussion\";}'),(106, 0, 2, 0, 0, 0, '86.185.76.91', 1371736039, 'LOG_FORUM_ADD', 'a:1:{i:0;s:15:\"Rift Discussion\";}'),(107, 0, 2, 0, 0, 0, '86.185.76.91', 1371736130, 'LOG_FORUM_ADD', 'a:1:{i:0;s:17:\"Classes of Telara\";}'),(108, 0, 2, 0, 0, 0, '86.185.76.91', 1371736130, 'LOG_FORUM_COPIED_PERMISSIONS', 'a:2:{i:0;s:15:\"Rift Discussion\";i:1;s:17:\"Classes of Telara\";}'),(109, 0, 2, 0, 0, 0, '86.185.76.91', 1371736147, 'LOG_FORUM_EDIT', 'a:1:{i:0;s:17:\"Classes of Telara\";}'),(110, 0, 2, 0, 0, 0, '86.185.76.91', 1371736187, 'LOG_FORUM_ADD', 'a:1:{i:0;s:16:\"Class Discussion\";}'),(111, 0, 2, 0, 0, 0, '86.185.76.91', 1371736187, 'LOG_FORUM_COPIED_PERMISSIONS', 'a:2:{i:0;s:17:\"Classes of Telara\";i:1;s:16:\"Class Discussion\";}'),(112, 0, 2, 0, 0, 0, '86.185.76.91', 1371736205, 'LOG_FORUM_ADD', 'a:1:{i:0;s:7:\"Warrior\";}'),(113, 0, 2, 0, 0, 0, '86.185.76.91', 1371736205, 'LOG_FORUM_COPIED_PERMISSIONS', 'a:2:{i:0;s:16:\"Class Discussion\";i:1;s:7:\"Warrior\";}'),(114, 0, 2, 0, 0, 0, '86.185.76.91', 1371736214, 'LOG_FORUM_ADD', 'a:1:{i:0;s:5:\"Rogue\";}'),(115, 0, 2, 0, 0, 0, '86.185.76.91', 1371736214, 'LOG_FORUM_COPIED_PERMISSIONS', 'a:2:{i:0;s:16:\"Class Discussion\";i:1;s:5:\"Rogue\";}'),(116, 0, 2, 0, 0, 0, '86.185.76.91', 1371736227, 'LOG_FORUM_ADD', 'a:1:{i:0;s:4:\"Mage\";}'),(117, 0, 2, 0, 0, 0, '86.185.76.91', 1371736227, 'LOG_FORUM_COPIED_PERMISSIONS', 'a:2:{i:0;s:16:\"Class Discussion\";i:1;s:4:\"Mage\";}'),(118, 0, 2, 0, 0, 0, '86.185.76.91', 1371736234, 'LOG_FORUM_ADD', 'a:1:{i:0;s:6:\"Cleric\";}'),(119, 0, 2, 0, 0, 0, '86.185.76.91', 1371736234, 'LOG_FORUM_COPIED_PERMISSIONS', 'a:2:{i:0;s:16:\"Class Discussion\";i:1;s:6:\"Cleric\";}'),(120, 0, 2, 0, 0, 0, '86.185.76.91', 1371736251, 'LOG_FORUM_ADD', 'a:1:{i:0;s:12:\"Class Guides\";}'),(121, 0, 2, 0, 0, 0, '86.185.76.91', 1371736251, 'LOG_FORUM_COPIED_PERMISSIONS', 'a:2:{i:0;s:17:\"Classes of Telara\";i:1;s:12:\"Class Guides\";}'),(122, 0, 2, 0, 0, 0, '86.185.76.91', 1371736259, 'LOG_FORUM_ADD', 'a:1:{i:0;s:7:\"Warrior\";}'),(123, 0, 2, 0, 0, 0, '86.185.76.91', 1371736259, 'LOG_FORUM_COPIED_PERMISSIONS', 'a:2:{i:0;s:12:\"Class Guides\";i:1;s:7:\"Warrior\";}'),(124, 0, 2, 0, 0, 0, '86.185.76.91', 1371736265, 'LOG_FORUM_ADD', 'a:1:{i:0;s:5:\"Rogue\";}'),(125, 0, 2, 0, 0, 0, '86.185.76.91', 1371736265, 'LOG_FORUM_COPIED_PERMISSIONS', 'a:2:{i:0;s:12:\"Class Guides\";i:1;s:5:\"Rogue\";}'),(126, 0, 2, 0, 0, 0, '86.185.76.91', 1371736272, 'LOG_FORUM_ADD', 'a:1:{i:0;s:4:\"Mage\";}'),(127, 0, 2, 0, 0, 0, '86.185.76.91', 1371736272, 'LOG_FORUM_COPIED_PERMISSIONS', 'a:2:{i:0;s:12:\"Class Guides\";i:1;s:4:\"Mage\";}'),(128, 0, 2, 0, 0, 0, '86.185.76.91', 1371736278, 'LOG_FORUM_ADD', 'a:1:{i:0;s:6:\"Cleric\";}'),(129, 0, 2, 0, 0, 0, '86.185.76.91', 1371736278, 'LOG_FORUM_COPIED_PERMISSIONS', 'a:2:{i:0;s:12:\"Class Guides\";i:1;s:6:\"Cleric\";}'),(130, 0, 2, 0, 0, 0, '86.185.76.91', 1371736299, 'LOG_FORUM_ADD', 'a:1:{i:0;s:8:\"Crafting\";}'),(131, 0, 2, 0, 0, 0, '86.185.76.91', 1371736299, 'LOG_FORUM_COPIED_PERMISSIONS', 'a:2:{i:0;s:15:\"Rift Discussion\";i:1;s:8:\"Crafting\";}'),(132, 0, 2, 0, 0, 0, '86.185.76.91', 1371736321, 'LOG_FORUM_EDIT', 'a:1:{i:0;s:8:\"Crafting\";}'),(133, 0, 2, 0, 0, 0, '86.185.76.91', 1371736357, 'LOG_FORUM_ADD', 'a:1:{i:0;s:18:\"Members Discussion\";}'),(134, 0, 2, 0, 0, 0, '86.185.76.91', 1371736422, 'LOG_FORUM_ADD', 'a:1:{i:0;s:18:\"General Discussion\";}'),(135, 0, 2, 0, 0, 0, '86.185.76.91', 1371736422, 'LOG_FORUM_COPIED_PERMISSIONS', 'a:2:{i:0;s:18:\"Members Discussion\";i:1;s:18:\"General Discussion\";}'),(136, 0, 2, 0, 0, 0, '86.185.76.91', 1371736446, 'LOG_FORUM_ADD', 'a:1:{i:0;s:20:\"Member Announcements\";}'),(137, 0, 2, 0, 0, 0, '86.185.76.91', 1371736446, 'LOG_FORUM_COPIED_PERMISSIONS', 'a:2:{i:0;s:18:\"Members Discussion\";i:1;s:20:\"Member Announcements\";}'),(138, 0, 2, 0, 0, 0, '86.185.76.91', 1371736450, 'LOG_FORUM_MOVE_UP', 'a:2:{i:0;s:20:\"Member Announcements\";i:1;s:18:\"General Discussion\";}'),(139, 0, 2, 0, 0, 0, '86.185.76.91', 1371736467, 'LOG_FORUM_ADD', 'a:1:{i:0;s:21:\"General Announcements\";}'),(140, 0, 2, 0, 0, 0, '86.185.76.91', 1371736467, 'LOG_FORUM_COPIED_PERMISSIONS', 'a:2:{i:0;s:18:\"General Discussion\";i:1;s:21:\"General Announcements\";}'),(141, 0, 2, 0, 0, 0, '86.185.76.91', 1371736469, 'LOG_FORUM_MOVE_UP', 'a:2:{i:0;s:21:\"General Announcements\";i:1;s:18:\"General Discussion\";}'),(142, 0, 2, 0, 0, 0, '86.185.76.91', 1371736482, 'LOG_FORUM_ADD', 'a:1:{i:0;s:21:\"Leadership Discussion\";}'),(143, 0, 2, 0, 0, 0, '86.185.76.91', 1371736513, 'LOG_FORUM_ADD', 'a:1:{i:0;s:18:\"General Discussion\";}'),(144, 0, 2, 0, 0, 0, '86.185.76.91', 1371736513, 'LOG_FORUM_COPIED_PERMISSIONS', 'a:2:{i:0;s:21:\"Leadership Discussion\";i:1;s:18:\"General Discussion\";}'),(145, 0, 2, 0, 0, 0, '86.185.76.91', 1371736572, 'LOG_RANK_ADDED', 'a:1:{i:0;s:15:\"Alliance Leader\";}'),(146, 0, 2, 0, 0, 0, '86.185.76.91', 1371736581, 'LOG_RANK_ADDED', 'a:1:{i:0;s:13:\"Event Manager\";}'),(147, 0, 2, 0, 0, 0, '86.185.76.91', 1371736588, 'LOG_RANK_ADDED', 'a:1:{i:0;s:16:\"Alliance Officer\";}'),(148, 0, 2, 0, 0, 0, '86.185.76.91', 1371736597, 'LOG_RANK_ADDED', 'a:1:{i:0;s:15:\"Alliance Member\";}'),(149, 0, 2, 0, 0, 0, '86.185.76.91', 1371736606, 'LOG_RANK_ADDED', 'a:1:{i:0;s:3:\"Elf\";}'),(150, 0, 2, 0, 0, 0, '86.185.76.91', 1371736616, 'LOG_RANK_ADDED', 'a:1:{i:0;s:18:\"Alliance Applicant\";}'),(151, 0, 2, 0, 0, 0, '86.185.76.91', 1371736703, 'LOG_GROUP_CREATED', 'a:1:{i:0;s:15:\"Alliance Leader\";}'),(152, 0, 2, 0, 0, 0, '86.185.76.91', 1371736763, 'LOG_GROUP_CREATED', 'a:1:{i:0;s:16:\"Alliance Officer\";}'),(153, 0, 2, 0, 0, 0, '86.185.76.91', 1371736829, 'LOG_GROUP_CREATED', 'a:1:{i:0;s:15:\"Alliance Member\";}'),(154, 0, 2, 0, 0, 0, '86.185.76.91', 1371736864, 'LOG_GROUP_CREATED', 'a:1:{i:0;s:3:\"Elf\";}'),(155, 0, 2, 0, 0, 0, '86.185.76.91', 1371736903, 'LOG_GROUP_CREATED', 'a:1:{i:0;s:18:\"Alliance Applicant\";}'),(156, 0, 2, 0, 0, 0, '86.185.76.91', 1371736926, 'LOG_GROUP_CREATED', 'a:1:{i:0;s:13:\"Event Manager\";}'),(157, 0, 2, 0, 0, 0, '86.185.76.91', 1371736965, 'LOG_GROUP_CREATED', 'a:1:{i:0;s:7:\"Elfette\";}'),(158, 0, 2, 0, 0, 0, '86.185.76.91', 1371737084, 'LOG_ACL_ADD_GROUP_GLOBAL_U_', 'a:1:{i:0;s:15:\"Alliance Leader\";}'),(159, 0, 2, 0, 0, 0, '86.185.76.91', 1371737147, 'LOG_ACL_ADD_GROUP_GLOBAL_M_', 'a:1:{i:0;s:15:\"Alliance Leader\";}'),(160, 0, 2, 0, 0, 0, '86.185.76.91', 1371737169, 'LOG_ACL_ADD_GROUP_GLOBAL_A_', 'a:1:{i:0;s:15:\"Alliance Leader\";}'),(161, 0, 2, 0, 0, 0, '86.185.76.91', 1371737207, 'LOG_ACL_ADD_GROUP_GLOBAL_U_', 'a:1:{i:0;s:15:\"Alliance Member\";}'),(162, 0, 2, 0, 0, 0, '86.185.76.91', 1371737231, 'LOG_ACL_ADD_GROUP_GLOBAL_U_', 'a:1:{i:0;s:16:\"Alliance Officer\";}'),(163, 0, 2, 0, 0, 0, '86.185.76.91', 1371737246, 'LOG_ACL_ADD_GROUP_GLOBAL_M_', 'a:1:{i:0;s:16:\"Alliance Officer\";}'),(164, 0, 2, 0, 0, 0, '86.185.76.91', 1371737263, 'LOG_ACL_ADD_GROUP_GLOBAL_U_', 'a:1:{i:0;s:18:\"Alliance Applicant\";}'),(165, 0, 2, 0, 0, 0, '86.185.76.91', 1371737273, 'LOG_ACL_ADD_GROUP_GLOBAL_U_', 'a:1:{i:0;s:7:\"Elfette\";}'),(166, 0, 2, 0, 0, 0, '86.185.76.91', 1371737291, 'LOG_ACL_ADD_GROUP_GLOBAL_M_', 'a:1:{i:0;s:7:\"Elfette\";}'),(167, 0, 2, 0, 0, 0, '86.185.76.91', 1371737301, 'LOG_ACL_ADD_GROUP_GLOBAL_A_', 'a:1:{i:0;s:7:\"Elfette\";}'),(168, 0, 2, 0, 0, 0, '86.185.76.91', 1371737321, 'LOG_ACL_ADD_GROUP_GLOBAL_U_', 'a:1:{i:0;s:13:\"Event Manager\";}'),(169, 0, 2, 0, 0, 0, '86.185.76.91', 1371737473, 'LOG_ACL_ADD_GROUP_LOCAL_F_', 'a:2:{i:0;s:304:\"Rift Discussion, General Discussion, General Discussion, Classes of Telara, Class Discussion, Warrior, Rogue, Mage, Cleric, Class Guides, Warrior, Rogue, Mage, Cleric, Crafting, Members Discussion, General Discussion, Member Announcements, General Announcements, Leadership Discussion, General Discussion\";i:1;s:15:\"Alliance Leader\";}'),(170, 0, 2, 0, 0, 0, '86.185.76.91', 1371737504, 'LOG_ACL_ADD_GROUP_LOCAL_F_', 'a:2:{i:0;s:304:\"Rift Discussion, General Discussion, General Discussion, Classes of Telara, Class Discussion, Warrior, Rogue, Mage, Cleric, Class Guides, Warrior, Rogue, Mage, Cleric, Crafting, Members Discussion, General Discussion, Member Announcements, General Announcements, Leadership Discussion, General Discussion\";i:1;s:39:\"<span class=\"sep\">Administrators</span>\";}'),(171, 0, 2, 0, 0, 0, '86.185.76.91', 1371737587, 'LOG_ACL_ADD_GROUP_LOCAL_F_', 'a:2:{i:0;s:304:\"Rift Discussion, General Discussion, General Discussion, Classes of Telara, Class Discussion, Warrior, Rogue, Mage, Cleric, Class Guides, Warrior, Rogue, Mage, Cleric, Crafting, Members Discussion, General Discussion, Member Announcements, General Announcements, Leadership Discussion, General Discussion\";i:1;s:16:\"Alliance Officer\";}'),(172, 0, 2, 0, 0, 0, '86.185.76.91', 1371737627, 'LOG_ACL_ADD_GROUP_LOCAL_M_', 'a:2:{i:0;s:304:\"Rift Discussion, General Discussion, General Discussion, Classes of Telara, Class Discussion, Warrior, Rogue, Mage, Cleric, Class Guides, Warrior, Rogue, Mage, Cleric, Crafting, Members Discussion, General Discussion, Member Announcements, General Announcements, Leadership Discussion, General Discussion\";i:1;s:15:\"Alliance Leader\";}'),(173, 0, 2, 0, 0, 0, '86.185.76.91', 1371737743, 'LOG_ACL_ADD_GROUP_LOCAL_M_', 'a:2:{i:0;s:304:\"Rift Discussion, General Discussion, General Discussion, Classes of Telara, Class Discussion, Warrior, Rogue, Mage, Cleric, Class Guides, Warrior, Rogue, Mage, Cleric, Crafting, Members Discussion, General Discussion, Member Announcements, General Announcements, Leadership Discussion, General Discussion\";i:1;s:16:\"Alliance Officer\";}'),(174, 0, 2, 0, 0, 0, '86.185.76.91', 1371737759, 'LOG_ACL_ADD_GROUP_LOCAL_F_', 'a:2:{i:0;s:304:\"Rift Discussion, General Discussion, General Discussion, Classes of Telara, Class Discussion, Warrior, Rogue, Mage, Cleric, Class Guides, Warrior, Rogue, Mage, Cleric, Crafting, Members Discussion, General Discussion, Member Announcements, General Announcements, Leadership Discussion, General Discussion\";i:1;s:39:\"<span class=\"sep\">Administrators</span>\";}'),(175, 0, 2, 0, 0, 0, '86.185.76.91', 1371737776, 'LOG_ACL_ADD_GROUP_LOCAL_M_', 'a:2:{i:0;s:304:\"Rift Discussion, General Discussion, General Discussion, Classes of Telara, Class Discussion, Warrior, Rogue, Mage, Cleric, Class Guides, Warrior, Rogue, Mage, Cleric, Crafting, Members Discussion, General Discussion, Member Announcements, General Announcements, Leadership Discussion, General Discussion\";i:1;s:39:\"<span class=\"sep\">Administrators</span>\";}'),(176, 0, 2, 0, 0, 0, '86.185.76.91', 1371737886, 'LOG_ACL_ADD_GROUP_LOCAL_F_', 'a:2:{i:0;s:304:\"Rift Discussion, General Discussion, General Discussion, Classes of Telara, Class Discussion, Warrior, Rogue, Mage, Cleric, Class Guides, Warrior, Rogue, Mage, Cleric, Crafting, Members Discussion, General Discussion, Member Announcements, General Announcements, Leadership Discussion, General Discussion\";i:1;s:15:\"Alliance Member\";}'),(177, 0, 2, 0, 0, 0, '86.185.76.91', 1371737935, 'LOG_ACL_ADD_GROUP_LOCAL_F_', 'a:2:{i:0;s:304:\"Rift Discussion, General Discussion, General Discussion, Classes of Telara, Class Discussion, Warrior, Rogue, Mage, Cleric, Class Guides, Warrior, Rogue, Mage, Cleric, Crafting, Members Discussion, General Discussion, Member Announcements, General Announcements, Leadership Discussion, General Discussion\";i:1;s:18:\"Alliance Applicant\";}'),(178, 0, 2, 0, 0, 0, '86.185.76.91', 1371737976, 'LOG_ACL_ADD_GROUP_LOCAL_F_', 'a:2:{i:0;s:304:\"Rift Discussion, General Discussion, General Discussion, Classes of Telara, Class Discussion, Warrior, Rogue, Mage, Cleric, Class Guides, Warrior, Rogue, Mage, Cleric, Crafting, Members Discussion, General Discussion, Member Announcements, General Announcements, Leadership Discussion, General Discussion\";i:1;s:13:\"Event Manager\";}'),(179, 0, 2, 0, 0, 0, '86.185.76.91', 1371738036, 'LOG_ACL_ADD_GROUP_LOCAL_F_', 'a:2:{i:0;s:304:\"Rift Discussion, General Discussion, General Discussion, Classes of Telara, Class Discussion, Warrior, Rogue, Mage, Cleric, Class Guides, Warrior, Rogue, Mage, Cleric, Crafting, Members Discussion, General Discussion, Member Announcements, General Announcements, Leadership Discussion, General Discussion\";i:1;s:41:\"<span class=\"sep\">Registered users</span>\";}'),(180, 0, 2, 0, 0, 0, '86.185.76.91', 1371738051, 'LOG_ACL_ADD_GROUP_LOCAL_F_', 'a:2:{i:0;s:304:\"Rift Discussion, General Discussion, General Discussion, Classes of Telara, Class Discussion, Warrior, Rogue, Mage, Cleric, Class Guides, Warrior, Rogue, Mage, Cleric, Crafting, Members Discussion, General Discussion, Member Announcements, General Announcements, Leadership Discussion, General Discussion\";i:1;s:31:\"<span class=\"sep\">Guests</span>\";}'),(181, 0, 2, 0, 0, 0, '86.185.76.91', 1371738106, 'LOG_ACL_ADD_GROUP_LOCAL_F_', 'a:2:{i:0;s:304:\"Rift Discussion, General Discussion, General Discussion, Classes of Telara, Class Discussion, Warrior, Rogue, Mage, Cleric, Class Guides, Warrior, Rogue, Mage, Cleric, Crafting, Members Discussion, General Discussion, Member Announcements, General Announcements, Leadership Discussion, General Discussion\";i:1;s:29:\"<span class=\"sep\">Bots</span>\";}'),(182, 0, 2, 0, 0, 0, '86.185.76.91', 1371738160, 'LOG_ACL_ADD_GROUP_LOCAL_F_', 'a:2:{i:0;s:304:\"Rift Discussion, General Discussion, General Discussion, Classes of Telara, Class Discussion, Warrior, Rogue, Mage, Cleric, Class Guides, Warrior, Rogue, Mage, Cleric, Crafting, Members Discussion, General Discussion, Member Announcements, General Announcements, Leadership Discussion, General Discussion\";i:1;s:47:\"<span class=\"sep\">Newly registered users</span>\";}'),(183, 0, 2, 0, 0, 0, '86.185.76.91', 1371738247, 'LOG_CONFIG_SETTINGS', ''),(184, 0, 2, 0, 0, 0, '86.185.76.91', 1371738292, 'LOG_CONFIG_AVATAR', ''),(185, 0, 2, 0, 0, 0, '86.185.76.91', 1371738335, 'LOG_CONFIG_SIGNATURE', ''),(186, 0, 2, 0, 0, 0, '86.185.76.91', 1371738383, 'LOG_CONFIG_FEED', ''),(187, 0, 2, 0, 0, 0, '86.185.76.91', 1371738443, 'LOG_CONFIG_REGISTRATION', ''),(188, 0, 2, 0, 0, 0, '86.185.76.91', 1371738492, 'LOG_CONFIG_VISUAL', ''),(189, 0, 2, 0, 0, 0, '86.185.76.91', 1371738499, 'LOG_CONFIG_VISUAL', ''),(190, 0, 2, 0, 0, 0, '86.185.76.91', 1371738640, 'LOG_TEMPLATE_CACHE_CLEARED', 'a:2:{i:0;s:7:\"crimson\";i:1;s:14:\"overall_header\";}'),(191, 0, 2, 0, 0, 0, '86.185.76.91', 1371738640, 'LOG_TEMPLATE_EDIT', 'a:2:{i:0;s:7:\"crimson\";i:1;s:19:\"overall_header.html\";}'),(192, 0, 2, 0, 0, 0, '86.185.76.91', 1371738677, 'LOG_GROUP_UPDATED', 'a:1:{i:0;s:14:\"Administrators\";}'),(193, 0, 2, 0, 0, 0, '86.185.76.91', 1371739006, 'LOG_GROUP_DEFAULTS', 'a:2:{i:0;s:7:\"Elfette\";i:1;s:4:\"Jade\";}'),(194, 0, 2, 0, 0, 0, '86.185.76.91', 1371739006, 'LOG_MODS_ADDED', 'a:2:{i:0;s:7:\"Elfette\";i:1;s:4:\"Jade\";}'),(195, 0, 2, 0, 0, 0, '86.185.76.91', 1371739161, 'LOG_CONFIG_FEATURES', ''),(196, 0, 2, 0, 0, 0, '86.185.76.91', 1371739881, 'LOG_THEME_EDIT', 'a:2:{i:0;s:7:\"crimson\";i:1;s:0:\"\";}'),(197, 0, 2, 0, 0, 0, '86.185.76.91', 1371740022, 'LOG_THEME_EDIT', 'a:2:{i:0;s:7:\"crimson\";i:1;s:0:\"\";}'),(198, 0, 2, 0, 0, 0, '86.185.76.91', 1371740120, 'LOG_THEME_EDIT', 'a:2:{i:0;s:7:\"crimson\";i:1;s:0:\"\";}'),(199, 0, 2, 0, 0, 0, '86.185.76.91', 1371740152, 'LOG_THEME_EDIT', 'a:2:{i:0;s:7:\"crimson\";i:1;s:0:\"\";}'),(200, 0, 2, 0, 0, 0, '86.185.76.91', 1371740218, 'LOG_THEME_EDIT', 'a:2:{i:0;s:7:\"crimson\";i:1;s:0:\"\";}'),(201, 0, 2, 0, 0, 0, '86.185.76.91', 1371740294, 'LOG_THEME_EDIT', 'a:2:{i:0;s:7:\"crimson\";i:1;s:0:\"\";}'),(202, 0, 2, 0, 0, 0, '86.185.76.91', 1371740683, 'LOG_TEMPLATE_ADD_FS', 'a:1:{i:0;s:19:\"Artodia: Ultra Blue\";}'),(203, 0, 2, 0, 0, 0, '86.185.76.91', 1371740683, 'LOG_THEME_ADD_DB', 'a:1:{i:0;s:19:\"Artodia: Ultra Blue\";}'),(204, 0, 2, 0, 0, 0, '86.185.76.91', 1371740683, 'LOG_IMAGESET_ADD_FS', 'a:1:{i:0;s:19:\"Artodia: Ultra Blue\";}'),(205, 0, 2, 0, 0, 0, '86.185.76.91', 1371740683, 'LOG_STYLE_ADD', 'a:1:{i:0;s:19:\"Artodia: Ultra Blue\";}'),(206, 0, 2, 0, 0, 0, '86.185.76.91', 1371740848, 'LOG_ACL_ADD_GROUP_LOCAL_F_', 'a:2:{i:0;s:304:\"Rift Discussion, General Discussion, General Discussion, Classes of Telara, Class Discussion, Warrior, Rogue, Mage, Cleric, Class Guides, Warrior, Rogue, Mage, Cleric, Crafting, Members Discussion, General Discussion, Member Announcements, General Announcements, Leadership Discussion, General Discussion\";i:1;s:31:\"<span class=\"sep\">Guests</span>\";}'),(207, 0, 2, 0, 0, 0, '86.185.76.91', 1371740929, 'LOG_ACL_ADD_GROUP_LOCAL_F_', 'a:2:{i:0;s:304:\"Rift Discussion, General Discussion, General Discussion, Classes of Telara, Class Discussion, Warrior, Rogue, Mage, Cleric, Class Guides, Warrior, Rogue, Mage, Cleric, Crafting, Members Discussion, General Discussion, Member Announcements, General Announcements, Leadership Discussion, General Discussion\";i:1;s:31:\"<span class=\"sep\">Guests</span>\";}'),(208, 0, 2, 0, 0, 0, '86.185.76.91', 1371741019, 'LOG_THEME_EDIT', 'a:2:{i:0;s:19:\"Artodia: Ultra Blue\";i:1;s:0:\"\";}'),(209, 0, 2, 0, 0, 0, '86.185.76.91', 1371741032, 'LOG_THEME_EDIT', 'a:2:{i:0;s:19:\"Artodia: Ultra Blue\";i:1;s:0:\"\";}'),(210, 0, 2, 0, 0, 0, '86.185.76.91', 1371741073, 'LOG_THEME_EDIT', 'a:2:{i:0;s:19:\"Artodia: Ultra Blue\";i:1;s:0:\"\";}'),(211, 0, 2, 0, 0, 0, '86.185.76.91', 1371741293, 'LOG_TEMPLATE_CACHE_CLEARED', 'a:2:{i:0;s:19:\"Artodia: Ultra Blue\";i:1;s:14:\"overall_header\";}'),(212, 0, 2, 0, 0, 0, '86.185.76.91', 1371741294, 'LOG_TEMPLATE_EDIT', 'a:2:{i:0;s:19:\"Artodia: Ultra Blue\";i:1;s:19:\"overall_header.html\";}'),(213, 0, 2, 0, 0, 0, '86.185.76.91', 1371741323, 'LOG_TEMPLATE_CACHE_CLEARED', 'a:2:{i:0;s:19:\"Artodia: Ultra Blue\";i:1;s:14:\"overall_header\";}'),(214, 0, 2, 0, 0, 0, '86.185.76.91', 1371741323, 'LOG_TEMPLATE_EDIT', 'a:2:{i:0;s:19:\"Artodia: Ultra Blue\";i:1;s:19:\"overall_header.html\";}'),(215, 0, 2, 0, 0, 0, '86.185.76.91', 1371741362, 'LOG_THEME_EDIT', 'a:2:{i:0;s:19:\"Artodia: Ultra Blue\";i:1;s:0:\"\";}'),(216, 0, 2, 0, 0, 0, '86.185.76.91', 1371741454, 'LOG_THEME_EDIT', 'a:2:{i:0;s:19:\"Artodia: Ultra Blue\";i:1;s:0:\"\";}'),(217, 0, 2, 0, 0, 0, '86.185.76.91', 1371741481, 'LOG_THEME_EDIT', 'a:2:{i:0;s:19:\"Artodia: Ultra Blue\";i:1;s:0:\"\";}'),(218, 0, 2, 0, 0, 0, '86.185.76.91', 1371741501, 'LOG_THEME_EDIT', 'a:2:{i:0;s:19:\"Artodia: Ultra Blue\";i:1;s:0:\"\";}'),(219, 0, 2, 0, 0, 0, '86.185.76.91', 1371741516, 'LOG_THEME_EDIT', 'a:2:{i:0;s:19:\"Artodia: Ultra Blue\";i:1;s:0:\"\";}'),(220, 0, 2, 0, 0, 0, '86.185.76.91', 1371741605, 'LOG_THEME_EDIT', 'a:2:{i:0;s:19:\"Artodia: Ultra Blue\";i:1;s:0:\"\";}'),(221, 0, 2, 0, 0, 0, '86.185.76.91', 1371741637, 'LOG_THEME_EDIT', 'a:2:{i:0;s:19:\"Artodia: Ultra Blue\";i:1;s:0:\"\";}'),(222, 0, 2, 0, 0, 0, '86.185.76.91', 1371741659, 'LOG_THEME_EDIT', 'a:2:{i:0;s:19:\"Artodia: Ultra Blue\";i:1;s:0:\"\";}'),(223, 0, 2, 0, 0, 0, '86.185.76.91', 1371741678, 'LOG_THEME_EDIT', 'a:2:{i:0;s:19:\"Artodia: Ultra Blue\";i:1;s:0:\"\";}'),(224, 0, 2, 0, 0, 0, '86.185.76.91', 1371741738, 'LOG_THEME_EDIT', 'a:2:{i:0;s:19:\"Artodia: Ultra Blue\";i:1;s:0:\"\";}'),(225, 0, 2, 0, 0, 0, '86.185.76.91', 1371741793, 'LOG_THEME_EDIT', 'a:2:{i:0;s:19:\"Artodia: Ultra Blue\";i:1;s:0:\"\";}'),(226, 0, 2, 0, 0, 0, '86.185.76.91', 1371741821, 'LOG_THEME_EDIT', 'a:2:{i:0;s:19:\"Artodia: Ultra Blue\";i:1;s:0:\"\";}'),(227, 0, 2, 0, 0, 0, '86.185.76.91', 1371741850, 'LOG_THEME_EDIT', 'a:2:{i:0;s:19:\"Artodia: Ultra Blue\";i:1;s:0:\"\";}'),(228, 0, 2, 0, 0, 0, '86.185.76.91', 1371741871, 'LOG_THEME_EDIT', 'a:2:{i:0;s:19:\"Artodia: Ultra Blue\";i:1;s:0:\"\";}'),(229, 0, 2, 0, 0, 0, '86.185.76.91', 1371741919, 'LOG_THEME_EDIT', 'a:2:{i:0;s:19:\"Artodia: Ultra Blue\";i:1;s:0:\"\";}'),(230, 0, 2, 0, 0, 0, '86.185.76.91', 1371741996, 'LOG_THEME_EDIT', 'a:2:{i:0;s:19:\"Artodia: Ultra Blue\";i:1;s:0:\"\";}'),(231, 0, 2, 0, 0, 0, '86.185.76.91', 1371742009, 'LOG_THEME_EDIT', 'a:2:{i:0;s:19:\"Artodia: Ultra Blue\";i:1;s:0:\"\";}'),(232, 0, 2, 0, 0, 0, '86.185.76.91', 1371742025, 'LOG_THEME_EDIT', 'a:2:{i:0;s:19:\"Artodia: Ultra Blue\";i:1;s:0:\"\";}'),(233, 0, 2, 0, 0, 0, '86.185.76.91', 1371742055, 'LOG_THEME_EDIT', 'a:2:{i:0;s:19:\"Artodia: Ultra Blue\";i:1;s:0:\"\";}'),(234, 0, 2, 0, 0, 0, '86.185.76.91', 1371742084, 'LOG_THEME_EDIT', 'a:2:{i:0;s:19:\"Artodia: Ultra Blue\";i:1;s:0:\"\";}'),(235, 0, 2, 0, 0, 0, '86.185.76.91', 1371742093, 'LOG_THEME_EDIT', 'a:2:{i:0;s:19:\"Artodia: Ultra Blue\";i:1;s:0:\"\";}'),(236, 0, 2, 0, 0, 0, '86.185.76.91', 1371742103, 'LOG_THEME_EDIT', 'a:2:{i:0;s:19:\"Artodia: Ultra Blue\";i:1;s:0:\"\";}'),(237, 0, 2, 0, 0, 0, '86.185.76.91', 1371742115, 'LOG_THEME_EDIT', 'a:2:{i:0;s:19:\"Artodia: Ultra Blue\";i:1;s:0:\"\";}'),(238, 0, 2, 0, 0, 0, '86.185.76.91', 1371746168, 'LOG_THEME_EDIT', 'a:2:{i:0;s:19:\"Artodia: Ultra Blue\";i:1;s:0:\"\";}'),(239, 0, 2, 0, 0, 0, '86.185.76.91', 1371746317, 'LOG_STYLE_DELETE', 'a:1:{i:0;s:7:\"crimson\";}'),(240, 0, 2, 0, 0, 0, '86.185.76.91', 1371746327, 'LOG_STYLE_DELETE', 'a:1:{i:0;s:9:\"prosilver\";}'),(241, 0, 2, 0, 0, 0, '86.185.76.91', 1371746394, 'LOG_TEMPLATE_CACHE_CLEARED', 'a:2:{i:0;s:19:\"Artodia: Ultra Blue\";i:1;s:14:\"overall_header\";}'),(242, 0, 2, 0, 0, 0, '86.185.76.91', 1371746394, 'LOG_TEMPLATE_EDIT', 'a:2:{i:0;s:19:\"Artodia: Ultra Blue\";i:1;s:19:\"overall_header.html\";}'),(243, 0, 2, 0, 0, 0, '86.185.76.91', 1371746426, 'LOG_THEME_EDIT', 'a:2:{i:0;s:19:\"Artodia: Ultra Blue\";i:1;s:0:\"\";}'),(244, 0, 2, 0, 0, 0, '86.185.76.91', 1371746467, 'LOG_THEME_EDIT', 'a:2:{i:0;s:19:\"Artodia: Ultra Blue\";i:1;s:0:\"\";}'),(245, 0, 2, 0, 0, 0, '86.185.76.91', 1371746508, 'LOG_THEME_EDIT', 'a:2:{i:0;s:19:\"Artodia: Ultra Blue\";i:1;s:0:\"\";}'),(246, 0, 2, 0, 0, 0, '86.185.76.91', 1371746521, 'LOG_THEME_EDIT', 'a:2:{i:0;s:19:\"Artodia: Ultra Blue\";i:1;s:0:\"\";}'),(247, 0, 2, 0, 0, 0, '86.185.76.91', 1371746535, 'LOG_THEME_EDIT', 'a:2:{i:0;s:19:\"Artodia: Ultra Blue\";i:1;s:0:\"\";}'),(248, 0, 2, 0, 0, 0, '86.185.76.91', 1371746545, 'LOG_THEME_EDIT', 'a:2:{i:0;s:19:\"Artodia: Ultra Blue\";i:1;s:0:\"\";}'),(249, 0, 2, 0, 0, 0, '86.185.76.91', 1371746720, 'LOG_THEME_EDIT', 'a:2:{i:0;s:19:\"Artodia: Ultra Blue\";i:1;s:0:\"\";}'),(250, 0, 2, 0, 0, 0, '86.185.76.91', 1371746774, 'LOG_THEME_EDIT', 'a:2:{i:0;s:19:\"Artodia: Ultra Blue\";i:1;s:0:\"\";}'),(251, 0, 2, 0, 0, 0, '86.185.76.91', 1371746916, 'LOG_TEMPLATE_CACHE_CLEARED', 'a:2:{i:0;s:19:\"Artodia: Ultra Blue\";i:1;s:14:\"overall_footer\";}'),(252, 0, 2, 0, 0, 0, '86.185.76.91', 1371746916, 'LOG_TEMPLATE_EDIT', 'a:2:{i:0;s:19:\"Artodia: Ultra Blue\";i:1;s:19:\"overall_footer.html\";}'),(253, 0, 2, 0, 0, 0, '86.185.76.91', 1371746946, 'LOG_THEME_EDIT', 'a:2:{i:0;s:19:\"Artodia: Ultra Blue\";i:1;s:0:\"\";}'),(254, 0, 2, 0, 0, 0, '86.185.76.91', 1371746975, 'LOG_THEME_EDIT', 'a:2:{i:0;s:19:\"Artodia: Ultra Blue\";i:1;s:0:\"\";}'),(255, 0, 2, 0, 0, 0, '86.185.76.91', 1371747037, 'LOG_TEMPLATE_CACHE_CLEARED', 'a:2:{i:0;s:19:\"Artodia: Ultra Blue\";i:1;s:14:\"overall_footer\";}'),(256, 0, 2, 0, 0, 0, '86.185.76.91', 1371747037, 'LOG_TEMPLATE_EDIT', 'a:2:{i:0;s:19:\"Artodia: Ultra Blue\";i:1;s:19:\"overall_footer.html\";}'),(257, 0, 2, 0, 0, 0, '86.185.76.91', 1371747081, 'LOG_TEMPLATE_CACHE_CLEARED', 'a:2:{i:0;s:19:\"Artodia: Ultra Blue\";i:1;s:14:\"overall_footer\";}'),(258, 0, 2, 0, 0, 0, '86.185.76.91', 1371747081, 'LOG_TEMPLATE_EDIT', 'a:2:{i:0;s:19:\"Artodia: Ultra Blue\";i:1;s:19:\"overall_footer.html\";}'),(259, 0, 2, 0, 0, 0, '86.185.76.91', 1371747115, 'LOG_TEMPLATE_CACHE_CLEARED', 'a:2:{i:0;s:19:\"Artodia: Ultra Blue\";i:1;s:14:\"overall_footer\";}'),(260, 0, 2, 0, 0, 0, '86.185.76.91', 1371747115, 'LOG_TEMPLATE_EDIT', 'a:2:{i:0;s:19:\"Artodia: Ultra Blue\";i:1;s:19:\"overall_footer.html\";}'),(261, 0, 2, 0, 0, 0, '86.185.76.91', 1371747138, 'LOG_TEMPLATE_CACHE_CLEARED', 'a:2:{i:0;s:19:\"Artodia: Ultra Blue\";i:1;s:14:\"overall_footer\";}'),(262, 0, 2, 0, 0, 0, '86.185.76.91', 1371747138, 'LOG_TEMPLATE_EDIT', 'a:2:{i:0;s:19:\"Artodia: Ultra Blue\";i:1;s:19:\"overall_footer.html\";}'),(263, 0, 2, 0, 0, 0, '86.185.76.91', 1371747203, 'LOG_THEME_EDIT', 'a:2:{i:0;s:19:\"Artodia: Ultra Blue\";i:1;s:0:\"\";}'),(264, 0, 2, 0, 0, 0, '86.185.76.91', 1371747255, 'LOG_TEMPLATE_CACHE_CLEARED', 'a:2:{i:0;s:19:\"Artodia: Ultra Blue\";i:1;s:14:\"overall_footer\";}'),(265, 0, 2, 0, 0, 0, '86.185.76.91', 1371747255, 'LOG_TEMPLATE_EDIT', 'a:2:{i:0;s:19:\"Artodia: Ultra Blue\";i:1;s:19:\"overall_footer.html\";}'),(266, 0, 2, 0, 0, 0, '86.185.76.91', 1371747270, 'LOG_TEMPLATE_CACHE_CLEARED', 'a:2:{i:0;s:19:\"Artodia: Ultra Blue\";i:1;s:14:\"overall_footer\";}'),(267, 0, 2, 0, 0, 0, '86.185.76.91', 1371747270, 'LOG_TEMPLATE_EDIT', 'a:2:{i:0;s:19:\"Artodia: Ultra Blue\";i:1;s:19:\"overall_footer.html\";}'),(268, 0, 2, 0, 0, 0, '86.185.76.91', 1371747339, 'LOG_GROUP_UPDATED', 'a:1:{i:0;s:7:\"Elfette\";}'),(269, 0, 2, 0, 0, 0, '86.185.76.91', 1371747376, 'LOG_GROUP_UPDATED', 'a:1:{i:0;s:16:\"Alliance Officer\";}'),(270, 0, 2, 0, 0, 0, '86.185.76.91', 1371747635, 'LOG_TEMPLATE_CACHE_CLEARED', 'a:2:{i:0;s:19:\"Artodia: Ultra Blue\";i:1;s:14:\"overall_footer\";}'),(271, 0, 2, 0, 0, 0, '86.185.76.91', 1371747635, 'LOG_TEMPLATE_EDIT', 'a:2:{i:0;s:19:\"Artodia: Ultra Blue\";i:1;s:19:\"overall_footer.html\";}'),(272, 0, 2, 0, 0, 0, '86.185.76.91', 1371747941, 'LOG_DB_BACKUP', ''),(273, 0, 2, 0, 0, 0, '86.185.76.91', 1371747964, 'LOG_DB_BACKUP', ''),(274, 3, 1, 0, 0, 54, '2.221.141.251', 1371749750, 'LOG_USER_ACTIVE_USER', ''),(275, 0, 2, 0, 0, 0, '86.185.76.91', 1371749819, 'LOG_GROUP_DEFAULTS', 'a:2:{i:0;s:3:\"Elf\";i:1;s:3:\"Joe\";}'),(276, 0, 2, 0, 0, 0, '86.185.76.91', 1371749819, 'LOG_MODS_ADDED', 'a:2:{i:0;s:3:\"Elf\";i:1;s:3:\"Joe\";}'),(277, 0, 2, 0, 0, 0, '86.185.76.91', 1371749833, 'LOG_USERS_ADDED', 'a:2:{i:0;s:15:\"Alliance Leader\";i:1;s:3:\"Joe\";}'),(278, 0, 2, 0, 0, 0, '86.185.76.91', 1371749841, 'LOG_GROUP_PROMOTED', 'a:2:{i:0;s:15:\"Alliance Leader\";i:1;s:3:\"Joe\";}'),(279, 0, 2, 0, 0, 0, '86.185.76.91', 1371750070, 'LOG_TEMPLATE_CACHE_CLEARED', 'a:2:{i:0;s:19:\"Artodia: Ultra Blue\";i:1;s:14:\"scripts_header\";}'),(280, 0, 2, 0, 0, 0, '86.185.76.91', 1371750070, 'LOG_TEMPLATE_EDIT', 'a:2:{i:0;s:19:\"Artodia: Ultra Blue\";i:1;s:19:\"scripts_header.html\";}'),(281, 0, 2, 0, 0, 0, '86.185.76.91', 1371750092, 'LOG_TEMPLATE_CACHE_CLEARED', 'a:2:{i:0;s:19:\"Artodia: Ultra Blue\";i:1;s:14:\"scripts_header\";}'),(282, 0, 2, 0, 0, 0, '86.185.76.91', 1371750092, 'LOG_TEMPLATE_EDIT', 'a:2:{i:0;s:19:\"Artodia: Ultra Blue\";i:1;s:19:\"scripts_header.html\";}'),(283, 0, 2, 0, 0, 0, '86.185.76.91', 1371759147, 'LOG_THEME_EDIT', 'a:2:{i:0;s:19:\"Artodia: Ultra Blue\";i:1;s:0:\"\";}'),(284, 0, 2, 0, 0, 0, '86.185.76.91', 1371816842, 'LOG_TEMPLATE_CACHE_CLEARED', 'a:2:{i:0;s:19:\"Artodia: Ultra Blue\";i:1;s:14:\"overall_header\";}'),(285, 0, 2, 0, 0, 0, '86.185.76.91', 1371816842, 'LOG_TEMPLATE_EDIT', 'a:2:{i:0;s:19:\"Artodia: Ultra Blue\";i:1;s:19:\"overall_header.html\";}'),(286, 0, 2, 0, 0, 0, '86.185.76.91', 1371835373, 'LOG_ADMIN_AUTH_SUCCESS', ''),(287, 0, 2, 0, 0, 0, '86.185.76.91', 1371835394, 'LOG_CONFIG_AVATAR', ''),(288, 0, 2, 0, 0, 0, '86.185.76.91', 1371835498, 'LOG_CONFIG_AVATAR', ''),(289, 0, 2, 0, 0, 0, '86.185.76.91', 1371902307, 'LOG_ADMIN_AUTH_SUCCESS', ''),(290, 0, 2, 0, 0, 0, '86.185.76.91', 1371902401, 'LOG_PROFILE_FIELD_CREATE', 'a:1:{i:0;s:21:\"main_class:Main Class\";}'),(291, 0, 2, 0, 0, 0, '86.185.76.91', 1371902443, 'LOG_PROFILE_FIELD_CREATE', 'a:1:{i:0;s:11:\"level:Level\";}'),(292, 0, 2, 0, 0, 0, '86.185.76.91', 1371902562, 'LOG_PROFILE_FIELD_CREATE', 'a:1:{i:0;s:27:\"hit_toughness:Hit/Toughness\";}'),(293, 1, 54, 21, 2, 0, '2.221.141.251', 1371921980, 'LOG_POST_EDITED', 'a:2:{i:0;s:30:\"Welcome to the new CCA Forums!\";i:1;s:4:\"Jade\";}'),(294, 0, 2, 0, 0, 0, '86.185.76.91', 1372081331, 'LOG_ADMIN_AUTH_SUCCESS', ''),(295, 0, 2, 0, 0, 0, '86.185.76.91', 1372094363, 'LOG_ADMIN_AUTH_SUCCESS', ''),(296, 0, 2, 0, 0, 0, '86.185.76.91', 1372100051, 'LOG_DB_RESTORE', ''),(297, 0, 2, 0, 0, 0, '86.185.76.91', 1372100103, 'LOG_ADMIN_AUTH_SUCCESS', ''),(298, 0, 2, 0, 0, 0, '86.185.76.91', 1372100184, 'LOG_TEMPLATE_CACHE_CLEARED', 'a:2:{i:0;s:19:\"Artodia: Ultra Blue\";i:1;s:14:\"scripts_header\";}'),(299, 0, 2, 0, 0, 0, '86.185.76.91', 1372100184, 'LOG_TEMPLATE_EDIT', 'a:2:{i:0;s:19:\"Artodia: Ultra Blue\";i:1;s:19:\"scripts_header.html\";}'),(300, 0, 2, 0, 0, 0, '86.185.76.91', 1372100200, 'LOG_TEMPLATE_CACHE_CLEARED', 'a:2:{i:0;s:19:\"Artodia: Ultra Blue\";i:1;s:14:\"overall_footer\";}'),(301, 0, 2, 0, 0, 0, '86.185.76.91', 1372100200, 'LOG_TEMPLATE_EDIT', 'a:2:{i:0;s:19:\"Artodia: Ultra Blue\";i:1;s:19:\"overall_footer.html\";}'),(302, 0, 2, 0, 0, 0, '86.185.76.91', 1372100540, 'LOG_DB_BACKUP', ''),(303, 0, 2, 0, 0, 0, '86.185.76.91', 1372100566, 'LOG_CONFIG_SETTINGS', '');

# Table: phpbb_login_attempts
DROP TABLE IF EXISTS phpbb_login_attempts;
CREATE TABLE `phpbb_login_attempts` (
  `attempt_ip` varchar(40) collate utf8_bin NOT NULL default '',
  `attempt_browser` varchar(150) collate utf8_bin NOT NULL default '',
  `attempt_forwarded_for` varchar(255) collate utf8_bin NOT NULL default '',
  `attempt_time` int(11) unsigned NOT NULL default '0',
  `user_id` mediumint(8) unsigned NOT NULL default '0',
  `username` varchar(255) collate utf8_bin NOT NULL default '0',
  `username_clean` varchar(255) collate utf8_bin NOT NULL default '0',
  KEY `att_ip` (`attempt_ip`,`attempt_time`),
  KEY `att_for` (`attempt_forwarded_for`,`attempt_time`),
  KEY `att_time` (`attempt_time`),
  KEY `user_id` (`user_id`)
) ENGINE=MyISAM DEFAULT CHARSET=utf8 COLLATE=utf8_bin;

INSERT INTO phpbb_login_attempts (attempt_ip, attempt_browser, attempt_forwarded_for, attempt_time, user_id, username, username_clean) VALUES ('2.221.141.251', 'Mozilla/5.0 (Windows NT 6.1; WOW64) AppleWebKit/537.36 (KHTML, like Gecko) Chrome/27.0.1453.116 Safari/537.36', '', 1371741129, 0, 'jshawl@live.com', 'jshawl@live.com'),('2.221.141.251', 'Mozilla/5.0 (Windows NT 6.1; WOW64) AppleWebKit/537.36 (KHTML, like Gecko) Chrome/27.0.1453.116 Safari/537.36', '', 1371837372, 0, 'jshawl@live.com', 'jshawl@live.com'),('2.221.141.251', 'Mozilla/5.0 (Windows NT 6.1; WOW64) AppleWebKit/537.36 (KHTML, like Gecko) Chrome/27.0.1453.116 Safari/537.36', '', 1371837383, 0, 'jshawl@live.com', 'jshawl@live.com');

# Table: phpbb_moderator_cache
DROP TABLE IF EXISTS phpbb_moderator_cache;
CREATE TABLE `phpbb_moderator_cache` (
  `forum_id` mediumint(8) unsigned NOT NULL default '0',
  `user_id` mediumint(8) unsigned NOT NULL default '0',
  `username` varchar(255) collate utf8_bin NOT NULL default '',
  `group_id` mediumint(8) unsigned NOT NULL default '0',
  `group_name` varchar(255) collate utf8_bin NOT NULL default '',
  `display_on_index` tinyint(1) unsigned NOT NULL default '1',
  KEY `disp_idx` (`display_on_index`),
  KEY `forum_id` (`forum_id`)
) ENGINE=MyISAM DEFAULT CHARSET=utf8 COLLATE=utf8_bin;

INSERT INTO phpbb_moderator_cache (forum_id, user_id, username, group_id, group_name, display_on_index) VALUES (0, 0, '', 8, 'Alliance Leader', 1),(3, 0, '', 8, 'Alliance Leader', 1),(4, 0, '', 8, 'Alliance Leader', 1),(5, 0, '', 8, 'Alliance Leader', 1),(6, 0, '', 8, 'Alliance Leader', 1),(7, 0, '', 8, 'Alliance Leader', 1),(8, 0, '', 8, 'Alliance Leader', 1),(9, 0, '', 8, 'Alliance Leader', 1),(10, 0, '', 8, 'Alliance Leader', 1),(11, 0, '', 8, 'Alliance Leader', 1),(12, 0, '', 8, 'Alliance Leader', 1),(13, 0, '', 8, 'Alliance Leader', 1),(14, 0, '', 8, 'Alliance Leader', 1),(15, 0, '', 8, 'Alliance Leader', 1),(16, 0, '', 8, 'Alliance Leader', 1),(17, 0, '', 8, 'Alliance Leader', 1),(18, 0, '', 8, 'Alliance Leader', 1),(19, 0, '', 8, 'Alliance Leader', 1),(20, 0, '', 8, 'Alliance Leader', 1),(21, 0, '', 8, 'Alliance Leader', 1),(22, 0, '', 8, 'Alliance Leader', 1),(23, 0, '', 8, 'Alliance Leader', 1),(3, 0, '', 9, 'Alliance Officer', 1),(4, 0, '', 9, 'Alliance Officer', 1),(5, 0, '', 9, 'Alliance Officer', 1),(6, 0, '', 9, 'Alliance Officer', 1),(7, 0, '', 9, 'Alliance Officer', 1),(8, 0, '', 9, 'Alliance Officer', 1),(9, 0, '', 9, 'Alliance Officer', 1),(10, 0, '', 9, 'Alliance Officer', 1),(11, 0, '', 9, 'Alliance Officer', 1),(12, 0, '', 9, 'Alliance Officer', 1),(13, 0, '', 9, 'Alliance Officer', 1),(14, 0, '', 9, 'Alliance Officer', 1),(15, 0, '', 9, 'Alliance Officer', 1),(16, 0, '', 9, 'Alliance Officer', 1),(17, 0, '', 9, 'Alliance Officer', 1),(18, 0, '', 9, 'Alliance Officer', 1),(19, 0, '', 9, 'Alliance Officer', 1),(20, 0, '', 9, 'Alliance Officer', 1),(21, 0, '', 9, 'Alliance Officer', 1),(22, 0, '', 9, 'Alliance Officer', 1),(23, 0, '', 9, 'Alliance Officer', 1),(0, 0, '', 9, 'Alliance Officer', 1),(0, 0, '', 14, 'Elfette', 1);

# Table: phpbb_modules
DROP TABLE IF EXISTS phpbb_modules;
CREATE TABLE `phpbb_modules` (
  `module_id` mediumint(8) unsigned NOT NULL auto_increment,
  `module_enabled` tinyint(1) unsigned NOT NULL default '1',
  `module_display` tinyint(1) unsigned NOT NULL default '1',
  `module_basename` varchar(255) collate utf8_bin NOT NULL default '',
  `module_class` varchar(10) collate utf8_bin NOT NULL default '',
  `parent_id` mediumint(8) unsigned NOT NULL default '0',
  `left_id` mediumint(8) unsigned NOT NULL default '0',
  `right_id` mediumint(8) unsigned NOT NULL default '0',
  `module_langname` varchar(255) collate utf8_bin NOT NULL default '',
  `module_mode` varchar(255) collate utf8_bin NOT NULL default '',
  `module_auth` varchar(255) collate utf8_bin NOT NULL default '',
  PRIMARY KEY  (`module_id`),
  KEY `left_right_id` (`left_id`,`right_id`),
  KEY `module_enabled` (`module_enabled`),
  KEY `class_left_id` (`module_class`,`left_id`)
) ENGINE=MyISAM AUTO_INCREMENT=199 DEFAULT CHARSET=utf8 COLLATE=utf8_bin;

INSERT INTO phpbb_modules (module_id, module_enabled, module_display, module_basename, module_class, parent_id, left_id, right_id, module_langname, module_mode, module_auth) VALUES (1, 1, 1, '', 'acp', 0, 1, 64, 'ACP_CAT_GENERAL', '', ''),(2, 1, 1, '', 'acp', 1, 4, 17, 'ACP_QUICK_ACCESS', '', ''),(3, 1, 1, '', 'acp', 1, 18, 41, 'ACP_BOARD_CONFIGURATION', '', ''),(4, 1, 1, '', 'acp', 1, 42, 49, 'ACP_CLIENT_COMMUNICATION', '', ''),(5, 1, 1, '', 'acp', 1, 50, 63, 'ACP_SERVER_CONFIGURATION', '', ''),(6, 1, 1, '', 'acp', 0, 65, 84, 'ACP_CAT_FORUMS', '', ''),(7, 1, 1, '', 'acp', 6, 66, 71, 'ACP_MANAGE_FORUMS', '', ''),(8, 1, 1, '', 'acp', 6, 72, 83, 'ACP_FORUM_BASED_PERMISSIONS', '', ''),(9, 1, 1, '', 'acp', 0, 85, 110, 'ACP_CAT_POSTING', '', ''),(10, 1, 1, '', 'acp', 9, 86, 99, 'ACP_MESSAGES', '', ''),(11, 1, 1, '', 'acp', 9, 100, 109, 'ACP_ATTACHMENTS', '', ''),(12, 1, 1, '', 'acp', 0, 111, 166, 'ACP_CAT_USERGROUP', '', ''),(13, 1, 1, '', 'acp', 12, 112, 145, 'ACP_CAT_USERS', '', ''),(14, 1, 1, '', 'acp', 12, 146, 153, 'ACP_GROUPS', '', ''),(15, 1, 1, '', 'acp', 12, 154, 165, 'ACP_USER_SECURITY', '', ''),(16, 1, 1, '', 'acp', 0, 167, 216, 'ACP_CAT_PERMISSIONS', '', ''),(17, 1, 1, '', 'acp', 16, 170, 179, 'ACP_GLOBAL_PERMISSIONS', '', ''),(18, 1, 1, '', 'acp', 16, 180, 191, 'ACP_FORUM_BASED_PERMISSIONS', '', ''),(19, 1, 1, '', 'acp', 16, 192, 201, 'ACP_PERMISSION_ROLES', '', ''),(20, 1, 1, '', 'acp', 16, 202, 215, 'ACP_PERMISSION_MASKS', '', ''),(21, 1, 1, '', 'acp', 0, 217, 230, 'ACP_CAT_STYLES', '', ''),(22, 1, 1, '', 'acp', 21, 218, 221, 'ACP_STYLE_MANAGEMENT', '', ''),(23, 1, 1, '', 'acp', 21, 222, 229, 'ACP_STYLE_COMPONENTS', '', ''),(24, 1, 1, '', 'acp', 0, 231, 250, 'ACP_CAT_MAINTENANCE', '', ''),(25, 1, 1, '', 'acp', 24, 232, 241, 'ACP_FORUM_LOGS', '', ''),(26, 1, 1, '', 'acp', 24, 242, 249, 'ACP_CAT_DATABASE', '', ''),(27, 1, 1, '', 'acp', 0, 251, 276, 'ACP_CAT_SYSTEM', '', ''),(28, 1, 1, '', 'acp', 27, 252, 255, 'ACP_AUTOMATION', '', ''),(29, 1, 1, '', 'acp', 27, 256, 267, 'ACP_GENERAL_TASKS', '', ''),(30, 1, 1, '', 'acp', 27, 268, 275, 'ACP_MODULE_MANAGEMENT', '', ''),(31, 1, 1, '', 'acp', 0, 277, 278, 'ACP_CAT_DOT_MODS', '', ''),(32, 1, 1, 'attachments', 'acp', 3, 19, 20, 'ACP_ATTACHMENT_SETTINGS', 'attach', 'acl_a_attach'),(33, 1, 1, 'attachments', 'acp', 11, 101, 102, 'ACP_ATTACHMENT_SETTINGS', 'attach', 'acl_a_attach'),(34, 1, 1, 'attachments', 'acp', 11, 103, 104, 'ACP_MANAGE_EXTENSIONS', 'extensions', 'acl_a_attach'),(35, 1, 1, 'attachments', 'acp', 11, 105, 106, 'ACP_EXTENSION_GROUPS', 'ext_groups', 'acl_a_attach'),(36, 1, 1, 'attachments', 'acp', 11, 107, 108, 'ACP_ORPHAN_ATTACHMENTS', 'orphan', 'acl_a_attach'),(37, 1, 1, 'ban', 'acp', 15, 155, 156, 'ACP_BAN_EMAILS', 'email', 'acl_a_ban'),(38, 1, 1, 'ban', 'acp', 15, 157, 158, 'ACP_BAN_IPS', 'ip', 'acl_a_ban'),(39, 1, 1, 'ban', 'acp', 15, 159, 160, 'ACP_BAN_USERNAMES', 'user', 'acl_a_ban'),(40, 1, 1, 'bbcodes', 'acp', 10, 87, 88, 'ACP_BBCODES', 'bbcodes', 'acl_a_bbcode'),(41, 1, 1, 'board', 'acp', 3, 21, 22, 'ACP_BOARD_SETTINGS', 'settings', 'acl_a_board'),(42, 1, 1, 'board', 'acp', 3, 23, 24, 'ACP_BOARD_FEATURES', 'features', 'acl_a_board'),(43, 1, 1, 'board', 'acp', 3, 25, 26, 'ACP_AVATAR_SETTINGS', 'avatar', 'acl_a_board'),(44, 1, 1, 'board', 'acp', 3, 27, 28, 'ACP_MESSAGE_SETTINGS', 'message', 'acl_a_board'),(45, 1, 1, 'board', 'acp', 10, 89, 90, 'ACP_MESSAGE_SETTINGS', 'message', 'acl_a_board'),(46, 1, 1, 'board', 'acp', 3, 29, 30, 'ACP_POST_SETTINGS', 'post', 'acl_a_board'),(47, 1, 1, 'board', 'acp', 10, 91, 92, 'ACP_POST_SETTINGS', 'post', 'acl_a_board'),(48, 1, 1, 'board', 'acp', 3, 31, 32, 'ACP_SIGNATURE_SETTINGS', 'signature', 'acl_a_board'),(49, 1, 1, 'board', 'acp', 3, 33, 34, 'ACP_FEED_SETTINGS', 'feed', 'acl_a_board'),(50, 1, 1, 'board', 'acp', 3, 35, 36, 'ACP_REGISTER_SETTINGS', 'registration', 'acl_a_board'),(51, 1, 1, 'board', 'acp', 4, 43, 44, 'ACP_AUTH_SETTINGS', 'auth', 'acl_a_server'),(52, 1, 1, 'board', 'acp', 4, 45, 46, 'ACP_EMAIL_SETTINGS', 'email', 'acl_a_server'),(53, 1, 1, 'board', 'acp', 5, 51, 52, 'ACP_COOKIE_SETTINGS', 'cookie', 'acl_a_server'),(54, 1, 1, 'board', 'acp', 5, 53, 54, 'ACP_SERVER_SETTINGS', 'server', 'acl_a_server'),(55, 1, 1, 'board', 'acp', 5, 55, 56, 'ACP_SECURITY_SETTINGS', 'security', 'acl_a_server'),(56, 1, 1, 'board', 'acp', 5, 57, 58, 'ACP_LOAD_SETTINGS', 'load', 'acl_a_server'),(57, 1, 1, 'bots', 'acp', 29, 257, 258, 'ACP_BOTS', 'bots', 'acl_a_bots'),(58, 1, 1, 'captcha', 'acp', 3, 37, 38, 'ACP_VC_SETTINGS', 'visual', 'acl_a_board'),(59, 1, 0, 'captcha', 'acp', 3, 39, 40, 'ACP_VC_CAPTCHA_DISPLAY', 'img', 'acl_a_board'),(60, 1, 1, 'database', 'acp', 26, 243, 244, 'ACP_BACKUP', 'backup', 'acl_a_backup'),(61, 1, 1, 'database', 'acp', 26, 245, 246, 'ACP_RESTORE', 'restore', 'acl_a_backup'),(62, 1, 1, 'disallow', 'acp', 15, 161, 162, 'ACP_DISALLOW_USERNAMES', 'usernames', 'acl_a_names'),(63, 1, 1, 'email', 'acp', 29, 259, 260, 'ACP_MASS_EMAIL', 'email', 'acl_a_email && cfg_email_enable'),(64, 1, 1, 'forums', 'acp', 7, 67, 68, 'ACP_MANAGE_FORUMS', 'manage', 'acl_a_forum'),(65, 1, 1, 'groups', 'acp', 14, 147, 148, 'ACP_GROUPS_MANAGE', 'manage', 'acl_a_group'),(66, 1, 1, 'icons', 'acp', 10, 93, 94, 'ACP_ICONS', 'icons', 'acl_a_icons'),(67, 1, 1, 'icons', 'acp', 10, 95, 96, 'ACP_SMILIES', 'smilies', 'acl_a_icons'),(68, 1, 1, 'inactive', 'acp', 13, 115, 116, 'ACP_INACTIVE_USERS', 'list', 'acl_a_user'),(69, 1, 1, 'jabber', 'acp', 4, 47, 48, 'ACP_JABBER_SETTINGS', 'settings', 'acl_a_jabber'),(70, 1, 1, 'language', 'acp', 29, 261, 262, 'ACP_LANGUAGE_PACKS', 'lang_packs', 'acl_a_language'),(71, 1, 1, 'logs', 'acp', 25, 233, 234, 'ACP_ADMIN_LOGS', 'admin', 'acl_a_viewlogs'),(72, 1, 1, 'logs', 'acp', 25, 235, 236, 'ACP_MOD_LOGS', 'mod', 'acl_a_viewlogs'),(73, 1, 1, 'logs', 'acp', 25, 237, 238, 'ACP_USERS_LOGS', 'users', 'acl_a_viewlogs'),(74, 1, 1, 'logs', 'acp', 25, 239, 240, 'ACP_CRITICAL_LOGS', 'critical', 'acl_a_viewlogs'),(75, 1, 1, 'main', 'acp', 1, 2, 3, 'ACP_INDEX', 'main', ''),(76, 1, 1, 'modules', 'acp', 30, 269, 270, 'ACP', 'acp', 'acl_a_modules'),(77, 1, 1, 'modules', 'acp', 30, 271, 272, 'UCP', 'ucp', 'acl_a_modules'),(78, 1, 1, 'modules', 'acp', 30, 273, 274, 'MCP', 'mcp', 'acl_a_modules'),(79, 1, 1, 'permission_roles', 'acp', 19, 193, 194, 'ACP_ADMIN_ROLES', 'admin_roles', 'acl_a_roles && acl_a_aauth'),(80, 1, 1, 'permission_roles', 'acp', 19, 195, 196, 'ACP_USER_ROLES', 'user_roles', 'acl_a_roles && acl_a_uauth'),(81, 1, 1, 'permission_roles', 'acp', 19, 197, 198, 'ACP_MOD_ROLES', 'mod_roles', 'acl_a_roles && acl_a_mauth'),(82, 1, 1, 'permission_roles', 'acp', 19, 199, 200, 'ACP_FORUM_ROLES', 'forum_roles', 'acl_a_roles && acl_a_fauth'),(83, 1, 1, 'permissions', 'acp', 16, 168, 169, 'ACP_PERMISSIONS', 'intro', 'acl_a_authusers || acl_a_authgroups || acl_a_viewauth'),(84, 1, 0, 'permissions', 'acp', 20, 203, 204, 'ACP_PERMISSION_TRACE', 'trace', 'acl_a_viewauth'),(85, 1, 1, 'permissions', 'acp', 18, 181, 182, 'ACP_FORUM_PERMISSIONS', 'setting_forum_local', 'acl_a_fauth && (acl_a_authusers || acl_a_authgroups)'),(86, 1, 1, 'permissions', 'acp', 18, 183, 184, 'ACP_FORUM_PERMISSIONS_COPY', 'setting_forum_copy', 'acl_a_fauth && acl_a_authusers && acl_a_authgroups && acl_a_mauth'),(87, 1, 1, 'permissions', 'acp', 18, 185, 186, 'ACP_FORUM_MODERATORS', 'setting_mod_local', 'acl_a_mauth && (acl_a_authusers || acl_a_authgroups)'),(88, 1, 1, 'permissions', 'acp', 17, 171, 172, 'ACP_USERS_PERMISSIONS', 'setting_user_global', 'acl_a_authusers && (acl_a_aauth || acl_a_mauth || acl_a_uauth)'),(89, 1, 1, 'permissions', 'acp', 13, 117, 118, 'ACP_USERS_PERMISSIONS', 'setting_user_global', 'acl_a_authusers && (acl_a_aauth || acl_a_mauth || acl_a_uauth)'),(90, 1, 1, 'permissions', 'acp', 18, 187, 188, 'ACP_USERS_FORUM_PERMISSIONS', 'setting_user_local', 'acl_a_authusers && (acl_a_mauth || acl_a_fauth)'),(91, 1, 1, 'permissions', 'acp', 13, 119, 120, 'ACP_USERS_FORUM_PERMISSIONS', 'setting_user_local', 'acl_a_authusers && (acl_a_mauth || acl_a_fauth)'),(92, 1, 1, 'permissions', 'acp', 17, 173, 174, 'ACP_GROUPS_PERMISSIONS', 'setting_group_global', 'acl_a_authgroups && (acl_a_aauth || acl_a_mauth || acl_a_uauth)'),(93, 1, 1, 'permissions', 'acp', 14, 149, 150, 'ACP_GROUPS_PERMISSIONS', 'setting_group_global', 'acl_a_authgroups && (acl_a_aauth || acl_a_mauth || acl_a_uauth)'),(94, 1, 1, 'permissions', 'acp', 18, 189, 190, 'ACP_GROUPS_FORUM_PERMISSIONS', 'setting_group_local', 'acl_a_authgroups && (acl_a_mauth || acl_a_fauth)'),(95, 1, 1, 'permissions', 'acp', 14, 151, 152, 'ACP_GROUPS_FORUM_PERMISSIONS', 'setting_group_local', 'acl_a_authgroups && (acl_a_mauth || acl_a_fauth)'),(96, 1, 1, 'permissions', 'acp', 17, 175, 176, 'ACP_ADMINISTRATORS', 'setting_admin_global', 'acl_a_aauth && (acl_a_authusers || acl_a_authgroups)'),(97, 1, 1, 'permissions', 'acp', 17, 177, 178, 'ACP_GLOBAL_MODERATORS', 'setting_mod_global', 'acl_a_mauth && (acl_a_authusers || acl_a_authgroups)'),(98, 1, 1, 'permissions', 'acp', 20, 205, 206, 'ACP_VIEW_ADMIN_PERMISSIONS', 'view_admin_global', 'acl_a_viewauth'),(99, 1, 1, 'permissions', 'acp', 20, 207, 208, 'ACP_VIEW_USER_PERMISSIONS', 'view_user_global', 'acl_a_viewauth'),(100, 1, 1, 'permissions', 'acp', 20, 209, 210, 'ACP_VIEW_GLOBAL_MOD_PERMISSIONS', 'view_mod_global', 'acl_a_viewauth'),(101, 1, 1, 'permissions', 'acp', 20, 211, 212, 'ACP_VIEW_FORUM_MOD_PERMISSIONS', 'view_mod_local', 'acl_a_viewauth'),(102, 1, 1, 'permissions', 'acp', 20, 213, 214, 'ACP_VIEW_FORUM_PERMISSIONS', 'view_forum_local', 'acl_a_viewauth'),(103, 1, 1, 'php_info', 'acp', 29, 263, 264, 'ACP_PHP_INFO', 'info', 'acl_a_phpinfo'),(104, 1, 1, 'profile', 'acp', 13, 121, 122, 'ACP_CUSTOM_PROFILE_FIELDS', 'profile', 'acl_a_profile'),(105, 1, 1, 'prune', 'acp', 7, 69, 70, 'ACP_PRUNE_FORUMS', 'forums', 'acl_a_prune'),(106, 1, 1, 'prune', 'acp', 15, 163, 164, 'ACP_PRUNE_USERS', 'users', 'acl_a_userdel'),(107, 1, 1, 'ranks', 'acp', 13, 123, 124, 'ACP_MANAGE_RANKS', 'ranks', 'acl_a_ranks'),(108, 1, 1, 'reasons', 'acp', 29, 265, 266, 'ACP_MANAGE_REASONS', 'main', 'acl_a_reasons'),(109, 1, 1, 'search', 'acp', 5, 59, 60, 'ACP_SEARCH_SETTINGS', 'settings', 'acl_a_search'),(110, 1, 1, 'search', 'acp', 26, 247, 248, 'ACP_SEARCH_INDEX', 'index', 'acl_a_search'),(111, 1, 1, 'send_statistics', 'acp', 5, 61, 62, 'ACP_SEND_STATISTICS', 'send_statistics', 'acl_a_server'),(112, 1, 1, 'styles', 'acp', 22, 219, 220, 'ACP_STYLES', 'style', 'acl_a_styles'),(113, 1, 1, 'styles', 'acp', 23, 223, 224, 'ACP_TEMPLATES', 'template', 'acl_a_styles'),(114, 1, 1, 'styles', 'acp', 23, 225, 226, 'ACP_THEMES', 'theme', 'acl_a_styles'),(115, 1, 1, 'styles', 'acp', 23, 227, 228, 'ACP_IMAGESETS', 'imageset', 'acl_a_styles'),(116, 1, 1, 'update', 'acp', 28, 253, 254, 'ACP_VERSION_CHECK', 'version_check', 'acl_a_board'),(117, 1, 1, 'users', 'acp', 13, 113, 114, 'ACP_MANAGE_USERS', 'overview', 'acl_a_user'),(118, 1, 0, 'users', 'acp', 13, 125, 126, 'ACP_USER_FEEDBACK', 'feedback', 'acl_a_user'),(119, 1, 0, 'users', 'acp', 13, 127, 128, 'ACP_USER_WARNINGS', 'warnings', 'acl_a_user'),(120, 1, 0, 'users', 'acp', 13, 129, 130, 'ACP_USER_PROFILE', 'profile', 'acl_a_user'),(121, 1, 0, 'users', 'acp', 13, 131, 132, 'ACP_USER_PREFS', 'prefs', 'acl_a_user'),(122, 1, 0, 'users', 'acp', 13, 133, 134, 'ACP_USER_AVATAR', 'avatar', 'acl_a_user'),(123, 1, 0, 'users', 'acp', 13, 135, 136, 'ACP_USER_RANK', 'rank', 'acl_a_user'),(124, 1, 0, 'users', 'acp', 13, 137, 138, 'ACP_USER_SIG', 'sig', 'acl_a_user'),(125, 1, 0, 'users', 'acp', 13, 139, 140, 'ACP_USER_GROUPS', 'groups', 'acl_a_user && acl_a_group'),(126, 1, 0, 'users', 'acp', 13, 141, 142, 'ACP_USER_PERM', 'perm', 'acl_a_user && acl_a_viewauth'),(127, 1, 0, 'users', 'acp', 13, 143, 144, 'ACP_USER_ATTACH', 'attach', 'acl_a_user'),(128, 1, 1, 'words', 'acp', 10, 97, 98, 'ACP_WORDS', 'words', 'acl_a_words'),(129, 1, 1, 'users', 'acp', 2, 5, 6, 'ACP_MANAGE_USERS', 'overview', 'acl_a_user'),(130, 1, 1, 'groups', 'acp', 2, 7, 8, 'ACP_GROUPS_MANAGE', 'manage', 'acl_a_group'),(131, 1, 1, 'forums', 'acp', 2, 9, 10, 'ACP_MANAGE_FORUMS', 'manage', 'acl_a_forum'),(132, 1, 1, 'logs', 'acp', 2, 11, 12, 'ACP_MOD_LOGS', 'mod', 'acl_a_viewlogs'),(133, 1, 1, 'bots', 'acp', 2, 13, 14, 'ACP_BOTS', 'bots', 'acl_a_bots'),(134, 1, 1, 'php_info', 'acp', 2, 15, 16, 'ACP_PHP_INFO', 'info', 'acl_a_phpinfo'),(135, 1, 1, 'permissions', 'acp', 8, 73, 74, 'ACP_FORUM_PERMISSIONS', 'setting_forum_local', 'acl_a_fauth && (acl_a_authusers || acl_a_authgroups)'),(136, 1, 1, 'permissions', 'acp', 8, 75, 76, 'ACP_FORUM_PERMISSIONS_COPY', 'setting_forum_copy', 'acl_a_fauth && acl_a_authusers && acl_a_authgroups && acl_a_mauth'),(137, 1, 1, 'permissions', 'acp', 8, 77, 78, 'ACP_FORUM_MODERATORS', 'setting_mod_local', 'acl_a_mauth && (acl_a_authusers || acl_a_authgroups)'),(138, 1, 1, 'permissions', 'acp', 8, 79, 80, 'ACP_USERS_FORUM_PERMISSIONS', 'setting_user_local', 'acl_a_authusers && (acl_a_mauth || acl_a_fauth)'),(139, 1, 1, 'permissions', 'acp', 8, 81, 82, 'ACP_GROUPS_FORUM_PERMISSIONS', 'setting_group_local', 'acl_a_authgroups && (acl_a_mauth || acl_a_fauth)'),(140, 1, 1, '', 'mcp', 0, 1, 10, 'MCP_MAIN', '', ''),(141, 1, 1, '', 'mcp', 0, 11, 18, 'MCP_QUEUE', '', ''),(142, 1, 1, '', 'mcp', 0, 19, 32, 'MCP_REPORTS', '', ''),(143, 1, 1, '', 'mcp', 0, 33, 38, 'MCP_NOTES', '', ''),(144, 1, 1, '', 'mcp', 0, 39, 48, 'MCP_WARN', '', ''),(145, 1, 1, '', 'mcp', 0, 49, 56, 'MCP_LOGS', '', ''),(146, 1, 1, '', 'mcp', 0, 57, 64, 'MCP_BAN', '', ''),(147, 1, 1, 'ban', 'mcp', 146, 58, 59, 'MCP_BAN_USERNAMES', 'user', 'acl_m_ban'),(148, 1, 1, 'ban', 'mcp', 146, 60, 61, 'MCP_BAN_IPS', 'ip', 'acl_m_ban'),(149, 1, 1, 'ban', 'mcp', 146, 62, 63, 'MCP_BAN_EMAILS', 'email', 'acl_m_ban'),(150, 1, 1, 'logs', 'mcp', 145, 50, 51, 'MCP_LOGS_FRONT', 'front', 'acl_m_ || aclf_m_'),(151, 1, 1, 'logs', 'mcp', 145, 52, 53, 'MCP_LOGS_FORUM_VIEW', 'forum_logs', 'acl_m_,$id'),(152, 1, 1, 'logs', 'mcp', 145, 54, 55, 'MCP_LOGS_TOPIC_VIEW', 'topic_logs', 'acl_m_,$id'),(153, 1, 1, 'main', 'mcp', 140, 2, 3, 'MCP_MAIN_FRONT', 'front', ''),(154, 1, 1, 'main', 'mcp', 140, 4, 5, 'MCP_MAIN_FORUM_VIEW', 'forum_view', 'acl_m_,$id'),(155, 1, 1, 'main', 'mcp', 140, 6, 7, 'MCP_MAIN_TOPIC_VIEW', 'topic_view', 'acl_m_,$id'),(156, 1, 1, 'main', 'mcp', 140, 8, 9, 'MCP_MAIN_POST_DETAILS', 'post_details', 'acl_m_,$id || (!$id && aclf_m_)'),(157, 1, 1, 'notes', 'mcp', 143, 34, 35, 'MCP_NOTES_FRONT', 'front', ''),(158, 1, 1, 'notes', 'mcp', 143, 36, 37, 'MCP_NOTES_USER', 'user_notes', ''),(159, 1, 1, 'pm_reports', 'mcp', 142, 20, 21, 'MCP_PM_REPORTS_OPEN', 'pm_reports', 'aclf_m_report'),(160, 1, 1, 'pm_reports', 'mcp', 142, 22, 23, 'MCP_PM_REPORTS_CLOSED', 'pm_reports_closed', 'aclf_m_report'),(161, 1, 1, 'pm_reports', 'mcp', 142, 24, 25, 'MCP_PM_REPORT_DETAILS', 'pm_report_details', 'aclf_m_report'),(162, 1, 1, 'queue', 'mcp', 141, 12, 13, 'MCP_QUEUE_UNAPPROVED_TOPICS', 'unapproved_topics', 'aclf_m_approve'),(163, 1, 1, 'queue', 'mcp', 141, 14, 15, 'MCP_QUEUE_UNAPPROVED_POSTS', 'unapproved_posts', 'aclf_m_approve'),(164, 1, 1, 'queue', 'mcp', 141, 16, 17, 'MCP_QUEUE_APPROVE_DETAILS', 'approve_details', 'acl_m_approve,$id || (!$id && aclf_m_approve)'),(165, 1, 1, 'reports', 'mcp', 142, 26, 27, 'MCP_REPORTS_OPEN', 'reports', 'aclf_m_report'),(166, 1, 1, 'reports', 'mcp', 142, 28, 29, 'MCP_REPORTS_CLOSED', 'reports_closed', 'aclf_m_report'),(167, 1, 1, 'reports', 'mcp', 142, 30, 31, 'MCP_REPORT_DETAILS', 'report_details', 'acl_m_report,$id || (!$id && aclf_m_report)'),(168, 1, 1, 'warn', 'mcp', 144, 40, 41, 'MCP_WARN_FRONT', 'front', 'aclf_m_warn'),(169, 1, 1, 'warn', 'mcp', 144, 42, 43, 'MCP_WARN_LIST', 'list', 'aclf_m_warn'),(170, 1, 1, 'warn', 'mcp', 144, 44, 45, 'MCP_WARN_USER', 'warn_user', 'aclf_m_warn'),(171, 1, 1, 'warn', 'mcp', 144, 46, 47, 'MCP_WARN_POST', 'warn_post', 'acl_m_warn && acl_f_read,$id'),(172, 1, 1, '', 'ucp', 0, 1, 12, 'UCP_MAIN', '', ''),(173, 1, 1, '', 'ucp', 0, 13, 22, 'UCP_PROFILE', '', ''),(174, 1, 1, '', 'ucp', 0, 23, 30, 'UCP_PREFS', '', ''),(175, 1, 1, '', 'ucp', 0, 31, 42, 'UCP_PM', '', ''),(176, 1, 1, '', 'ucp', 0, 43, 48, 'UCP_USERGROUPS', '', ''),(177, 1, 1, '', 'ucp', 0, 49, 54, 'UCP_ZEBRA', '', ''),(178, 1, 1, 'attachments', 'ucp', 172, 10, 11, 'UCP_MAIN_ATTACHMENTS', 'attachments', 'acl_u_attach'),(179, 1, 1, 'groups', 'ucp', 176, 44, 45, 'UCP_USERGROUPS_MEMBER', 'membership', ''),(180, 1, 1, 'groups', 'ucp', 176, 46, 47, 'UCP_USERGROUPS_MANAGE', 'manage', ''),(181, 1, 1, 'main', 'ucp', 172, 2, 3, 'UCP_MAIN_FRONT', 'front', ''),(182, 1, 1, 'main', 'ucp', 172, 4, 5, 'UCP_MAIN_SUBSCRIBED', 'subscribed', ''),(183, 1, 1, 'main', 'ucp', 172, 6, 7, 'UCP_MAIN_BOOKMARKS', 'bookmarks', 'cfg_allow_bookmarks'),(184, 1, 1, 'main', 'ucp', 172, 8, 9, 'UCP_MAIN_DRAFTS', 'drafts', ''),(185, 1, 0, 'pm', 'ucp', 175, 32, 33, 'UCP_PM_VIEW', 'view', 'cfg_allow_privmsg'),(186, 1, 1, 'pm', 'ucp', 175, 34, 35, 'UCP_PM_COMPOSE', 'compose', 'cfg_allow_privmsg'),(187, 1, 1, 'pm', 'ucp', 175, 36, 37, 'UCP_PM_DRAFTS', 'drafts', 'cfg_allow_privmsg'),(188, 1, 1, 'pm', 'ucp', 175, 38, 39, 'UCP_PM_OPTIONS', 'options', 'cfg_allow_privmsg'),(189, 1, 0, 'pm', 'ucp', 175, 40, 41, 'UCP_PM_POPUP_TITLE', 'popup', 'cfg_allow_privmsg'),(190, 1, 1, 'prefs', 'ucp', 174, 24, 25, 'UCP_PREFS_PERSONAL', 'personal', ''),(191, 1, 1, 'prefs', 'ucp', 174, 26, 27, 'UCP_PREFS_POST', 'post', ''),(192, 1, 1, 'prefs', 'ucp', 174, 28, 29, 'UCP_PREFS_VIEW', 'view', ''),(193, 1, 1, 'profile', 'ucp', 173, 14, 15, 'UCP_PROFILE_PROFILE_INFO', 'profile_info', ''),(194, 1, 1, 'profile', 'ucp', 173, 16, 17, 'UCP_PROFILE_SIGNATURE', 'signature', ''),(195, 1, 1, 'profile', 'ucp', 173, 18, 19, 'UCP_PROFILE_AVATAR', 'avatar', 'cfg_allow_avatar && (cfg_allow_avatar_local || cfg_allow_avatar_remote || cfg_allow_avatar_upload || cfg_allow_avatar_remote_upload)'),(196, 1, 1, 'profile', 'ucp', 173, 20, 21, 'UCP_PROFILE_REG_DETAILS', 'reg_details', ''),(197, 1, 1, 'zebra', 'ucp', 177, 50, 51, 'UCP_ZEBRA_FRIENDS', 'friends', ''),(198, 1, 1, 'zebra', 'ucp', 177, 52, 53, 'UCP_ZEBRA_FOES', 'foes', '');

# Table: phpbb_poll_options
DROP TABLE IF EXISTS phpbb_poll_options;
CREATE TABLE `phpbb_poll_options` (
  `poll_option_id` tinyint(4) NOT NULL default '0',
  `topic_id` mediumint(8) unsigned NOT NULL default '0',
  `poll_option_text` text collate utf8_bin NOT NULL,
  `poll_option_total` mediumint(8) unsigned NOT NULL default '0',
  KEY `poll_opt_id` (`poll_option_id`),
  KEY `topic_id` (`topic_id`)
) ENGINE=MyISAM DEFAULT CHARSET=utf8 COLLATE=utf8_bin;

# Table: phpbb_poll_votes
DROP TABLE IF EXISTS phpbb_poll_votes;
CREATE TABLE `phpbb_poll_votes` (
  `topic_id` mediumint(8) unsigned NOT NULL default '0',
  `poll_option_id` tinyint(4) NOT NULL default '0',
  `vote_user_id` mediumint(8) unsigned NOT NULL default '0',
  `vote_user_ip` varchar(40) collate utf8_bin NOT NULL default '',
  KEY `topic_id` (`topic_id`),
  KEY `vote_user_id` (`vote_user_id`),
  KEY `vote_user_ip` (`vote_user_ip`)
) ENGINE=MyISAM DEFAULT CHARSET=utf8 COLLATE=utf8_bin;

# Table: phpbb_posts
DROP TABLE IF EXISTS phpbb_posts;
CREATE TABLE `phpbb_posts` (
  `post_id` mediumint(8) unsigned NOT NULL auto_increment,
  `topic_id` mediumint(8) unsigned NOT NULL default '0',
  `forum_id` mediumint(8) unsigned NOT NULL default '0',
  `poster_id` mediumint(8) unsigned NOT NULL default '0',
  `icon_id` mediumint(8) unsigned NOT NULL default '0',
  `poster_ip` varchar(40) collate utf8_bin NOT NULL default '',
  `post_time` int(11) unsigned NOT NULL default '0',
  `post_approved` tinyint(1) unsigned NOT NULL default '1',
  `post_reported` tinyint(1) unsigned NOT NULL default '0',
  `enable_bbcode` tinyint(1) unsigned NOT NULL default '1',
  `enable_smilies` tinyint(1) unsigned NOT NULL default '1',
  `enable_magic_url` tinyint(1) unsigned NOT NULL default '1',
  `enable_sig` tinyint(1) unsigned NOT NULL default '1',
  `post_username` varchar(255) collate utf8_bin NOT NULL default '',
  `post_subject` varchar(255) character set utf8 collate utf8_unicode_ci NOT NULL default '',
  `post_text` mediumtext collate utf8_bin NOT NULL,
  `post_checksum` varchar(32) collate utf8_bin NOT NULL default '',
  `post_attachment` tinyint(1) unsigned NOT NULL default '0',
  `bbcode_bitfield` varchar(255) collate utf8_bin NOT NULL default '',
  `bbcode_uid` varchar(8) collate utf8_bin NOT NULL default '',
  `post_postcount` tinyint(1) unsigned NOT NULL default '1',
  `post_edit_time` int(11) unsigned NOT NULL default '0',
  `post_edit_reason` varchar(255) collate utf8_bin NOT NULL default '',
  `post_edit_user` mediumint(8) unsigned NOT NULL default '0',
  `post_edit_count` smallint(4) unsigned NOT NULL default '0',
  `post_edit_locked` tinyint(1) unsigned NOT NULL default '0',
  PRIMARY KEY  (`post_id`),
  KEY `forum_id` (`forum_id`),
  KEY `topic_id` (`topic_id`),
  KEY `poster_ip` (`poster_ip`),
  KEY `poster_id` (`poster_id`),
  KEY `post_approved` (`post_approved`),
  KEY `post_username` (`post_username`),
  KEY `tid_post_time` (`topic_id`,`post_time`)
) ENGINE=MyISAM AUTO_INCREMENT=5 DEFAULT CHARSET=utf8 COLLATE=utf8_bin;

INSERT INTO phpbb_posts (post_id, topic_id, forum_id, poster_id, icon_id, poster_ip, post_time, post_approved, post_reported, enable_bbcode, enable_smilies, enable_magic_url, enable_sig, post_username, post_subject, post_text, post_checksum, post_attachment, bbcode_bitfield, bbcode_uid, post_postcount, post_edit_time, post_edit_reason, post_edit_user, post_edit_count, post_edit_locked) VALUES (3, 2, 21, 2, 0, '86.185.76.91', 1371740444, 1, 0, 1, 1, 1, 1, '', 'Re: Welcome to the new CCA Forums!', '123', '202cb962ac59075b964b07152d234b70', 0, '', '1i8uzr1j', 1, 0, '', 0, 0, 0),(4, 2, 21, 54, 0, '2.221.141.251', 1371749905, 1, 0, 1, 1, 1, 1, '', 'Re: Welcome to the new CCA Forums!', '456', '250cf8b51c773f3f8dc8b4be867a9a02', 0, '', 'foed0gry', 1, 0, '', 0, 0, 0),(2, 2, 21, 2, 0, '86.185.76.91', 1371740429, 1, 0, 1, 1, 1, 1, '', 'Welcome to the new CCA Forums!', 'Just a quick welcome!\n\n(And a test to see how it looks <!-- s;) --><img src=\"{SMILIES_PATH}/icon_e_wink.gif\" alt=\";)\" title=\"Wink\" /><!-- s;) -->)', 'c78b13f235707b2112a3545bd44e4abd', 0, '', '3dqke9mh', 1, 0, '', 0, 0, 0);

# Table: phpbb_privmsgs
DROP TABLE IF EXISTS phpbb_privmsgs;
CREATE TABLE `phpbb_privmsgs` (
  `msg_id` mediumint(8) unsigned NOT NULL auto_increment,
  `root_level` mediumint(8) unsigned NOT NULL default '0',
  `author_id` mediumint(8) unsigned NOT NULL default '0',
  `icon_id` mediumint(8) unsigned NOT NULL default '0',
  `author_ip` varchar(40) collate utf8_bin NOT NULL default '',
  `message_time` int(11) unsigned NOT NULL default '0',
  `enable_bbcode` tinyint(1) unsigned NOT NULL default '1',
  `enable_smilies` tinyint(1) unsigned NOT NULL default '1',
  `enable_magic_url` tinyint(1) unsigned NOT NULL default '1',
  `enable_sig` tinyint(1) unsigned NOT NULL default '1',
  `message_subject` varchar(255) collate utf8_bin NOT NULL default '',
  `message_text` mediumtext collate utf8_bin NOT NULL,
  `message_edit_reason` varchar(255) collate utf8_bin NOT NULL default '',
  `message_edit_user` mediumint(8) unsigned NOT NULL default '0',
  `message_attachment` tinyint(1) unsigned NOT NULL default '0',
  `bbcode_bitfield` varchar(255) collate utf8_bin NOT NULL default '',
  `bbcode_uid` varchar(8) collate utf8_bin NOT NULL default '',
  `message_edit_time` int(11) unsigned NOT NULL default '0',
  `message_edit_count` smallint(4) unsigned NOT NULL default '0',
  `to_address` text collate utf8_bin NOT NULL,
  `bcc_address` text collate utf8_bin NOT NULL,
  `message_reported` tinyint(1) unsigned NOT NULL default '0',
  PRIMARY KEY  (`msg_id`),
  KEY `author_ip` (`author_ip`),
  KEY `message_time` (`message_time`),
  KEY `author_id` (`author_id`),
  KEY `root_level` (`root_level`)
) ENGINE=MyISAM DEFAULT CHARSET=utf8 COLLATE=utf8_bin;

# Table: phpbb_privmsgs_folder
DROP TABLE IF EXISTS phpbb_privmsgs_folder;
CREATE TABLE `phpbb_privmsgs_folder` (
  `folder_id` mediumint(8) unsigned NOT NULL auto_increment,
  `user_id` mediumint(8) unsigned NOT NULL default '0',
  `folder_name` varchar(255) collate utf8_bin NOT NULL default '',
  `pm_count` mediumint(8) unsigned NOT NULL default '0',
  PRIMARY KEY  (`folder_id`),
  KEY `user_id` (`user_id`)
) ENGINE=MyISAM DEFAULT CHARSET=utf8 COLLATE=utf8_bin;

# Table: phpbb_privmsgs_rules
DROP TABLE IF EXISTS phpbb_privmsgs_rules;
CREATE TABLE `phpbb_privmsgs_rules` (
  `rule_id` mediumint(8) unsigned NOT NULL auto_increment,
  `user_id` mediumint(8) unsigned NOT NULL default '0',
  `rule_check` mediumint(8) unsigned NOT NULL default '0',
  `rule_connection` mediumint(8) unsigned NOT NULL default '0',
  `rule_string` varchar(255) collate utf8_bin NOT NULL default '',
  `rule_user_id` mediumint(8) unsigned NOT NULL default '0',
  `rule_group_id` mediumint(8) unsigned NOT NULL default '0',
  `rule_action` mediumint(8) unsigned NOT NULL default '0',
  `rule_folder_id` int(11) NOT NULL default '0',
  PRIMARY KEY  (`rule_id`),
  KEY `user_id` (`user_id`)
) ENGINE=MyISAM DEFAULT CHARSET=utf8 COLLATE=utf8_bin;

# Table: phpbb_privmsgs_to
DROP TABLE IF EXISTS phpbb_privmsgs_to;
CREATE TABLE `phpbb_privmsgs_to` (
  `msg_id` mediumint(8) unsigned NOT NULL default '0',
  `user_id` mediumint(8) unsigned NOT NULL default '0',
  `author_id` mediumint(8) unsigned NOT NULL default '0',
  `pm_deleted` tinyint(1) unsigned NOT NULL default '0',
  `pm_new` tinyint(1) unsigned NOT NULL default '1',
  `pm_unread` tinyint(1) unsigned NOT NULL default '1',
  `pm_replied` tinyint(1) unsigned NOT NULL default '0',
  `pm_marked` tinyint(1) unsigned NOT NULL default '0',
  `pm_forwarded` tinyint(1) unsigned NOT NULL default '0',
  `folder_id` int(11) NOT NULL default '0',
  KEY `msg_id` (`msg_id`),
  KEY `author_id` (`author_id`),
  KEY `usr_flder_id` (`user_id`,`folder_id`)
) ENGINE=MyISAM DEFAULT CHARSET=utf8 COLLATE=utf8_bin;

# Table: phpbb_profile_fields
DROP TABLE IF EXISTS phpbb_profile_fields;
CREATE TABLE `phpbb_profile_fields` (
  `field_id` mediumint(8) unsigned NOT NULL auto_increment,
  `field_name` varchar(255) collate utf8_bin NOT NULL default '',
  `field_type` tinyint(4) NOT NULL default '0',
  `field_ident` varchar(20) collate utf8_bin NOT NULL default '',
  `field_length` varchar(20) collate utf8_bin NOT NULL default '',
  `field_minlen` varchar(255) collate utf8_bin NOT NULL default '',
  `field_maxlen` varchar(255) collate utf8_bin NOT NULL default '',
  `field_novalue` varchar(255) collate utf8_bin NOT NULL default '',
  `field_default_value` varchar(255) collate utf8_bin NOT NULL default '',
  `field_validation` varchar(20) collate utf8_bin NOT NULL default '',
  `field_required` tinyint(1) unsigned NOT NULL default '0',
  `field_show_novalue` tinyint(1) unsigned NOT NULL default '0',
  `field_show_on_reg` tinyint(1) unsigned NOT NULL default '0',
  `field_show_on_vt` tinyint(1) unsigned NOT NULL default '0',
  `field_show_profile` tinyint(1) unsigned NOT NULL default '0',
  `field_hide` tinyint(1) unsigned NOT NULL default '0',
  `field_no_view` tinyint(1) unsigned NOT NULL default '0',
  `field_active` tinyint(1) unsigned NOT NULL default '0',
  `field_order` mediumint(8) unsigned NOT NULL default '0',
  PRIMARY KEY  (`field_id`),
  KEY `fld_type` (`field_type`),
  KEY `fld_ordr` (`field_order`)
) ENGINE=MyISAM AUTO_INCREMENT=4 DEFAULT CHARSET=utf8 COLLATE=utf8_bin;

INSERT INTO phpbb_profile_fields (field_id, field_name, field_type, field_ident, field_length, field_minlen, field_maxlen, field_novalue, field_default_value, field_validation, field_required, field_show_novalue, field_show_on_reg, field_show_on_vt, field_show_profile, field_hide, field_no_view, field_active, field_order) VALUES (1, 'main_class', 2, 'main_class', '10', '0', '20', '', '', '[\\w]+', 1, 0, 1, 1, 1, 0, 0, 1, 1),(2, 'level', 1, 'level', '5', '1', '60', '0', '0', '', 1, 0, 1, 1, 1, 0, 0, 1, 2),(3, 'hit_toughness', 2, 'hit_toughness', '15', '0', '30', '', '', '.*', 1, 0, 1, 1, 1, 0, 0, 1, 3);

# Table: phpbb_profile_fields_data
DROP TABLE IF EXISTS phpbb_profile_fields_data;
CREATE TABLE `phpbb_profile_fields_data` (
  `user_id` mediumint(8) unsigned NOT NULL default '0',
  `pf_main_class` varchar(255) collate utf8_bin default NULL,
  `pf_level` bigint(20) default NULL,
  `pf_hit_toughness` varchar(255) collate utf8_bin default NULL,
  PRIMARY KEY  (`user_id`)
) ENGINE=MyISAM DEFAULT CHARSET=utf8 COLLATE=utf8_bin;

INSERT INTO phpbb_profile_fields_data (user_id, pf_main_class, pf_level, pf_hit_toughness) VALUES (2, 'Warrior', 60, '400 / 400'),(54, 'Warrior', 60, '508 / 500'),(55, 'Epidemic', 60, '472');

# Table: phpbb_profile_fields_lang
DROP TABLE IF EXISTS phpbb_profile_fields_lang;
CREATE TABLE `phpbb_profile_fields_lang` (
  `field_id` mediumint(8) unsigned NOT NULL default '0',
  `lang_id` mediumint(8) unsigned NOT NULL default '0',
  `option_id` mediumint(8) unsigned NOT NULL default '0',
  `field_type` tinyint(4) NOT NULL default '0',
  `lang_value` varchar(255) collate utf8_bin NOT NULL default '',
  PRIMARY KEY  (`field_id`,`lang_id`,`option_id`)
) ENGINE=MyISAM DEFAULT CHARSET=utf8 COLLATE=utf8_bin;

# Table: phpbb_profile_lang
DROP TABLE IF EXISTS phpbb_profile_lang;
CREATE TABLE `phpbb_profile_lang` (
  `field_id` mediumint(8) unsigned NOT NULL default '0',
  `lang_id` mediumint(8) unsigned NOT NULL default '0',
  `lang_name` varchar(255) collate utf8_bin NOT NULL default '',
  `lang_explain` text collate utf8_bin NOT NULL,
  `lang_default_value` varchar(255) collate utf8_bin NOT NULL default '',
  PRIMARY KEY  (`field_id`,`lang_id`)
) ENGINE=MyISAM DEFAULT CHARSET=utf8 COLLATE=utf8_bin;

INSERT INTO phpbb_profile_lang (field_id, lang_id, lang_name, lang_explain, lang_default_value) VALUES (1, 1, 'Main Class', 'Your main character class.', ''),(2, 1, 'Level', 'Main characters level.', ''),(3, 1, 'Hit/Toughness', 'The Hit / Toughness and anything else you want to tell us about your characters stats.', '0 / 0');

# Table: phpbb_ranks
DROP TABLE IF EXISTS phpbb_ranks;
CREATE TABLE `phpbb_ranks` (
  `rank_id` mediumint(8) unsigned NOT NULL auto_increment,
  `rank_title` varchar(255) collate utf8_bin NOT NULL default '',
  `rank_min` mediumint(8) unsigned NOT NULL default '0',
  `rank_special` tinyint(1) unsigned NOT NULL default '0',
  `rank_image` varchar(255) collate utf8_bin NOT NULL default '',
  PRIMARY KEY  (`rank_id`)
) ENGINE=MyISAM AUTO_INCREMENT=8 DEFAULT CHARSET=utf8 COLLATE=utf8_bin;

INSERT INTO phpbb_ranks (rank_id, rank_title, rank_min, rank_special, rank_image) VALUES (1, 'Site Admin', 0, 1, ''),(2, 'Alliance Leader', 0, 1, ''),(3, 'Event Manager', 0, 1, ''),(4, 'Alliance Officer', 0, 1, ''),(5, 'Alliance Member', 0, 1, ''),(6, 'Elf', 0, 1, ''),(7, 'Alliance Applicant', 0, 1, '');

# Table: phpbb_reports
DROP TABLE IF EXISTS phpbb_reports;
CREATE TABLE `phpbb_reports` (
  `report_id` mediumint(8) unsigned NOT NULL auto_increment,
  `reason_id` smallint(4) unsigned NOT NULL default '0',
  `post_id` mediumint(8) unsigned NOT NULL default '0',
  `pm_id` mediumint(8) unsigned NOT NULL default '0',
  `user_id` mediumint(8) unsigned NOT NULL default '0',
  `user_notify` tinyint(1) unsigned NOT NULL default '0',
  `report_closed` tinyint(1) unsigned NOT NULL default '0',
  `report_time` int(11) unsigned NOT NULL default '0',
  `report_text` mediumtext collate utf8_bin NOT NULL,
  PRIMARY KEY  (`report_id`),
  KEY `post_id` (`post_id`),
  KEY `pm_id` (`pm_id`)
) ENGINE=MyISAM DEFAULT CHARSET=utf8 COLLATE=utf8_bin;

# Table: phpbb_reports_reasons
DROP TABLE IF EXISTS phpbb_reports_reasons;
CREATE TABLE `phpbb_reports_reasons` (
  `reason_id` smallint(4) unsigned NOT NULL auto_increment,
  `reason_title` varchar(255) collate utf8_bin NOT NULL default '',
  `reason_description` mediumtext collate utf8_bin NOT NULL,
  `reason_order` smallint(4) unsigned NOT NULL default '0',
  PRIMARY KEY  (`reason_id`)
) ENGINE=MyISAM AUTO_INCREMENT=5 DEFAULT CHARSET=utf8 COLLATE=utf8_bin;

INSERT INTO phpbb_reports_reasons (reason_id, reason_title, reason_description, reason_order) VALUES (1, 'warez', 'The post contains links to illegal or pirated software.', 1),(2, 'spam', 'The reported post has the only purpose to advertise for a website or another product.', 2),(3, 'off_topic', 'The reported post is off topic.', 3),(4, 'other', 'The reported post does not fit into any other category, please use the further information field.', 4);

# Table: phpbb_search_results
DROP TABLE IF EXISTS phpbb_search_results;
CREATE TABLE `phpbb_search_results` (
  `search_key` varchar(32) collate utf8_bin NOT NULL default '',
  `search_time` int(11) unsigned NOT NULL default '0',
  `search_keywords` mediumtext collate utf8_bin NOT NULL,
  `search_authors` mediumtext collate utf8_bin NOT NULL,
  PRIMARY KEY  (`search_key`)
) ENGINE=MyISAM DEFAULT CHARSET=utf8 COLLATE=utf8_bin;

# Table: phpbb_search_wordlist
DROP TABLE IF EXISTS phpbb_search_wordlist;
CREATE TABLE `phpbb_search_wordlist` (
  `word_id` mediumint(8) unsigned NOT NULL auto_increment,
  `word_text` varchar(255) collate utf8_bin NOT NULL default '',
  `word_common` tinyint(1) unsigned NOT NULL default '0',
  `word_count` mediumint(8) unsigned NOT NULL default '0',
  PRIMARY KEY  (`word_id`),
  UNIQUE KEY `wrd_txt` (`word_text`),
  KEY `wrd_cnt` (`word_count`)
) ENGINE=MyISAM AUTO_INCREMENT=70 DEFAULT CHARSET=utf8 COLLATE=utf8_bin;

INSERT INTO phpbb_search_wordlist (word_id, word_text, word_common, word_count) VALUES (1, 'this', 0, 1),(2, 'example', 0, 1),(3, 'post', 0, 1),(4, 'your', 0, 1),(5, 'phpbb3', 0, 2),(6, 'installation', 0, 1),(7, 'everything', 0, 1),(8, 'seems', 0, 1),(9, 'working', 0, 1),(10, 'you', 0, 1),(11, 'may', 0, 1),(12, 'delete', 0, 1),(13, 'like', 0, 1),(14, 'and', 0, 2),(15, 'continue', 0, 1),(16, 'set', 0, 1),(17, 'board', 0, 1),(18, 'during', 0, 1),(19, 'the', 0, 4),(20, 'process', 0, 1),(21, 'first', 0, 1),(22, 'category', 0, 1),(23, 'forum', 0, 1),(24, 'are', 0, 1),(25, 'assigned', 0, 1),(26, 'appropriate', 0, 1),(27, 'permissions', 0, 1),(28, 'for', 0, 1),(29, 'predefined', 0, 1),(30, 'usergroups', 0, 1),(31, 'administrators', 0, 1),(32, 'bots', 0, 1),(33, 'global', 0, 1),(34, 'moderators', 0, 1),(35, 'guests', 0, 1),(36, 'registered', 0, 1),(37, 'users', 0, 1),(38, 'coppa', 0, 1),(39, 'also', 0, 1),(40, 'choose', 0, 1),(41, 'not', 0, 1),(42, 'forget', 0, 1),(43, 'assign', 0, 1),(44, 'all', 0, 1),(45, 'these', 0, 1),(46, 'new', 0, 4),(47, 'categories', 0, 1),(48, 'forums', 0, 4),(49, 'create', 0, 1),(50, 'recommended', 0, 1),(51, 'rename', 0, 1),(52, 'copy', 0, 1),(53, 'from', 0, 1),(54, 'while', 0, 1),(55, 'creating', 0, 1),(56, 'have', 0, 1),(57, 'fun', 0, 1),(58, 'welcome', 0, 5),(59, 'just', 0, 1),(60, 'quick', 0, 1),(61, 'test', 0, 1),(62, 'see', 0, 1),(63, 'how', 0, 1),(64, 'looks', 0, 1),(65, 'cca', 0, 3),(66, '123', 0, 1),(67, '456', 0, 1),(68, 'btw', 0, 0),(69, 'noob', 0, 0);

# Table: phpbb_search_wordmatch
DROP TABLE IF EXISTS phpbb_search_wordmatch;
CREATE TABLE `phpbb_search_wordmatch` (
  `post_id` mediumint(8) unsigned NOT NULL default '0',
  `word_id` mediumint(8) unsigned NOT NULL default '0',
  `title_match` tinyint(1) unsigned NOT NULL default '0',
  UNIQUE KEY `unq_mtch` (`word_id`,`post_id`,`title_match`),
  KEY `word_id` (`word_id`),
  KEY `post_id` (`post_id`)
) ENGINE=MyISAM DEFAULT CHARSET=utf8 COLLATE=utf8_bin;

INSERT INTO phpbb_search_wordmatch (post_id, word_id, title_match) VALUES (1, 1, 0),(1, 2, 0),(1, 3, 0),(1, 4, 0),(1, 5, 0),(1, 5, 1),(1, 6, 0),(1, 7, 0),(1, 8, 0),(1, 9, 0),(1, 10, 0),(1, 11, 0),(1, 12, 0),(1, 13, 0),(1, 14, 0),(2, 14, 0),(1, 15, 0),(1, 16, 0),(1, 17, 0),(1, 18, 0),(1, 19, 0),(2, 19, 1),(3, 19, 1),(4, 19, 1),(1, 20, 0),(1, 21, 0),(1, 22, 0),(1, 23, 0),(1, 24, 0),(1, 25, 0),(1, 26, 0),(1, 27, 0),(1, 28, 0),(1, 29, 0),(1, 30, 0),(1, 31, 0),(1, 32, 0),(1, 33, 0),(1, 34, 0),(1, 35, 0),(1, 36, 0),(1, 37, 0),(1, 38, 0),(1, 39, 0),(1, 40, 0),(1, 41, 0),(1, 42, 0),(1, 43, 0),(1, 44, 0),(1, 45, 0),(1, 46, 0),(2, 46, 1),(3, 46, 1),(4, 46, 1),(1, 47, 0),(1, 48, 0),(2, 48, 1),(3, 48, 1),(4, 48, 1),(1, 49, 0),(1, 50, 0),(1, 51, 0),(1, 52, 0),(1, 53, 0),(1, 54, 0),(1, 55, 0),(1, 56, 0),(1, 57, 0),(1, 58, 1),(2, 58, 0),(2, 58, 1),(3, 58, 1),(4, 58, 1),(2, 59, 0),(2, 60, 0),(2, 61, 0),(2, 62, 0),(2, 63, 0),(2, 64, 0),(2, 65, 1),(3, 65, 1),(4, 65, 1),(3, 66, 0),(4, 67, 0);

# Table: phpbb_sessions
DROP TABLE IF EXISTS phpbb_sessions;
CREATE TABLE `phpbb_sessions` (
  `session_id` char(32) collate utf8_bin NOT NULL default '',
  `session_user_id` mediumint(8) unsigned NOT NULL default '0',
  `session_forum_id` mediumint(8) unsigned NOT NULL default '0',
  `session_last_visit` int(11) unsigned NOT NULL default '0',
  `session_start` int(11) unsigned NOT NULL default '0',
  `session_time` int(11) unsigned NOT NULL default '0',
  `session_ip` varchar(40) collate utf8_bin NOT NULL default '',
  `session_browser` varchar(150) collate utf8_bin NOT NULL default '',
  `session_forwarded_for` varchar(255) collate utf8_bin NOT NULL default '',
  `session_page` varchar(255) collate utf8_bin NOT NULL default '',
  `session_viewonline` tinyint(1) unsigned NOT NULL default '1',
  `session_autologin` tinyint(1) unsigned NOT NULL default '0',
  `session_admin` tinyint(1) unsigned NOT NULL default '0',
  PRIMARY KEY  (`session_id`),
  KEY `session_time` (`session_time`),
  KEY `session_user_id` (`session_user_id`),
  KEY `session_fid` (`session_forum_id`)
) ENGINE=MyISAM DEFAULT CHARSET=utf8 COLLATE=utf8_bin;

INSERT INTO phpbb_sessions (session_id, session_user_id, session_forum_id, session_last_visit, session_start, session_time, session_ip, session_browser, session_forwarded_for, session_page, session_viewonline, session_autologin, session_admin) VALUES ('c4a81aadf41d9a5dec8832f809af6fd0', 2, 0, 1371904595, 1371989631, 1372007599, '86.185.76.91', 'Mozilla/5.0 (Windows NT 6.1; WOW64) AppleWebKit/537.36 (KHTML, like Gecko) Chrome/27.0.1453.116 Safari/537.36', '', '../index.php', 1, 0, 0),('13ba08d47c7ccf006e1361b836463e0c', 1, 0, 1372080907, 1372080907, 1372080907, '68.47.199.174', 'Mozilla/5.0 (Windows NT 6.1; WOW64) AppleWebKit/537.36 (KHTML, like Gecko) Chrome/27.0.1453.116 Safari/537.36', '', '../index.php', 1, 0, 0),('079356e4259c92171f3ea1c05b9843bb', 2, 0, 1371904595, 1371943845, 1371954793, '86.185.76.91', 'Mozilla/5.0 (Windows NT 6.1; WOW64) AppleWebKit/537.36 (KHTML, like Gecko) Chrome/27.0.1453.116 Safari/537.36', '', '../raidcal_info.php?id=2', 1, 0, 0),('388561d348d2c8a9c44771fea14719a5', 1, 0, 1371943428, 1371943428, 1371943428, '86.185.76.91', 'Mozilla/5.0 (Windows NT 6.1; WOW64) AppleWebKit/537.36 (KHTML, like Gecko) Chrome/27.0.1453.116 Safari/537.36', '', '../index.php', 1, 0, 0),('4f2b49dcf06d19f5086c893315c93942', 2, 0, 1371904595, 1371920107, 1371928990, '86.185.76.91', 'Mozilla/5.0 (Windows NT 6.1; WOW64) AppleWebKit/537.36 (KHTML, like Gecko) Chrome/27.0.1453.110 Safari/537.36', '', '../admin.php?mode=delete&id=16', 1, 0, 0),('402eb2b32e20f69d30dcc53a5541bc35', 1, 0, 1371830407, 1371830407, 1371830407, '86.185.76.91', 'Mozilla/5.0 (Windows NT 6.1; WOW64) AppleWebKit/537.36 (KHTML, like Gecko) Chrome/27.0.1453.110 Safari/537.36', '', '../new.php?mode=logout', 1, 0, 0),('c50d0cd6cd4ce5ac453919043bf5ae42', 54, 0, 1371749783, 1371749783, 1371750255, '2.221.141.251', 'Mozilla/5.0 (Windows NT 6.1; WOW64) AppleWebKit/537.36 (KHTML, like Gecko) Chrome/27.0.1453.116 Safari/537.36', '', 'index.php', 1, 0, 0),('8c1c01344e00f230f1815f304b3c30fa', 1, 0, 1372080991, 1372080991, 1372081227, '71.127.40.177', 'Mozilla/5.0 (Windows NT 6.1; WOW64) AppleWebKit/537.36 (KHTML, like Gecko) Chrome/27.0.1453.116 Safari/537.36', '', 'index.php', 1, 0, 0),('be2015bcf68792f3dfad31861ac4d155', 2, 0, 1371830380, 1371835373, 1371839346, '86.185.76.91', 'Mozilla/5.0 (Windows NT 6.1; WOW64) AppleWebKit/537.36 (KHTML, like Gecko) Chrome/27.0.1453.110 Safari/537.36', '', '../new.php', 1, 0, 1),('d567943805f856f18773fffac984be59', 1, 0, 1371746565, 1371746565, 1371746568, '86.185.76.91', 'Mozilla/5.0 (Windows NT 6.1; WOW64; rv:21.0) Gecko/20100101 Firefox/21.0', '', '../index.php', 1, 0, 0),('c1530cd88298c7f90a44bf0f98a39a3f', 2, 0, 1371904595, 1371904607, 1371911948, '86.185.76.91', 'Mozilla/5.0 (Windows NT 6.1; WOW64) AppleWebKit/537.36 (KHTML, like Gecko) Chrome/27.0.1453.110 Safari/537.36', '', '../admin.php', 1, 0, 0),('59c04ccf30c70402ccc48a1bd925fbca', 54, 0, 1371837468, 1371837468, 1372086149, '2.221.141.251', 'Mozilla/5.0 (Windows NT 6.1; WOW64) AppleWebKit/537.36 (KHTML, like Gecko) Chrome/27.0.1453.116 Safari/537.36', '', '../index.php', 1, 1, 0),('b3a5a9a4e95e105a4dcbd6e6b6e67206', 1, 0, 1371904596, 1371904596, 1371904596, '86.185.76.91', 'Mozilla/5.0 (Windows NT 6.1; WOW64) AppleWebKit/537.36 (KHTML, like Gecko) Chrome/27.0.1453.110 Safari/537.36', '', '../admin.php?mode=logout', 1, 0, 0),('aa0f4a04972c64c08b75eb71c9c8364a', 1, 0, 1371904027, 1371904027, 1371904027, '86.185.76.91', 'Mozilla/5.0 (Windows NT 6.1; WOW64) AppleWebKit/537.36 (KHTML, like Gecko) Chrome/27.0.1453.110 Safari/537.36', '', '../admin.php?mode=logout', 1, 0, 0),('af148203a1f91458f48891c83a091a92', 1, 0, 1371904370, 1371904370, 1371904370, '86.185.76.91', 'Mozilla/5.0 (Windows NT 6.1; WOW64) AppleWebKit/537.36 (KHTML, like Gecko) Chrome/27.0.1453.110 Safari/537.36', '', '../index.php?mode=logout', 1, 0, 0),('72187aa2fe9f92b5f8c9201f91fba867', 1, 0, 1372084888, 1372084888, 1372085638, '86.185.76.91', 'Mozilla/5.0 (Windows NT 6.1; WOW64; rv:21.0) Gecko/20100101 Firefox/21.0', '', '../index.php', 1, 0, 0),('4624c7800c6a09eaf9cc6c044c6f3bdd', 1, 0, 1372085067, 1372085067, 1372085143, '81.107.212.48', 'Mozilla/5.0 (Windows NT 6.1; WOW64; rv:21.0) Gecko/20100101 Firefox/21.0', '', 'memberlist.php?mode=viewprofile&u=2', 1, 0, 0),('1f2d20b507d3b390e557d40d9eb11071', 2, 0, 1371904595, 1372081331, 1372081495, '86.185.76.91', 'Mozilla/5.0 (Windows NT 6.1; WOW64) AppleWebKit/537.36 (KHTML, like Gecko) Chrome/27.0.1453.116 Safari/537.36', '', '../index.php', 1, 0, 1),('a9e534309f02dbd01654393458514d0e', 1, 0, 1372082130, 1372082130, 1372082132, '71.127.40.177', 'Mozilla/5.0 (compatible; Genieo/1.0 http://www.genieo.com/webfilter.html)', '', 'index.php', 1, 0, 0),('b0f6b83c960003a658b3d06ca652c960', 1, 0, 1372085139, 1372085139, 1372085143, '86.185.76.91', 'Mozilla/5.0 (compatible; MSIE 10.0; Windows NT 6.1; WOW64; Trident/6.0; chromeframe/27.0.1453.116)', '', '../raidcal.php', 1, 0, 0),('dac66ad55c387c3de97a4ad87c335a28', 1, 0, 1372093192, 1372093192, 1372094531, '94.172.164.33', 'Mozilla/5.0 (Windows NT 6.2; WOW64) AppleWebKit/537.36 (KHTML, like Gecko) Chrome/27.0.1453.116 Safari/537.36', '', '../raidcal_info.php?id=22', 1, 0, 0),('423687e4b34c62dd2ec805b5df163f31', 2, 0, 1371904595, 1372094363, 1372095318, '86.185.76.91', 'Mozilla/5.0 (Windows NT 6.1; WOW64) AppleWebKit/537.36 (KHTML, like Gecko) Chrome/27.0.1453.116 Safari/537.36', '', 'adm/index.php?i=database&mode=backup&action=download', 1, 0, 1),('03faa9e20e500e1bd2dd209aff5905ca', 2, 0, 1371904595, 1372100103, 1372103288, '86.185.76.91', 'Mozilla/5.0 (Windows NT 6.1; WOW64) AppleWebKit/537.36 (KHTML, like Gecko) Chrome/27.0.1453.116 Safari/537.36', '', 'adm/index.php?i=database&mode=backup&action=download', 1, 0, 1),('505041486ad2ade4985f3681b67a558d', 1, 0, 1372102225, 1372102225, 1372102225, '82.28.87.107', 'Mozilla/5.0 (Windows NT 6.2; WOW64) AppleWebKit/537.36 (KHTML, like Gecko) Chrome/27.0.1453.116 Safari/537.36', '', '../index.php', 1, 0, 0);

# Table: phpbb_sessions_keys
DROP TABLE IF EXISTS phpbb_sessions_keys;
CREATE TABLE `phpbb_sessions_keys` (
  `key_id` char(32) collate utf8_bin NOT NULL default '',
  `user_id` mediumint(8) unsigned NOT NULL default '0',
  `last_ip` varchar(40) collate utf8_bin NOT NULL default '',
  `last_login` int(11) unsigned NOT NULL default '0',
  PRIMARY KEY  (`key_id`,`user_id`),
  KEY `last_login` (`last_login`)
) ENGINE=MyISAM DEFAULT CHARSET=utf8 COLLATE=utf8_bin;

INSERT INTO phpbb_sessions_keys (key_id, user_id, last_ip, last_login) VALUES ('ca72ca0320005603180213df8554f6e4', 54, '2.221.141.251', 1371837468);

# Table: phpbb_sitelist
DROP TABLE IF EXISTS phpbb_sitelist;
CREATE TABLE `phpbb_sitelist` (
  `site_id` mediumint(8) unsigned NOT NULL auto_increment,
  `site_ip` varchar(40) collate utf8_bin NOT NULL default '',
  `site_hostname` varchar(255) collate utf8_bin NOT NULL default '',
  `ip_exclude` tinyint(1) unsigned NOT NULL default '0',
  PRIMARY KEY  (`site_id`)
) ENGINE=MyISAM DEFAULT CHARSET=utf8 COLLATE=utf8_bin;

# Table: phpbb_smilies
DROP TABLE IF EXISTS phpbb_smilies;
CREATE TABLE `phpbb_smilies` (
  `smiley_id` mediumint(8) unsigned NOT NULL auto_increment,
  `code` varchar(50) collate utf8_bin NOT NULL default '',
  `emotion` varchar(50) collate utf8_bin NOT NULL default '',
  `smiley_url` varchar(50) collate utf8_bin NOT NULL default '',
  `smiley_width` smallint(4) unsigned NOT NULL default '0',
  `smiley_height` smallint(4) unsigned NOT NULL default '0',
  `smiley_order` mediumint(8) unsigned NOT NULL default '0',
  `display_on_posting` tinyint(1) unsigned NOT NULL default '1',
  PRIMARY KEY  (`smiley_id`),
  KEY `display_on_post` (`display_on_posting`)
) ENGINE=MyISAM AUTO_INCREMENT=43 DEFAULT CHARSET=utf8 COLLATE=utf8_bin;

INSERT INTO phpbb_smilies (smiley_id, code, emotion, smiley_url, smiley_width, smiley_height, smiley_order, display_on_posting) VALUES (1, ':D', 'Very Happy', 'icon_e_biggrin.gif', 15, 17, 1, 1),(2, ':-D', 'Very Happy', 'icon_e_biggrin.gif', 15, 17, 2, 1),(3, ':grin:', 'Very Happy', 'icon_e_biggrin.gif', 15, 17, 3, 1),(4, ':)', 'Smile', 'icon_e_smile.gif', 15, 17, 4, 1),(5, ':-)', 'Smile', 'icon_e_smile.gif', 15, 17, 5, 1),(6, ':smile:', 'Smile', 'icon_e_smile.gif', 15, 17, 6, 1),(7, ';)', 'Wink', 'icon_e_wink.gif', 15, 17, 7, 1),(8, ';-)', 'Wink', 'icon_e_wink.gif', 15, 17, 8, 1),(9, ':wink:', 'Wink', 'icon_e_wink.gif', 15, 17, 9, 1),(10, ':(', 'Sad', 'icon_e_sad.gif', 15, 17, 10, 1),(11, ':-(', 'Sad', 'icon_e_sad.gif', 15, 17, 11, 1),(12, ':sad:', 'Sad', 'icon_e_sad.gif', 15, 17, 12, 1),(13, ':o', 'Surprised', 'icon_e_surprised.gif', 15, 17, 13, 1),(14, ':-o', 'Surprised', 'icon_e_surprised.gif', 15, 17, 14, 1),(15, ':eek:', 'Surprised', 'icon_e_surprised.gif', 15, 17, 15, 1),(16, ':shock:', 'Shocked', 'icon_eek.gif', 15, 17, 16, 1),(17, ':?', 'Confused', 'icon_e_confused.gif', 15, 17, 17, 1),(18, ':-?', 'Confused', 'icon_e_confused.gif', 15, 17, 18, 1),(19, ':???:', 'Confused', 'icon_e_confused.gif', 15, 17, 19, 1),(20, '8-)', 'Cool', 'icon_cool.gif', 15, 17, 20, 1),(21, ':cool:', 'Cool', 'icon_cool.gif', 15, 17, 21, 1),(22, ':lol:', 'Laughing', 'icon_lol.gif', 15, 17, 22, 1),(23, ':x', 'Mad', 'icon_mad.gif', 15, 17, 23, 1),(24, ':-x', 'Mad', 'icon_mad.gif', 15, 17, 24, 1),(25, ':mad:', 'Mad', 'icon_mad.gif', 15, 17, 25, 1),(26, ':P', 'Razz', 'icon_razz.gif', 15, 17, 26, 1),(27, ':-P', 'Razz', 'icon_razz.gif', 15, 17, 27, 1),(28, ':razz:', 'Razz', 'icon_razz.gif', 15, 17, 28, 1),(29, ':oops:', 'Embarrassed', 'icon_redface.gif', 15, 17, 29, 1),(30, ':cry:', 'Crying or Very Sad', 'icon_cry.gif', 15, 17, 30, 1),(31, ':evil:', 'Evil or Very Mad', 'icon_evil.gif', 15, 17, 31, 1),(32, ':twisted:', 'Twisted Evil', 'icon_twisted.gif', 15, 17, 32, 1),(33, ':roll:', 'Rolling Eyes', 'icon_rolleyes.gif', 15, 17, 33, 1),(34, ':!:', 'Exclamation', 'icon_exclaim.gif', 15, 17, 34, 1),(35, ':?:', 'Question', 'icon_question.gif', 15, 17, 35, 1),(36, ':idea:', 'Idea', 'icon_idea.gif', 15, 17, 36, 1),(37, ':arrow:', 'Arrow', 'icon_arrow.gif', 15, 17, 37, 1),(38, ':|', 'Neutral', 'icon_neutral.gif', 15, 17, 38, 1),(39, ':-|', 'Neutral', 'icon_neutral.gif', 15, 17, 39, 1),(40, ':mrgreen:', 'Mr. Green', 'icon_mrgreen.gif', 15, 17, 40, 1),(41, ':geek:', 'Geek', 'icon_e_geek.gif', 17, 17, 41, 1),(42, ':ugeek:', 'Uber Geek', 'icon_e_ugeek.gif', 17, 18, 42, 1);

# Table: phpbb_styles
DROP TABLE IF EXISTS phpbb_styles;
CREATE TABLE `phpbb_styles` (
  `style_id` mediumint(8) unsigned NOT NULL auto_increment,
  `style_name` varchar(255) collate utf8_bin NOT NULL default '',
  `style_copyright` varchar(255) collate utf8_bin NOT NULL default '',
  `style_active` tinyint(1) unsigned NOT NULL default '1',
  `template_id` mediumint(8) unsigned NOT NULL default '0',
  `theme_id` mediumint(8) unsigned NOT NULL default '0',
  `imageset_id` mediumint(8) unsigned NOT NULL default '0',
  PRIMARY KEY  (`style_id`),
  UNIQUE KEY `style_name` (`style_name`),
  KEY `template_id` (`template_id`),
  KEY `theme_id` (`theme_id`),
  KEY `imageset_id` (`imageset_id`)
) ENGINE=MyISAM AUTO_INCREMENT=6 DEFAULT CHARSET=utf8 COLLATE=utf8_bin;

INSERT INTO phpbb_styles (style_id, style_name, style_copyright, style_active, template_id, theme_id, imageset_id) VALUES (5, 'Artodia: Ultra Blue', '&copy; Artodia.com', 1, 4, 4, 4);

# Table: phpbb_styles_imageset
DROP TABLE IF EXISTS phpbb_styles_imageset;
CREATE TABLE `phpbb_styles_imageset` (
  `imageset_id` mediumint(8) unsigned NOT NULL auto_increment,
  `imageset_name` varchar(255) collate utf8_bin NOT NULL default '',
  `imageset_copyright` varchar(255) collate utf8_bin NOT NULL default '',
  `imageset_path` varchar(100) collate utf8_bin NOT NULL default '',
  PRIMARY KEY  (`imageset_id`),
  UNIQUE KEY `imgset_nm` (`imageset_name`)
) ENGINE=MyISAM AUTO_INCREMENT=5 DEFAULT CHARSET=utf8 COLLATE=utf8_bin;

INSERT INTO phpbb_styles_imageset (imageset_id, imageset_name, imageset_copyright, imageset_path) VALUES (4, 'Artodia: Ultra Blue', '&copy; Artodia.com', 'art_ultra_blue');

# Table: phpbb_styles_imageset_data
DROP TABLE IF EXISTS phpbb_styles_imageset_data;
CREATE TABLE `phpbb_styles_imageset_data` (
  `image_id` mediumint(8) unsigned NOT NULL auto_increment,
  `image_name` varchar(200) collate utf8_bin NOT NULL default '',
  `image_filename` varchar(200) collate utf8_bin NOT NULL default '',
  `image_lang` varchar(30) collate utf8_bin NOT NULL default '',
  `image_height` smallint(4) unsigned NOT NULL default '0',
  `image_width` smallint(4) unsigned NOT NULL default '0',
  `imageset_id` mediumint(8) unsigned NOT NULL default '0',
  PRIMARY KEY  (`image_id`),
  KEY `i_d` (`imageset_id`)
) ENGINE=MyISAM AUTO_INCREMENT=298 DEFAULT CHARSET=utf8 COLLATE=utf8_bin;

INSERT INTO phpbb_styles_imageset_data (image_id, image_name, image_filename, image_lang, image_height, image_width, imageset_id) VALUES (238, 'site_logo', 'logo.png', '', 0, 0, 4),(239, 'forum_link', 'folder_moved.png', '', 0, 0, 4),(240, 'forum_read', 'folder_read.png', '', 0, 0, 4),(241, 'forum_read_locked', 'folder_locked.png', '', 0, 0, 4),(242, 'forum_read_subforum', 'folder_read.png', '', 0, 0, 4),(243, 'forum_unread', 'folder_unread.png', '', 0, 0, 4),(244, 'forum_unread_locked', 'folder_unread_locked.png', '', 0, 0, 4),(245, 'forum_unread_subforum', 'folder_unread.png', '', 0, 0, 4),(246, 'topic_moved', 'folder_moved.png', '', 0, 0, 4),(247, 'topic_read', 'folder_read.png', '', 0, 0, 4),(248, 'topic_read_mine', 'folder_read_posted.png', '', 0, 0, 4),(249, 'topic_read_hot', 'folder_read.png', '', 0, 0, 4),(250, 'topic_read_hot_mine', 'folder_read_posted.png', '', 0, 0, 4),(251, 'topic_read_locked', 'folder_locked.png', '', 0, 0, 4),(252, 'topic_read_locked_mine', 'folder_locked_posted.png', '', 0, 0, 4),(253, 'topic_unread', 'folder_unread.png', '', 0, 0, 4),(254, 'topic_unread_mine', 'folder_unread_posted.png', '', 0, 0, 4),(255, 'topic_unread_hot', 'folder_unread.png', '', 0, 0, 4),(256, 'topic_unread_hot_mine', 'folder_unread_posted.png', '', 0, 0, 4),(257, 'topic_unread_locked', 'folder_unread_locked.png', '', 0, 0, 4),(258, 'topic_unread_locked_mine', 'folder_unread_locked_posted.png', '', 0, 0, 4),(259, 'sticky_read', 'folder_announce.png', '', 0, 0, 4),(260, 'sticky_read_mine', 'folder_announce_posted.png', '', 0, 0, 4),(261, 'sticky_read_locked', 'folder_announce.png', '', 0, 0, 4),(262, 'sticky_read_locked_mine', 'folder_announce_posted.png', '', 0, 0, 4),(263, 'sticky_unread', 'folder_announce_unread.png', '', 0, 0, 4),(264, 'sticky_unread_mine', 'folder_announce_unread_posted.png', '', 0, 0, 4),(265, 'sticky_unread_locked', 'folder_announce.png', '', 0, 0, 4),(266, 'sticky_unread_locked_mine', 'folder_announce_posted.png', '', 0, 0, 4),(267, 'announce_read', 'folder_announce.png', '', 0, 0, 4),(268, 'announce_read_mine', 'folder_announce_posted.png', '', 0, 0, 4),(269, 'announce_read_locked', 'folder_announce.png', '', 0, 0, 4),(270, 'announce_read_locked_mine', 'folder_announce_posted.png', '', 0, 0, 4),(271, 'announce_unread', 'folder_announce_unread.png', '', 0, 0, 4),(272, 'announce_unread_mine', 'folder_announce_unread_posted.png', '', 0, 0, 4),(273, 'announce_unread_locked', 'folder_announce_unread.png', '', 0, 0, 4),(274, 'announce_unread_locked_mine', 'folder_announce_unread_posted.png', '', 0, 0, 4),(275, 'global_read', 'folder_announce.png', '', 0, 0, 4),(276, 'global_read_mine', 'folder_announce_posted.png', '', 0, 0, 4),(277, 'global_read_locked', 'folder_announce.png', '', 0, 0, 4),(278, 'global_read_locked_mine', 'folder_announce_posted.png', '', 0, 0, 4),(279, 'global_unread', 'folder_announce_unread.png', '', 0, 0, 4),(280, 'global_unread_mine', 'folder_announce_unread_posted.png', '', 0, 0, 4),(281, 'global_unread_locked', 'folder_announce_unread.png', '', 0, 0, 4),(282, 'global_unread_locked_mine', 'folder_announce_unread_posted.png', '', 0, 0, 4),(283, 'pm_read', 'folder_read.png', '', 0, 0, 4),(284, 'pm_unread', 'folder_unread.png', '', 0, 0, 4),(285, 'icon_post_target', 'icon_topic_latest.png', '', 9, 11, 4),(286, 'icon_post_target_unread', 'icon_topic_newest.png', '', 9, 11, 4),(287, 'icon_topic_latest', 'icon_topic_latest.png', '', 9, 11, 4),(288, 'icon_topic_newest', 'icon_topic_newest.png', '', 9, 11, 4),(289, 'subforum_read', 'icon_topic_latest.png', '', 9, 11, 4),(290, 'subforum_unread', 'icon_topic_newest.png', '', 9, 11, 4),(291, 'icon_back_top', 'icon_back_top.png', '', 11, 11, 4),(292, 'icon_topic_reported', 'icon_reported.png', '', 0, 0, 4),(293, 'icon_topic_unapproved', 'icon_unapproved.png', '', 0, 0, 4),(294, 'icon_topic_attach', 'attachment.png', '', 10, 5, 4),(295, 'icon_post_edit', 'icon_post_edit.png', 'en', 21, 58, 4),(296, 'icon_post_quote', 'icon_post_quote.png', 'en', 21, 69, 4),(297, 'icon_user_online', 'icon_user_online.png', 'en', 12, 0, 4);

# Table: phpbb_styles_template
DROP TABLE IF EXISTS phpbb_styles_template;
CREATE TABLE `phpbb_styles_template` (
  `template_id` mediumint(8) unsigned NOT NULL auto_increment,
  `template_name` varchar(255) collate utf8_bin NOT NULL default '',
  `template_copyright` varchar(255) collate utf8_bin NOT NULL default '',
  `template_path` varchar(100) collate utf8_bin NOT NULL default '',
  `bbcode_bitfield` varchar(255) collate utf8_bin NOT NULL default 'kNg=',
  `template_storedb` tinyint(1) unsigned NOT NULL default '0',
  `template_inherits_id` int(4) unsigned NOT NULL default '0',
  `template_inherit_path` varchar(255) collate utf8_bin NOT NULL default '',
  PRIMARY KEY  (`template_id`),
  UNIQUE KEY `tmplte_nm` (`template_name`)
) ENGINE=MyISAM AUTO_INCREMENT=5 DEFAULT CHARSET=utf8 COLLATE=utf8_bin;

INSERT INTO phpbb_styles_template (template_id, template_name, template_copyright, template_path, bbcode_bitfield, template_storedb, template_inherits_id, template_inherit_path) VALUES (1, 'prosilver', '&copy; phpBB Group', 'prosilver', 'lNg=', 0, 0, ''),(4, 'Artodia: Ultra Blue', '&copy; Artodia.com', 'art_ultra_blue', 'lNg=', 0, 1, 'prosilver');

# Table: phpbb_styles_template_data
DROP TABLE IF EXISTS phpbb_styles_template_data;
CREATE TABLE `phpbb_styles_template_data` (
  `template_id` mediumint(8) unsigned NOT NULL default '0',
  `template_filename` varchar(100) collate utf8_bin NOT NULL default '',
  `template_included` text collate utf8_bin NOT NULL,
  `template_mtime` int(11) unsigned NOT NULL default '0',
  `template_data` mediumtext collate utf8_bin NOT NULL,
  KEY `tid` (`template_id`),
  KEY `tfn` (`template_filename`)
) ENGINE=MyISAM DEFAULT CHARSET=utf8 COLLATE=utf8_bin;

# Table: phpbb_styles_theme
DROP TABLE IF EXISTS phpbb_styles_theme;
CREATE TABLE `phpbb_styles_theme` (
  `theme_id` mediumint(8) unsigned NOT NULL auto_increment,
  `theme_name` varchar(255) collate utf8_bin NOT NULL default '',
  `theme_copyright` varchar(255) collate utf8_bin NOT NULL default '',
  `theme_path` varchar(100) collate utf8_bin NOT NULL default '',
  `theme_storedb` tinyint(1) unsigned NOT NULL default '0',
  `theme_mtime` int(11) unsigned NOT NULL default '0',
  `theme_data` mediumtext collate utf8_bin NOT NULL,
  PRIMARY KEY  (`theme_id`),
  UNIQUE KEY `theme_name` (`theme_name`)
) ENGINE=MyISAM AUTO_INCREMENT=5 DEFAULT CHARSET=utf8 COLLATE=utf8_bin;

INSERT INTO phpbb_styles_theme (theme_id, theme_name, theme_copyright, theme_path, theme_storedb, theme_mtime, theme_data) VALUES (4, 'Artodia: Ultra Blue', '&copy; Artodia.com', 'art_ultra_blue', 1, 1371759147, '/*  phpBB3 Style Sheet\n	--------------------------------------------------------------\n	Style name:			Artodia: Ultra Blue\n	Based on style:		prosilver (the default phpBB 3.0.x style)\n	Original author:	Tom Beddard ( http://www.subblue.com/ )\n	Modified by:		Vjacheslav Trushkin ( http://www.artodia.com/ )\n        Modified by Neekasa (http://www.neekasa.com) for Crimson Crusade Alliance (www.crimson-alliance.com)\n	--------------------------------------------------------------\n*/\n/*\n	Global CSS definitions, overall layout\n*/\n\n\n/*\n	CSS Reset\n*/\nhtml, body.phpbb, .phpbb div, .phpbb span, .phpbb applet, .phpbb object, .phpbb iframe, .phpbb\nh1, .phpbb h2, .phpbb h3, .phpbb h4, .phpbb h5, .phpbb h6, .phpbb p, .phpbb blockquote, .phpbb pre, .phpbb\na, .phpbb abbr, .phpbb acronym, .phpbb address, .phpbb big, .phpbb cite, .phpbb code, .phpbb\ndel, .phpbb dfn, .phpbb em, .phpbb img, .phpbb ins, .phpbb kbd, .phpbb q, .phpbb s, .phpbb samp, .phpbb\nsmall, .phpbb strike, .phpbb strong, .phpbb sub, .phpbb sup, .phpbb tt, .phpbb var, .phpbb\nb, .phpbb u, .phpbb i, .phpbb center, .phpbb\ndl, .phpbb dt, .phpbb dd, .phpbb ol, .phpbb ul, .phpbb li, .phpbb\nfieldset, .phpbb form, .phpbb label, .phpbb legend, .phpbb\ntable, .phpbb caption, .phpbb tbody, .phpbb tfoot, .phpbb thead, .phpbb tr, .phpbb th, .phpbb td, .phpbb\narticle, .phpbb aside, .phpbb canvas, .phpbb details, .phpbb embed, .phpbb \nfigure, .phpbb figcaption, .phpbb footer, .phpbb header, .phpbb hgroup, .phpbb \nmenu, .phpbb nav, .phpbb output, .phpbb ruby, .phpbb section, .phpbb summary, .phpbb\ntime, .phpbb mark, .phpbb audio, .phpbb video, .phpbb meter {\n	margin: 0;\n	padding: 0;\n	border: 0;\n	font-size: 100%;\n	font: inherit;\n	vertical-align: baseline;\n}\n/* HTML5 display-role reset for older browsers */\n.phpbb article, .phpbb aside, .phpbb details, .phpbb figcaption, .phpbb figure, .phpbb \nfooter, .phpbb header, .phpbb hgroup, .phpbb menu, .phpbb nav, .phpbb section {\n	display: block;\n}\nbody.phpbb {\n	line-height: 1em;\nbackground: #1d1d1d;\n}\n.phpbb ol, .phpbb ul {\n	list-style: none;\n}\n.phpbb blockquote, .phpbb q {\n	quotes: none;\n}\n.phpbb blockquote:before, .phpbb blockquote:after, .phpbb\nq:before, .phpbb q:after {\n	content: \'\';\n	content: none;\n}\n.phpbb table {\n	border-collapse: collapse;\n	border-spacing: 0;\n}\n\n/*\n	Font\n*/\nbody.phpbb {\n	font-family: Verdana;\n	font-size: 12px;\n}\nbody.simple {\n	padding: 8px;\n}\n\n/*\n	Common stuff\n*/\n.phpbb .clear, .phpbb span.corners-bottom {\n	display: block;\n	clear: both;\n	height: 0;\n	overflow: hidden;\n}\n.phpbb .right {\n	text-align: right;\n}\n.phpbb .nowrap {\n	white-space: nowrap;\n}\n\n.phpbb p {\n	padding: 6px 0;\n	line-height: 1.5em;\n}\n\n.phpbb .rightside {\n	float: right;\n	text-align: right;\n}\n.phpbb .leftside {\n	float: left;\n	text-align: left;\n}\n.phpbb .left-box {\n	display: block;\n	float: left;\n	margin-right: 5px;\n}\n.phpbb .right-box {\n	display: block;\n	float: right;\n	margin-left: 5px;\n}\n\n.phpbb hr {\n	border-width: 0;\n	border-top: 1px solid transparent;\n	margin-left: 20px;\n	margin-right: 20px;\n}\n\n\n\n/*\n	Layout\n*/\n.phpbb .wrap-top {\n	height: 800px;\n}\n.phpbb .wrap-top-top {\n}\n.phpbb .wrap-top-top div, .phpbb .wrap-top-mid, .phpbb .wrap-top-mid .right {\n	background: transparent none left top repeat-x;\n	height: 399px;\n}\n.phpbb .wrap-top-mid {\n	padding: 0 15px;\n}\n.phpbb .wrap-top-mid .left {\n	background: transparent none left top no-repeat;\n	margin: -1px auto 0;\n}\n.phpbb.fixed-width .wrap-top-mid .left {\n	width: 1010px;\n}\n.phpbb .wrap-top-mid .right {\n	background: transparent none right top no-repeat;\n}\n\n.phpbb .content-wrapper {\n	margin: -800px auto 0;\n        background: #000;\n}\n.phpbb.fixed-width .content-wrapper {\n	width: 1000px;\n}\n.phpbb .logo {\n	text-align: center;\n	padding: 10px 0 0;\n}\n.phpbb .logo h1 {\n	display: none; /* remove this line to show forum name in header */\n	font-size: 24px;\n	font-weight: normal;\n	padding: 10px;\n}\n\n.phpbb .sitenav {\n	margin: 0 240px;\n	padding: 13px 0 11px;\n	background: transparent none left bottom repeat-x;\n	position: relative;\n}\n.phpbb .sitenav:before, .phpbb .sitenav:after {\n	content: \'\';\n	display: block;\n	position: absolute;\n	top: 0;\n	bottom: 0;\n	width: 240px;\n	pointer-events: none;\n}\n.phpbb .sitenav:before {\n	left: -240px;\n	background: transparent none 0 100% no-repeat;\n}\n.phpbb .sitenav:after {\n	right: -240px;\n	background: transparent none -240px 100% no-repeat;\n}\n.ie7 .phpbb .sitenav {\n	margin: 0;\n	margin-top: 9px;\n	padding-top: 4px;\n	border: 1px solid transparent;\n	border-width: 0 1px;\n}\n.phpbb .sitenav h2 {\n	display: block;\n	font-size: 16px;\n	font-family: Arial;\n	font-weight: 300;\n	margin: 6px 0 0 -230px;\n	padding: 0;\n	padding-left: 15px;\n	white-space: nowrap;\n	overflow: hidden;\n	text-overflow: ellipsis;\n	background: transparent none 0 50% no-repeat;\n}\n.ie7 .phpbb .sitenav h2 {\n	margin-left: 10px;\n}\n.phpbb .sitenav .links {\n	position: absolute;\n	top: 6px;\n	bottom: 0;\n	right: -240px;\n	z-index: 2;\n}\n.ie7 .phpbb .sitenav .links {\n	right: 10px;\n	top: -2px;\n}\n.phpbb .sitenav .links a {\n	display: block;\n	float: left;\n	height: 20px;\n	padding: 7px 2px 0 0;\n	margin: 9px 25px 0 10px;\n	background: transparent none 0 0 repeat-x;\n	white-space: nowrap;\n	text-decoration: none !important;\n	position: relative;\n}\n.ie7 .phpbb .sitenav .links a {\n	margin: 9px 0 0 10px;\n	padding: 7px 8px 0;\n	border: 1px solid transparent;\n	border-width: 0 1px;\n}\n.phpbb .sitenav .links a:before, .phpbb .sitenav .links a:after {\n	content: \'\';\n	display: block;\n	position: absolute;\n	top: 0;\n	bottom: 0;\n}\n.phpbb .sitenav .links a:before {\n	width: 10px;\n	left: -10px;\n	background: transparent none 0 -60px no-repeat;\n}\n.phpbb .sitenav .links a:after {\n	width: 20px;\n	right: -20px;\n	background: transparent none 0 -90px no-repeat;\n}\n\n.phpbb .sitenav .links a:hover { background-position: 0 -30px; }\n.phpbb .sitenav .links a:hover:before { background-position: -10px -60px; }\n.phpbb .sitenav .links a:hover:after { background-position: 0 -120px; }\n\n.phpbb .page-content {\n	min-height: 780px;\n        max-width: 1260px;\n        margin: 40px auto 0;\npadding: 10px;\n}\n.phpbb .page-content > h3 {\n	clear: both;\n}\n\n/*\n	Footer\n*/\n.phpbb p.time {\n	margin-bottom: 6px;\n	padding: 0;\n}\n.phpbb p.time.first {\n	float: right;\n	text-align: right;\n}\n.phpbb .footer {\n	background: transparent none 0 0 repeat;\n}\n.phpbb .footer > .inner {\n	background: transparent none 0 0 repeat-x;\n}\n.phpbb .footer .inner > div {\n	margin: 0 auto;\n	padding: 10px 28px;\n}\n.phpbb.fixed-width .footer .inner > div {\n	width: 984px;\n}\n\n.phpbb .footer .left { \n	float: left; \n	padding: 0;\n}\n.phpbb .footer .copyright { \n	float: right;\n	text-align: right;\n	padding: 0;\n}\n.oldie .phpbb .footer .copyright {\n	float: none;\n}\n.phpbb #footer .arty, .phpbb #footer .phpbb-group {\n	display: block;\n	float: right;\n	width: 0;\n	height: 0;\n	overflow: hidden;\n	margin: 0;\n	padding: 0;\n	padding-top: 28px;\n	padding-left: 60px;\n	background: transparent none 0 0 no-repeat;\n	opacity: 0.5;\n}\n.phpbb #footer .arty { \n	background-position: -60px 0;\n}\n.phpbb #footer .arty:hover, .phpbb #footer .phpbb-group:hover {\n	opacity: 1;\n}\n\n/*\n	Menu\n*/\n.phpbb ul.menu {\n	float: left;\n}\n.phpbb ul.menu.right {\n	float: right;\n}\n\n.phpbb .menu > li {\n	display: block;\n	float: left;\n}\n\n.phpbb .menu > li > a {\n	display: block;\n	float: left;\n	background: transparent none 0 0 repeat-x;\n	text-decoration: none !important;\n	white-space: nowrap;\n	padding: 5px 0 0;\n	margin: 0 10px 0 15px;\n	height: 20px;\n	line-height: 1.2em;\n	position: relative;\n}\n.ie7 .phpbb .menu > li > a {\n	margin: 0 0 0 5px;\n	border: 1px solid transparent;\n	border-width: 0 1px;\n	padding: 5px 8px 0;\n	cursor: pointer;\n}\n.phpbb .menu > li > a:before, .phpbb .menu > li > a:after {\n	content: \'\';\n	display: block;\n	position: absolute;\n	top: 0;\n	bottom: 0;\n	left: -10px;\n	width: 10px;\n	background-position: 0 -120px;\n	background-repeat: no-repeat;\n}\n.phpbb .menu > li > a:after {\n	left: auto;\n	right: -10px;\n	background-position: -17px -90px;\n}\n.phpbb .menu.left > li:first-child > a {\n	margin-left: 0;\n}\n\n.phpbb .menu > li > a > span {\n	white-space: nowrap;\n	max-width: 200px;\n	overflow: hidden;\n	text-overflow: ellipsis;\n	display: inline-block;\n}\n\n.phpbb .menu > li.active > a { background-position: 0 -60px; }\n.phpbb .menu > li.active > a:before { background-position: -60px -120px; }\n.phpbb .menu > li.active > a:after { background-position: -77px -90px; }\n\n.phpbb .menu > li:hover > a { background-position: 0 -30px; }\n.phpbb .menu > li:hover > a:before { background-position: -30px -120px; }\n.phpbb .menu > li:hover > a:after { background-position: -47px -90px; }\n\n/* Menu: login */\n.phpbb .menu > li > a.menu-login { \n	margin-left: 30px;\n	padding-left: 2px;\n}\n.phpbb .menu > li > a.menu-login:before { \n	background-position: 0 -180px;\n	left: -25px;\n	width: 25px;\n}\n.phpbb .menu > li.active > a.menu-login:before { background-position: -60px -180px; }\n.phpbb .menu > li:hover > a.menu-login:before { background-position: -30px -180px; }\n\n/* Menu: pm */\n.phpbb .menu > li > a.menu-pm { \n	margin-left: 30px;\n	padding-left: 3px;\n}\n.phpbb .menu > li > a.menu-pm:before { \n	background-position: 0 -210px;\n	left: -25px;\n	width: 25px;\n}\n.phpbb .menu > li.active > a.menu-pm:before { background-position: -60px -210px; }\n.phpbb .menu > li:hover > a.menu-pm:before { background-position: -30px -210px; }\n\n.ie7 .phpbb .menu > li > a.menu-login, .ie7 .phpbb .menu > li > a.menu-pm { \n	padding-left: 6px; \n	margin-left: 5px;\n}\n\n\n/* Menu: icons */\n.phpbb .menu > li > a.menu-home, .phpbb .menu > li > a.menu-search, .phpbb .menu > li > a.menu-users, .phpbb .menu > li > a.menu-faq, .phpbb .menu > li > a.menu-ucp, .phpbb .menu > li > a.menu-down {\n	width: 0;\n	height: 0;\n	margin: 0;\n	margin-left: 5px;\n	padding: 25px 0 0 27px;\n	overflow: hidden;\n	background-position: 0 -360px;\n	background-repeat: no-repeat;\n	border-width: 0 !important;\n}\n.phpbb .menu > li > a.menu-home span, .phpbb .menu > li > a.menu-search span, .phpbb .menu > li > a.menu-users span, .phpbb .menu > li > a.menu-faq span, .phpbb .menu > li > a.menu-ucp span, .phpbb .menu > li > a.menu-down span { display: none; }\n\n.phpbb .menu > li > a.menu-home:before, .phpbb .menu > li > a.menu-search:before, .phpbb .menu > li > a.menu-users:before, .phpbb .menu > li > a.menu-faq:before, .phpbb .menu > li > a.menu-ucp:before, .phpbb .menu > li > a.menu-down:before,\n.phpbb .menu > li > a.menu-home:after, .phpbb .menu > li > a.menu-search:after, .phpbb .menu > li > a.menu-users:after, .phpbb .menu > li > a.menu-faq:after, .phpbb .menu > li > a.menu-ucp:after, .phpbb .menu > li > a.menu-down:after {\n	display: none;\n}\n.phpbb .menu > li.active > a.menu-down { background-position: -60px -360px; }\n.phpbb .menu > li:hover > a.menu-down { background-position: -30px -360px; }\n\n/* Menu: home */\n.phpbb .menu > li > a.menu-home { background-position: 0 -390px; }\n.phpbb .menu > li.active > a.menu-home { background-position: -60px -390px; }\n.phpbb .menu > li:hover > a.menu-home { background-position: -30px -390px; }\n\n/* Menu: search */\n.phpbb .menu > li > a.menu-search { background-position: 0 -240px; }\n.phpbb .menu > li.active > a.menu-search { background-position: -60px -240px; }\n.phpbb .menu > li:hover > a.menu-search { background-position: -30px -240px; }\n\n/* Menu: users */\n.phpbb .menu > li > a.menu-users { background-position: 0 -270px; }\n.phpbb .menu > li.active > a.menu-users { background-position: -60px -270px; }\n.phpbb .menu > li:hover > a.menu-users { background-position: -30px -270px; }\n\n/* Menu: faq */\n.phpbb .menu > li > a.menu-faq { background-position: 0 -300px; }\n.phpbb .menu > li.active > a.menu-faq { background-position: -60px -300px; }\n.phpbb .menu > li:hover > a.menu-faq { background-position: -30px -300px; }\n\n/* Menu: ucp */\n.phpbb .menu > li > a.menu-ucp { background-position: 0 -330px; }\n.phpbb .menu > li.active > a.menu-ucp { background-position: -60px -330px; }\n.phpbb .menu > li:hover > a.menu-ucp { background-position: -30px -330px; }\n\n/*\n	Navbar\n*/\n.phpbb .navbar, .phpbb .linkmcp {\n	margin: 6px 0;\n	padding: 6px;\n	border: 1px solid transparent;\n	border-radius: 5px;\n	clear: both;\n}\n.ie7 .phpbb .navbar, .ie7 .phpbb .linkmcp {\n	height: 12px;\n}\n.phpbb .navbar:after, .phpbb .linklist:after, .phpbb .topic-actions:after, .phpbb #tabs ul:after, .phpbb #minitabs ul:after, .phpbb dl.details:after {\n	content: \'\';\n	display: block;\n	clear: both;\n}\n.phpbb .navbar .left {\n	float: left;\n}\n.phpbb .navbar .right {\n	float: right;\n}\n.phpbb .navbar a {\n	text-decoration: none;\n}\n.phpbb .navbar a:hover {\n	text-decoration: underline;\n}\n.phpbb .linkmcp {\n	text-align: right;\n}\n/*\n	Page specific code\n*/\n\n/*\n	Forums list\n*/\n.phpbb .topiclist {\n	clear: both;\n}\n.phpbb .topiclist .header, .phpbb h2.header {\n	display: block;\n	margin: 6px 0;\n	padding: 0;\n	background: transparent none 0 0 repeat-x;\n	border-radius: 6px;\n}\n.phpbb .topiclist .header {\n	margin-bottom: 2px;\n}\n.phpbb .topiclist .header dl {\n	display: block;\n	background: transparent none 0 -30px no-repeat;\n}\n.ie7 .phpbb .topiclist .header {\n	border-width: 0;\n}\n.ie7 .phpbb .topiclist .header dt {\n	height: 23px;\n	width: 100% !important;\n	padding-left: 0 !important;\n	padding-right: 0 !important;\n	background-position: 0 0;\n	background-repeat: repeat-x;\n}\n\n.phpbb .topiclist .header dd {\n	display: none !important;\n}\n.phpbb .topiclist .header dt, .phpbb h2.header {\n	clear: both;\n	display: block;\n	background: transparent none right -60px no-repeat;\n	font-size: 16px;\n	font-family: Arial;\n	line-height: 1em;\n	white-space: nowrap;\n	text-align: center;\n	height: 23px;\n	padding-top: 6px !important;\n	padding-bottom: 0;\n}\n.phpbb h2.header {\n	background: none 0 -30px no-repeat, none right -60px no-repeat, none 0 0 repeat-x;\n}\n.oldie .phpbb h2.header {\n	background: transparent none 0 0 repeat-x;\n}\n\n.phpbb .topiclist .header a, .phpbb h2.header a, .phpbb .post h3 a {\n	text-decoration: none;\n}\n.phpbb .topiclist .header a:hover, .phpbb h2.header a:hover, .phpbb .post h3 a:hover {\n	text-decoration: underline;\n}\n\n.phpbb .topiclist {\n	display: block;\n}\n.phpbb .topiclist:after, .phpbb .post:after {\n	content: \'\';\n	display: block;\n	clear: both;\n}\n\n.phpbb .topiclist > li {\n	margin: 2px 0;\n	padding: 4px 0;\n	border: 1px solid transparent;\n	border-radius: 6px;\n}\n\n.phpbb .topiclist dl {\n	display: table;\n	width: 100%;\n}\n.phpbb .topiclist dt, .phpbb .topiclist dd {\n	display: table-cell;\n	vertical-align: middle;\n	line-height: 1.5em;\n	height: 33px;\n	padding: 2px 6px;\n}\n.phpbb .topiclist .icon dt {\n	padding-left: 40px;\n}\n.phpbb .topiclist .header .icon dt {\n	padding-left: 6px;\n}\n\n.phpbb .topiclist dd {\n	border-left: 1px solid transparent;\n	text-align: center;\n	line-height: 1.3em;\n	width: 50px;\n}\n\n.phpbb .topiclist dd.info, .phpbb .topiclist dd.time {\n	min-width: 220px;\n	font-size: 11px;\n	line-height: 1.5em;\n}\n.phpbb .topiclist dd.lastpost, .phpbb .topiclist dd.redirect {\n	min-width: 220px;\n	text-align: left;\n	font-size: 11px;\n	line-height: 1.5em;\n}\n.phpbb .topiclist dd.moderation {\n	width: 40%;\n	text-align: left;\n}\n.phpbb .topiclist dd.empty {\n	display: none;\n}\n\n.ie7 .phpbb .topiclist dl {\n	display: block;\n	height: 1%;\n}\n.ie7 .phpbb .topiclist dl.icon {\n	min-height: 35px;\n}\n.ie7 .phpbb .topiclist dt, .ie7 .phpbb .topiclist dd {\n	display: block;\n	float: left;\n}\n.ie7 .phpbb .topiclist dt {\n	width: 50%;\n	height: 1%;\n}\n.ie7 .phpbb .topiclist dd {\n	width: 8%;\n}\n.ie7 .phpbb .topiclist dd.lastpost {\n	width: 25%;\n}	 \n\n\n.phpbb .topiclist .topics dfn, .phpbb .topiclist .posts dfn, .phpbb .topiclist .views dfn {\n	text-transform: lowercase;\n	display: block;\n	font-size: 11px;\n}\n.phpbb span.forum-image {\n	float: left;\n	padding-right: 6px;\n}\n.phpbb dl.icon {\n	background: transparent none 7px 50% no-repeat;\n}\n.phpbb dl.icon dt {\n	background: transparent none 5px 80% no-repeat;\n}\n\n.phpbb a.forumtitle, .phpbb a.topictitle {\n	display: inline-block;\n	font-family: Helvetica, Arial;\n	font-size: 16px;\n	font-weight: 400;\n	text-decoration: none;\n	line-height: 1.5em;\n}\n.phpbb a.forumtitle:hover, .phpbb a.topictitle:hover {\n	text-decoration: underline;\n}\n\n.phpbb p.subforums, .phpbb p.moderators {\n	padding: 2px 0 0;\n}\n.phpbb p.subforums strong, .phpbb p.moderators strong {\n	font-weight: normal;\n}\n\n/*\n	Small arrows\n*/\n.phpbb a.subforum {\n	padding-left: 14px;\n	background: transparent none 0 50% no-repeat;\n}\n\n/*\n	Content blocks\n*/\n.phpbb h2, .phpbb h3 {\n	margin: 12px 0 4px;\n	font-size: 16px;\n	font-family: Helvetica, Arial;\n	font-weight: 400;\n	line-height: 1.2em;\n}\n\n.ie7 .phpbb .panel, .ue7 .phpbb div.rules {\n	clear: both;\n}\n.phpbb .panel, .phpbb div.rules, .phpbb .cp-mini {\n	margin: 6px 0;\n	padding: 0;\n	border: 1px solid transparent;\n	border-radius: 6px;\n	background: transparent none 0 0 repeat-x;\n}\n.phpbb .pm-panel-message {\n	margin: 0;\n	padding: 0;\n	border-width: 0;\n}\n.phpbb .panel .inner, .phpbb .panel .content {\n	padding: 4px;\n}\n.phpbb div.rules .inner {\n	padding: 10px;\n	line-height: 1.5em;\n}\n.phpbb #information.rules .inner {\n	text-align: center;\n	padding: 20px;\n}\n\n.phpbb .panel-wrapper {\n	border-width: 0;\n}\n.phpbb .panel-wrapper > .inner {\n	padding: 4px 0;\n}\n\n.phpbb .panel h2, .phpbb .panel h3 {\n	margin: 0;\n	padding: 6px 0 0;\n}\n.phpbb .panel h2:first-child, .phpbb .panel h3:first-child,\n.phpbb .panel .corners-top + h2, .phpbb .panel .corners-top + h3 {\n	padding-top: 2px;\n}\n.phpbb .panel p {\n	padding: 3px 0;\n}\n.phpbb .panel.stats > .inner {\n	background: transparent none 6px 50% no-repeat;\n	padding-left: 40px;\n}\n.phpbb div.rules span+strong {\n	font-family: Helvetica, Arial;\n	font-size: 16px;\n	display: inline-block;\n	padding-bottom: 4px;\n}\n\n.phpbb #message.panel, .phpbb #confirm .panel {\n	padding: 10px;\n	line-height: 1.5em;\n	font-size: 13px;\n}\n\n/*\n	Tables\n*/\n.phpbb table.table1 {\n	margin: 6px 0;\n	width: 100%;\n	border-collapse: separate;\n	border-spacing: 2px;\n}\n.phpbb table.table1 td, .phpbb table.table1 th {\n	border: 1px solid transparent;\n	border-radius: 5px;\n	padding: 4px;\n	vertical-align: middle;\n}\n.phpbb table.table1 th {\n	background: transparent none 0 0 repeat-x;\n}\n.phpbb td.posts, .phpbb td.info {\n	text-align: center;\n}\n\n/*\n	Arrows\n*/\n.phpbb a.left, .phpbb a.right, .phpbb a.up, .phpbb a.down {\n	background: none transparent 0 50% no-repeat;\n	padding-left: 10px;\n	text-decoration: none;\n	line-height: 1em;\n	font-size: 12px;\n	font-family: Arial;\n	transition: background-position 0.25s ease;\n	-moz-transition: background-position 0.25s ease;\n	-webkit-transition: background-position 0.25s ease;\n	-o-transition: background-position 0.25s ease;\n	-ms-transition: background-position 0.25s ease;\n}\n.phpbb a.left:hover, .phpbb a.up:hover, .phpbb a.down:hover {\n	background-position: 2px 50%;\n}\n.phpbb a.right, .phpbb a.right-box.up, .phpbb a.right-box.down {\n	background-position: 100% 50%;\n	padding-left: 0;\n	padding-right: 10px;\n}\n.phpbb a.right:hover, .phpbb a.right-box.up:hover, .phpbb a.right-box.down:hover {\n	background-position: calc(100% - 2px) 50%;\n	background-position: -moz-calc(100% - 2px) 50%;\n}\n.phpbb .submit-buttons a.up {\n	margin-top: 6px;\n}\n\n\n/*\n	Pagination, topic actions, reported/unapproved posts\n*/\n.phpbb .display-options {\n	text-align: center;\n	clear: both;\n}\n.phpbb .display-options a {\n	margin-top: 6px;\n}\n.phpbb .pagination {\n	margin: 0;\n	padding: 0;\n	line-height: 1em;\n}\n.ie7 .phpbb .topic-actions {\n	min-height: 28px;\n}\n.phpbb .topic-actions .pagination {\n	float: right;\n	padding-left: 6px;\n	padding-top: 4px;\n}\n.phpbb .row .pagination {\n	float: right;\n}\n.phpbb .pagination span.page-sep, .phpbb .pagination span.page-dots { display: none; }\n.phpbb .pagination span a, .phpbb .pagination span strong {\n	display: inline-block;\n	margin: 0 1px;\n	text-align: center;\n	min-width: 10px;\n	padding: 2px 3px 3px;\n	border-radius: 5px;\n	text-decoration: none;\n	opacity: 0.8;\n	font-weight: normal;\n	visibility: visible;\n}\n.phpbb .pagination span strong { pointer-events: none; }\n.phpbb .pagination span a:hover {\n	opacity: 1;\n}\n\n.phpbb a.unapproved, .phpbb a.reported {\n	float: right;\n	display: block;\n	margin-top: -2px;\n	padding-left: 6px;\n	opacity: 0.8;\n}\n.phpbb a.unapproved img, .phpbb a.reported img {\n	display: block;\n}\n.phpbb a.unapproved:hover, .phpbb a.reported:hover {\n	opacity: 1;\n}\n.phpbb div.buttons {\n	float: left;\n}\n.phpbb .inner > div.buttons {\n	float: none;\n}\n.phpbb div.buttons > div {\n	margin-right: 5px;\n	float: left;\n}\n.phpbb .topic-actions .search-box {\n	float: left;\n}\n\n.phpbb #jumpbox, .phpbb .jumpbox, .phpbb #jumpbox + form, .phpbb .js-jumpbox {\n	display: block;\n	float: right;\n	text-align: right;\n	clear: right;\n	margin: 4px 0;\n}\n.phpbb .jumpbox-js label {\n	float: left;\n	display: block;\n	padding-top: 8px;\n	padding-right: 4px;\n}\n.phpbb .jumpbox a.button {\n	white-space: nowrap;\n	max-width: 300px;\n	overflow: hidden;\n	text-overflow: ellipsis;\n}\n\n/*\n	Posting form\n*/\n.phpbb #format-buttons {\n	padding: 2px 0;\n}\n.phpbb #smiley-box {\n	float: right;\n	width: 200px;\n}\n.phpbb #message-box {\n	margin-right: 210px;\n}\n.phpbb #qr_editor_div #message-box {\n	margin-right: 0;\n}\n.phpbb #message-box textarea {\n	width: 98%;\n	width: calc(100% - 6px);\n	width: -moz-calc(100% - 6px);\n}\n\n.phpbb p.error, .phpbb dd.error {\n	padding: 6px;\n}\n\n/*\n	Poll\n*/\n.phpbb .polls {\n	margin: 4px 0 0;\n}\n.phpbb .polls dl {\n	display: table;\n	width: 100%;\n	border-top: 1px solid transparent;\n}\n.phpbb .polls dl.votes {\n	border-top-width: 0;\n}\n.phpbb .polls dt, .phpbb .polls dd {\n	display: table-cell;\n	margin: 0;\n	padding: 4px 0 4px 4px;\n}\n.phpbb .polls dt {\n	width: 95%;\n	clear: left;\n	padding-left: 0;\n}\n.phpbb .polls dd {\n	width: 20%;\n}\n.phpbb .polls dd.resultbar {\n	width: 50%;\n	padding-left: 10px;\n	padding-right: 10px;\n}\n\n.ie7 .phpbb .polls dl, .ie7 .phpbb .polls dt, .ie7 .phpbb .polls dd {\n	display: block;\n}\n.ie7 .phpbb .polls dt, .ie7 .phpbb .polls dd {\n	float: left;\n}\n.ie7 .phpbb .polls dt {\n	width: 30%;\n}\n.ie7 .phpbb .polls dd {\n	width: 10%;\n}\n.ie7 .phpbb .polls dd.resultbar {\n	width: 45%;\n}\n\n.phpbb .polls dd.resultbar > div {\n	min-width: 10px;\n	padding: 2px 4px 1px;\n	border: 1px solid transparent;\n	border-radius: 5px;\n	text-align: right;\n	line-height: 1em;\n	font-size: 12px;\n	font-family: Arial;\n	background: transparent none 0 50% repeat-x;\n}\n\n.phpbb .polls dl.votes dt { \n	display: none; \n}\n.phpbb .polls dl.votes dd { \n	text-align: center;\n	width: 100%;\n	padding-top: 0;\n}\n.phpbb .content p.author {\n	color: #808080;\n}\n\n\n/*\n	Posts\n*/\n.phpbb .post+hr.divider {\n	display: none;\n}\n\n.phpbb p.author {\n	font-size: 12px;\n	line-height: 1.5em;\n	padding: 0;\n}\n\n.phpbb .post {\n	margin: 6px 0;\n	clear: both;\n	position: relative;\n}\n.phpbb .post > .inner {\n	display: table;\n	width: 100%;\n	max-width: 100%;\n}\n.phpbb .post > .inner > span {\n	display: none;\n}\n.phpbb .post > .inner > .postbody {\n	display: table-cell;\n	vertical-align: top;\n	width: 100%;\n	padding-bottom: 10px;\n}\n.phpbb .profile + .postbody {\n	border-left: 1px solid transparent;\n	padding-left: 10px;\n	padding-right: 6px;\n}\n.phpbb .post {\n	border: 1px solid transparent;\n	border-radius: 5px;\n	padding: 4px;\n	word-wrap: break-word;\n}\n.phpbb .post > .inner > .postprofile, .phpbb .post > .inner > .profile {\n	display: table-cell;\n	vertical-align: top;\n	min-width: 190px;\n	vertical-align: top;\n	padding-bottom: 10px;\n}\n.phpbb .post .postprofile {\n	padding: 0 4px 4px 0;\n	word-wrap: break-word;\n}\n\n.ie7 .phpbb .post > .inner {\n	display: block;\n}\n.ie7 .phpbb .post > .inner > .profile {\n	display: block;\n	float: left;\n	width: 190px;\n}\n.ie7 .phpbb .post > .inner > .postbody {\n	display: block;\n	margin-left: 200px;\n	clear: none;\n	width: auto;\n}\n.ie7 .phpbb #topicreview .post .postbody, .ie7 .phpbb #preview.post .postbody {\n	margin-left: 0;\n}\n\n.phpbb .post > .inner > .back2top {\n	display: block;\n	position: absolute;\n	z-index: 2;\n	right: 8px;\n	bottom: 6px;\n}\n.phpbb .post > .inner > .back2top a {\n	display: inline-block;\n	text-decoration: none;\n	padding-right: 14px;\n	font-size: 11px;\n	white-space: nowrap;\n	background: transparent none 100% 50% no-repeat;\n}\n\n.phpbb .post .content {\n	padding-bottom: 4px;\n	word-wrap: break-word;\n	overflow: hidden;\n}\n\n.phpbb .postprofile dt {\n	text-align: center;\n	font-size: 16px;\n	font-family: Arial;\n	line-height: 1.2em;\n	padding-top: 1px;\n	white-space: nowrap;\n}\n.phpbb .postprofile dt a, .phpbb .postprofile dt a:visited {\n	text-decoration: none;\n}\n.phpbb .postprofile dt a:hover {\n	text-decoration: underline;\n}\n.phpbb .postprofile dt .popup {\n	top: 20px;\n}\n.phpbb .postprofile dt .popup a {\n	min-width: 162px;\n}\n.phpbb .postprofile dd {\n	font-size: 11px;\n	line-height: 1.1em;\n	padding: 4px 6px 0;\n}\n.phpbb .postprofile dd.poster-rank {\n	text-align: center;\n	padding-top: 0;\n	white-space: nowrap;\n}\n.phpbb .postprofile dd.poster-online {\n	text-align: center;\n	padding-top: 4px;\n}\n.phpbb .poster-avatar {\n	text-align: center;\n	margin: 4px 10px 4px 6px;\n	padding: 4px 0 0;\n}\n.phpbb .poster-avatar.empty {\n	min-height: 90px;\n	min-width: 90px;\n	background: transparent none 50% 0 no-repeat;\n	opacity: 0.8;\n	transition: opacity 0.25s ease;\n	-moz-transition: opacity 0.25s ease;\n	-webkit-transition: opacity 0.25s ease;\n	-o-transition: opacity 0.25s ease;\n	-ms-transition: opacity 0.25s ease;\n}\n.phpbb .post:hover .poster-avatar.empty {\n	opacity: 1;\n}\n\n.phpbb .postbody h3, .phpbb .content h2:first-child {\n	clear: none;\n	margin: 0;\n	padding: 3px 0 1px;\n}\n.phpbb .postbody .author {\n	font-size: 11px;\n	margin: 0 0 6px;\n}\n.phpbb .postbody .author img {\n	margin-right: 2px;\n}\n\n.phpbb .postbody .searchresults {\n	float: right;\n	text-align: right;\n}\n\n/*\n	Post buttons\n*/\n.phpbb .postbody .profile-icons {\n	float: right;\n}\n.phpbb .postbody .profile-icons li {\n	float: left;\n	width: auto !important;\n	background: none !important;\n}\n\n.phpbb .profile-icons a {\n	display: block;\n	float: left;\n	margin: 0 0 0 4px;\n	padding: 0;\n	text-decoration: none !important;\n	width: 21px;\n	height: 21px;\n	overflow: hidden;\n	background: transparent none 0 0 no-repeat;\n	outline-style: none;\n}\n.phpbb .profile-icons a:hover, .phpbb .profile-icons a:active {\n	background-position: 0 -21px;\n	outline-style: none;\n}\n.phpbb .profile-icons span {\n	display: none;\n}\n\n.phpbb .profile-icons .edit-icon a {\n	width: {IMG_ICON_POST_EDIT_WIDTH}px;\n}\n.phpbb .profile-icons .quote-icon a {\n	width: {IMG_ICON_POST_QUOTE_WIDTH}px;\n}\n.phpbb .profile-icons .info-icon a {\n	background-position: -21px 0;\n}\n.phpbb .profile-icons .info-icon a:hover {\n	background-position: -21px -21px;\n}\n.phpbb .profile-icons .report-icon a {\n	background-position: -42px 0;\n}\n.phpbb .profile-icons .report-icon a:hover {\n	background-position: -42px -21px;\n}\n.phpbb .profile-icons .warn-icon a {\n	background-position: -63px 0;\n}\n.phpbb .profile-icons .warn-icon a:hover {\n	background-position: -63px -21px;\n}\n\n/*\n	Other icons\n*/\n.phpbb .profile-icons > li.pm-icon, .phpbb .profile-icons > li.email-icon, .phpbb .profile-icons > li.web-icon, .phpbb .profile-icons > li.msnm-icon, .phpbb .profile-icons > li.icq-icon, .phpbb .profile-icons > li.yahoo-icon, .phpbb .profile-icons > li.aim-icon, .phpbb .profile-icons > li.jabber-icon {\n	display: none;\n}\n\n.phpbb .profile-icons > li.pm-icon a, .phpbb .profile-icons > li.email-icon a, .phpbb .profile-icons > li.web-icon a, .phpbb .profile-icons > li.msnm-icon a, .phpbb .profile-icons > li.icq-icon a, .phpbb .profile-icons > li.yahoo-icon a, .phpbb .profile-icons > li.aim-icon a, .phpbb .profile-icons > li.jabber-icon a {\n	display: inline;\n	width: auto;\n	height: auto;\n	background-color: transparent !important;\n	background-image: none !important;\n	text-decoration: underline !important;\n}\n.phpbb .profile-icons > li.pm-icon span, .phpbb .profile-icons > li.email-icon span, .phpbb .profile-icons > li.web-icon span, .phpbb .profile-icons > li.msnm-icon span, .phpbb .profile-icons > li.icq-icon span, .phpbb .profile-icons > li.yahoo-icon span, .phpbb .profile-icons > li.aim-icon span, .phpbb .profile-icons > li.jabber-icon span {\n	display: inline;\n}\n\n/*\n	Post content\n*/\n.phpbb .postbody .content {\n	font-size: 13px;\n	line-height: 1.5em;\n}\n\n.phpbb .postbody img, .phpbb .postbody .attach-image {\n	max-width: 640px;\n	overflow: auto;\n}\n.phpbb .postbody .attach-image img {\n	max-width: none;\n}\n.phpbb .postbody .rules {\n	border: 1px solid transparent;\n	margin: 5px 20px;\n	padding: 6px;\n	font-size: 12px;\n}\n.phpbb .postbody .rules img {\n	vertical-align: top;\n}\n.phpbb .postbody .rules a {\n	display: inline-block;\n	padding-top: 2px;\n	font-weight: bold;\n	text-decoration: none;\n}\n.phpbb .postbody .rules a:hover {\n	text-decoration: underline;\n}\n\n.phpbb .signature, .phpbb .notice {\n	font-size: 12px;\n	border-top: 1px solid transparent;\n	padding-top: 4px;\n	margin-top: 10px;\n	line-height: 1.5em;\n}\n\n/*\n	BBCode\n*/\n.phpbb blockquote, .phpbb .attachbox, .phpbb .codebox, .phpbb .inline-attachment {\n	border: 1px solid transparent;\n	margin: 5px 20px;\n	padding: 4px;\n}\n.phpbb blockquote {\n	font-size: 12px;\n}\n.phpbb blockquote cite, .phpbb .attachbox dt, .phpbb .codebox dt {\n	display: block;\n	border-bottom: 1px solid transparent;\n	margin-bottom: 4px;\n	line-height: 1em;\n	padding: 2px 0 6px;\n}\n.phpbb .file dt {\n	border-bottom-width: 0;\n	margin: 0;\n	padding-bottom: 6px;\n}\n.phpbb .codebox dt a {\n	display: block;\n	float: right;\n}\n\n.phpbb .content ul {\n    list-style-type: disc;\n}\n.phpbb .content ol {\n    list-style-type: decimal;\n}\n.phpbb .content li {\n    display: list-item;\n    margin: 0 0 0 20px;\n}\n\n.phpbb .content ul ul, .phpbb .content ol ul {\n    list-style-type: circle;\n}\n\n.phpbb .content ol ol ul, .phpbb .content ol ul ul, .phpbb .content ul ol ul, .phpbb .content ul ul ul {\n    list-style-type: square;\n} \n\n/*\n	Forms\n*/\n.phpbb fieldset {\n	line-height: 1.1em;\n}\n.phpbb fieldset dl {\n	padding: 4px 0;\n	clear: left;\n}\n.ie7 .phpbb fieldset dl {\n	height: 1%;\n}\n.phpbb fieldset dt {\n	float: left;\n	width: 40%;\n}\n.phpbb fieldset.fields1 dt {\n	width: 180px;\n}\n.phpbb fieldset dd {\n	margin-bottom: 3px;\n	margin-left: 41%;\n	vertical-align: top;\n}\n.phpbb fieldset.fields1 dd {\n	margin-left: 185px;\n}\n\n/*\n	Lists\n*/\n.phpbb .linklist li {\n	float: left;\n}\n.phpbb .linklist li.rightside {\n	float: right;\n}\n\n/*\n	Tabs\n*/\n.phpbb #tabs ul, .phpbb #minitabs ul {\n	clear: both;\n	display: block;\n	margin: 10px 6px -6px;\n}\n.ie7 .phpbb #tabs ul, .ie7 .phpbb #minitabs ul {\n	height: 1%;\n}\n.phpbb #tabs ul.main-tabs, .phpbb #tabs.cp-tabs ul {\n	margin-bottom: 0;\n}\n.phpbb #tabs.cp-tabs ul {\n	margin-left: 0;\n}\n.phpbb #tabs ul + ul {\n	margin-top: 2px;\n}\n.phpbb #tabs li, .phpbb #minitabs li {\n	display: block;\n	float: left;\n	margin: 0 1px;\n	padding: 0;\n}\n.phpbb #tabs li a, .phpbb #minitabs li a {\n	display: block;\n	padding: 5px 6px;\n	border: 1px solid transparent;\n	background: transparent none 0 0 repeat-x;\n	border-bottom-width: 0;\n	border-top-left-radius: 6px;\n	border-top-right-radius: 6px;\n	text-decoration: none;\n}\n.phpbb #tabs .main-tabs li a, .phpbb #tabs.cp-tabs li a {\n	border-bottom-width: 1px;\n	border-radius: 6px;\n}\n\n/*\n	Control panel\n*/\n.phpbb .cp-content {\n	clear: both;\n}\n\n.phpbb .cp-mini {\n	float: left;\n	margin: 5px;\n	margin-left: 0;\n	padding: 5px;\n}\n.phpbb dl.mini {\n	max-height: 140px;\n	min-width: 140px;\n	min-height: 60px;\n	overflow: auto;\n}\n.phpbb dl.mini dt {\n	padding-bottom: 3px;\n}\n\n.phpbb #cp-main {\n	clear: both;\n}\n\n.phpbb dl.pmlist dt {\n	width: 40% !important;\n}\n.phpbb dl.pmlist dt textarea {\n	width: 99%;\n	width: calc(100% - 6px);\n	width: -moz-calc(100% - 6px);\n}\n.phpbb dl.pmlist dd {\n	margin-bottom: 2px;\n	margin-left: 41% !important;\n}\n\n.phpbb .pm-legend {\n	border-left: 10px solid transparent;\n	padding: 4px;\n	white-space: nowrap;\n}\n.phpbb .topiclist.pmlist > li > dl {\n	padding-left: 4px;\n	box-sizing: border-box;\n	-moz-box-sizing: border-box;\n	-webkit-box-sizing: border-box;\n}\n.phpbb .topiclist.pmlist > li > dl dt {\n	border-left: 4px solid transparent;\n}\n.phpbb .topiclist.pmlist > li > dl.icon {\n	background-position: 15px 50%;\n}\n.phpbb .topiclist.pmlist > li > dl dt {\n	padding-left: 44px;\n	background-position: 9px 80%;\n}\n\n.phpbb dl.details {\n	line-height: 1.5em;\n}\n.phpbb span.corners-top + dl.details.left-box {\n	width: 100% !important;\n}\n.phpbb dl.details dt {\n	clear: left;\n	float: left;\n	width: 30%;\n	text-align: right;\n}\n.phpbb dl.details dd {\n	float: left;\n	width: 65%;\n	margin: 0 0 5px;\n	padding-left: 5px;\n}\n\n/*\n	Groups\n*/\n.phpbb table.table1 .name {\n	text-align: left;\n}\n.phpbb table.table1 span.rank-img {\n	float: right;\n}\n\n/*\n	FAQ\n*/\n.phpbb dl.faq {\n	padding-top: 6px;\n	line-height: 1.5em;\n}\n.phpbb dl.faq:first-child {\n	padding-top: 0;\n}\n.phpbb dl.faq dt {\n	padding-bottom: 4px;\n	font-size: 13px;\n	line-height: 1.5em;\n	font-weight: bold;\n}\n.phpbb #faqlinks .column1, .phpbb #faqlinks .column2 {\n	float: left;\n	width: 49%;\n}\n\n/*\n	Avatars gallery\n*/\n.phpbb #gallery label {\n	display: block;\n	float: left;\n	margin: 10px;\n	padding: 5px;\n	text-align: center;\n	border: 1px solid transparent;\n}\n\n/*\n	RSS feed\n*/\n.phpbb a.feed-icon-forum {\n	display: block;\n	float: right;\n	width: 0;\n	height: 0;\n	overflow: hidden;\n	margin: 0;\n	padding: 18px 0 0 18px;\n	background: transparent none 0 0 no-repeat;\n}\n.phpbb a.feed-icon-forum:hover {\n	background-position: 0 -20px;\n}\n\n/*\n	Link to switch to mobile style\n*/\n.mobile-style-switch a {\n	display: inline-block;\n	padding: 5px 10px 6px;\n	border: 1px solid #D8D8D8;\n	border-radius: 10px;\n	background: #F8F8F8;\n}\n\n/*\n	Zoom in image\n*/\nspan.zoom-container {\n	position: relative;\n	display: inline-block;\n	min-height: 34px;\n}\nspan.zoom-image { \n	display: none; \n    transition: opacity 0.25s ease;\n    -webkit-transition: opacity 0.25s ease;\n    -moz-transition: opacity 0.25s ease;\n    -o-transition: opacity 0.25s ease;\n    -ms-transition: opacity 0.25s ease;\n	opacity: 0.7;\n}\nimg.zoom + span.zoom-image {\n	display: block;\n	position: absolute;\n	top: 2px;\n	left: 2px;\n	width: 30px;\n	height: 30px;\n	background: url(\"{T_THEME_PATH}/images/zoom.png\") 0 0 no-repeat;\n	cursor: pointer;\n}\n.zoom-container:hover span.zoom-image { opacity: 1; }\nimg.zoom.zoomed-in + span.zoom-image { \n	background-position: 0 -30px;\n	opacity: 0;\n}\n.zoom-container:hover img.zoom.zoomed-in + span.zoom-image { opacity: 0.7; }\n/*\n	Forms\n*/\n\n.phpbb input[type=\"text\"], .phpbb input[type=\"password\"], .phpbb input[type=\"email\"], .phpbb textarea, .phpbb select, .phpbb input[type=\"submit\"], .phpbb .button1, .phpbb .button2, .phpbb .buttons a, .phpbb a.button {\n	margin: 0;\n	padding: 0;\n	font-family: Verdana;\n	font-size: 13px;\n	line-height: 1.2em;\n	outline-style: none;\n	border: 1px solid transparent;\n	background-position: 0 50%;\n}\n.phpbb textarea {\n	line-height: 1.4em;\n}\n.phpbb input[type=\"text\"], .phpbb input[type=\"password\"], .phpbb input[type=\"email\"], .phpbb textarea, .phpbb input[type=\"submit\"], .phpbb .button1, .phpbb .button2 {\n	-webkit-appearance: none;\n}\n\n.phpbb a.button1, .phpbb a.button2, .phpbb .buttons a, .phpbb a.button {\n	display: inline-block;\n	text-decoration: none;\n}\n.phpbb .button2 {\n	background-position: 100% 50%;\n}\n\n.phpbb input[type=\"text\"], .phpbb input[type=\"password\"], .phpbb input[type=\"email\"], .phpbb textarea, .phpbb select {\n	padding: 1px 2px 2px;\n}\n.phpbb input[type=\"text\"]:invalid, .phpbb input[type=\"password\"]:invalid, .phpbb input[type=\"email\"]:invalid, .phpbb textarea:invalid {\n	box-shadow: none;\n}\n\n.phpbb input[type=\"submit\"], .phpbb .button1, .phpbb .button2, .phpbb .buttons a, .phpbb a.button {\n	line-height: 1.4em;\n	padding: 2px 8px 3px;\n	cursor: pointer;\n	border-width: 0;\n	border-radius: 5px;\n}\n.ie7 .phpbb input[type=\"submit\"], .ie7 .phpbb .button1, .ie7 .phpbb .button2 {\n	padding-top: 0;\n	padding-bottom: 1px;\n	margin-top: 0;\n}\n.phpbb a.button1, .phpbb a.button2, .phpbb .buttons a, .phpbb a.button {\n	line-height: 1em;\n	padding: 4px 10px 0;\n	height: 19px;\n}\n.oldie .phpbb a.button1, .oldie .phpbb a.button2, .oldie .phpbb .buttons a, .oldie .phpbb a.button {\n	padding-top: 5px;\n}\n.ie7 .phpbb a.button1, .ie7 .phpbb a.button2, .ie7 .phpbb .buttons a, .ie7 .phpbb a.button {\n	padding-top: 4px;\n	padding-bottom: 0;\n}\n.ie7 .phpbb .popup a.button1, .ie7 .phpbb .popup a.button2 {\n	position: relative;\n	top: 2px;\n}\n\n.phpbb input[type=\"checkbox\"], .phpbb input[type=\"radio\"] {\n	margin-top: 0;\n	margin-bottom: 0;\n}\n\n.phpbb select {\n	max-width: 250px;\n}\n.ie7 .phpbb select {\n	width: 250px;\n}\n\n.phpbb fieldset.submit-buttons {\n	text-align: center;\n	padding: 4px 0;\n}\n.phpbb #format-buttons .button2 {\n	border-width: 1px;\n	width: auto !important;\n}\n.ie7 .phpbb #format-buttons .button2 {\n	padding: 0;\n}\n\n.phpbb #search_keywords {\n	padding-left: 19px;\n	background-position: 4px 50%;\n	background-repeat: no-repeat;\n}\n\n.phpbb #edit_reason {\n	width: 90%;\n}\n\n/*\n	Buttons\n*/\n.phpbb .buttons a, .phpbb a.button {\n	padding-left: 28px;\n	padding-right: 12px;\n	position: relative;\n}\n.phpbb .buttons a:after, .phpbb a.button:after {\n	content: \'\';\n	display: block;\n	position: absolute;\n	left: 5px;\n	top: 0;\n	bottom: 0;\n	width: 20px;\n	background: transparent none 0 50% no-repeat;\n	opacity: 0.9;\n}\n.phpbb .buttons a:hover:after, .phpbb a.button:after:hover {\n	opacity: 1;\n}\n.phpbb .buttons .newpm-icon a:after {\n	background-position: -20px 50%;\n}\n.phpbb .buttons .post-icon a:after {\n	background-position: -40px 50%;\n	opacity: 1;\n}\n.phpbb .jumpbox a.button {\n	padding-left: 26px;\n}\n.phpbb .jumpbox a.button:after {\n	background-position: -60px 50%;\n}\n/*\n	Popups\n*/\n.phpbb .popup-trigger {\n	position: relative;\n}\n\n.phpbb .popup {\n	display: none;\n	position: absolute;\n	left: 0;\n	top: 27px;\n	z-index: 10;\n	padding: 4px 5px 6px;\n	margin: 0;\n	border: 1px solid transparent;\n	border-radius: 5px;\n	min-width: 150px;\n	white-space: nowrap;\n	text-align: left;\n	font-size: 12px;\n	line-height: 1em;\n	font-family: Verdana;\n}\n.ie7 .phpbb .popup {\n	top: 24px;\n}\n.phpbb .menu.left .popup {\n	left: 5px;\n}\n.phpbb .menu.left li:first-child .popup {\n	left: 0;\n}\n.phpbb .popup-up .popup {\n	top: auto;\n	bottom: 0;\n}\n.phpbb .popup-list {\n	padding: 2px 5px 4px;\n}\n.phpbb .right .popup {\n	left: auto;\n	right: 0;\n}\n\n.phpbb .popup-trigger:hover .popup, .phpbb .popup.active {\n	display: block;\n}\n\n.phpbb .popup:before {\n	content: \'\';\n	display: block;\n	height: 2px;\n	position: relative;\n	top: -7px;\n	left: -6px;\n}\n.phpbb .popup-list:before {\n	top: -5px;\n}\n.phpbb .right .popup:before {\n	left: auto;\n	right: -6px;\n}\n\n.phpbb .popup p {\n	padding: 2px 0;\n}\n\n/*\n	Links\n*/\n.phpbb .popup-list li {\n	padding: 1px 0;\n}\n.ie7 .phpbb .popup-list a {\n	width: 100%;\n}\n\n.phpbb .popup-list li > a:first-child, .phpbb .popup-list li.nolink {\n	display: block;\n	padding: 3px 10px 4px 5px;\n	border: 1px solid transparent;\n	border-radius: 6px;\n	text-decoration: none !important;\n	max-width: 200px;\n	overflow: hidden;\n	text-overflow: ellipsis;\n}\n.phpbb .popup-list li.nolink {\n	margin: 1px 0;\n}\n\n.phpbb .popup-list ol {\n	display: table-row;\n}\n.phpbb .popup-list ol > li {\n	display: table-cell;\n	padding-right: 4px;\n}\n.phpbb .popup-list ol > li:last-child {\n	padding-right: 0;\n}\n\n/*\n	Definition lists\n*/\n.phpbb .popup dl {\n	clear: both;\n	width: 254px;\n	margin: 0;\n	padding: 4px;\n}\n.phpbb .popup dt {\n	float: left;\n	width: 100px;\n	margin: 0;\n	padding: 3px 0 0;\n}\n.phpbb .popup dd {\n	width: 150px;\n	margin: 0;\n	margin-left: 104px;\n	padding: 0;\n}\n.ie7 .phpbb .popup dd {\n	margin-left: 0;\n}\n.phpbb .popup dd input {\n	width: 140px;\n}\n/*\n	Colours, URLs\n*/\n\n.phpbb h2, .phpbb h3 {\n	color: #1d1d1d;\n	text-shadow: 1px 1px 0 rgba(255, 255, 255, 0.2);\n}\n\n.phpbb hr {\n	border-top-color: #d0d0d0;\n}\n\n\n\n/*\n	Links\n*/\n.phpbb a, .phpbb a:visited { \n	color: #1d1d1d;\n}\n.phpbb a:hover, .phpbb a:active {\n	color: #af2a4b;\n}\n\n.phpbb a.forumtitle, .phpbb a.topictitle {\n	text-shadow: 1px 1px 1px rgba(128, 128, 128, 0.1);\n}\n\n/*\n	Layout\n*/\nbody.phpbb, body.simple {\n	background: #f8f8f8;\n}\n\n.phpbb .wrap-top-top {\n	background-color: #1d1d1d;\n	border-bottom-color: #161616;\n}\n.phpbb .wrap-top-top div, .phpbb .wrap-top-mid {\nbackground-color: #1d1d1d;\n}\n.phpbb .wrap-top-mid {\n	border-top-color: #fff;\n}\n.phpbb .wrap-top-mid .left {\n	background-color: #1d1d1d;\n}\n.phpbb .wrap-top-mid .right {\n	background-color: #1d1d1d;\n}\n\n.phpbb .logo h1 {\n	color: rgba(255, 255, 255, 0.8);\n	text-shadow: 1px 1px 0 rgba(29, 29, 29,  0.4);\n}\n.oldie .phpbb .logo h1 {\n	color: #d4d4d4;\n}\n\n.phpbb .sitenav {\n	background-image: url(\"{T_THEME_PATH}/images/header_bg.png\");\n}\n.phpbb .sitenav:before, .phpbb .sitenav:after {\n	background-image: url(\"{T_THEME_PATH}/images/header_sides.png\");\n}\n.ie7 .phpbb .sitenav {\n	border-color: #888888;\n}\n\n.phpbb .sitenav h2 {\n	background-image: url(\"{T_THEME_PATH}/images/header_arrow.png\");\n	color: rgba(255, 255, 255, 0.8);\n	text-shadow: 1px 1px 0 rgba(29, 29, 29,  0.4);\n}\n.oldie .phpbb .sitenav h2 {\n	color: #d4d4d4;\n}\n\n.phpbb .sitenav .links a, .phpbb .sitenav .links a:before, .phpbb .sitenav .links a:after {\n	background-image: url(\"{T_THEME_PATH}/images/buttons.png\");\n	text-shadow: 1px 1px 0 rgba(0, 0, 0, 0.2);\n	color: rgba(255, 255, 255, 0.8);\n}\n.oldie .phpbb .sitenav .links a {\n	color: #d4d4d4;\n}\n.phpbb .sitenav .links a:hover {\n	color: #fff;\n}\n.ie7 .phpbb .sitenav .links a {\n	border-color: #6e6e6e;\n}\n\n.phpbb .page-content {\n	background-color: rgba(248, 248, 248, 0.95);\n}\n.oldie .phpbb .page-content {\n	background-color: #f8f8f8;\n}\n\n.phpbb .footer {\n	border-top-color: #fff;\n	background-color: #1d1d1d;\n}\n.phpbb .footer, .phpbb .footer a, .phpbb .footer a:visited {\n	color: #7d7d7d;\n	text-shadow: 1px 1px 0 rgba(0, 0, 0, 0.2);\n}\n.phpbb .footer a:hover {\n	color: #fff;\n}\n.phpbb .footer .inner {\n	border-top-color: #161616;\n	background-image: url(\"{T_THEME_PATH}/images/gradient400.png\");\n}\n\n.phpbb .footer .arty, .phpbb .footer .phpbb-group {\n	background-image: url(\"{T_THEME_PATH}/images/copyrights.png\");\n}\n\n/*\n	Menu\n*/\n\n.phpbb .time {\n	color: rgba(0, 0, 0, 0.5);\n	text-shadow: 1px 1px 0 rgba(255, 255, 255, 0.5);\n}\n.oldie .phpbb .time {\n	color: #808080;\n}\n\n.phpbb .menu > li > a, .phpbb .menu > li > a:before, .phpbb .menu > li > a:after {\n	background-image: url(\"{T_THEME_PATH}/images/menu.png\");\n	color: #1d1d1d;\n}\n.phpbb .menu > li.active > a, .phpbb .menu > li:hover > a, .phpbb .menu > li:hover > a {\n	color: #fff;\n}\n\n.ie7 .phpbb .menu > li > a {\n	border-color: #858585;\n}\n.ie7 .phpbb .menu > li.active > a {\n	border-color: #af2a4b;\n}\n.ie7 .phpbb .menu > li > a:hover {\n	border-color: #333333;\n}\n\n/*\n	Navbar\n*/\n.phpbb .navbar, .phpbb .linkmcp {\n	border-color: #d0d0d0;\n	background-color: #f8f8f8;\n	color: #757575;\n}\n\n/*\n	Popups\n*/\n.phpbb .popup {\n	background-color: rgba(248, 248, 248, 0.9);\n	border-color: #858585;\n	box-shadow: 0 0 2px rgba(0, 0, 0, 0.2);\n}\n.oldie .phpbb .popup {\n	background-color: #f8f8f8;\n}\n.phpbb .popup-list li > a:first-child, .phpbb .popup-list li.nolink {\n	border-color: #d0d0d0;\n	background-color: #f8f8f8;\n}\n.phpbb .popup-list li > a:first-child:hover, .phpbb .show-levels li.level-root > a:first-child, .phpbb .popup-list li.row-new > a:first-child:hover {\n	color: #fff;\n	border-color: #333333;\n	background-color: #333333;\n}\n\n.phpbb .show-levels li.level-root > a:first-child:hover, .phpbb .popup-list li.row-new > a:first-child {\n	color: #fff;\n	border-color: #af2a4b;\n	background-color: #af2a4b;\n}\n\n/*\n	Forms\n*/\n.phpbb input[type=\"text\"], .phpbb input[type=\"password\"], .phpbb input[type=\"email\"], .phpbb textarea, .phpbb select {\n	color: #808080;\n	background-color: #fff;\n	border-color: #d0d0d0;\n}\n.phpbb input[type=\"text\"]:hover, .phpbb input[type=\"password\"]:hover, .phpbb input[type=\"email\"]:hover, .phpbb textarea:hover, .phpbb select:hover {\n	color: #000;\n	border-color: #858585;\n}\n.phpbb input[type=\"text\"]:focus, .phpbb input[type=\"password\"]:focus, .phpbb input[type=\"email\"]:focus, .phpbb textarea:focus, .phpbb select:focus {\n	color: #000;\n	border-color: #af2a4b;\n}\n.phpbb input[type=\"text\"]:invalid, .phpbb input[type=\"password\"]:invalid, .phpbb input[type=\"email\"]:invalid, .phpbb textarea:invalid {\n	color: #af2a4b;\n}\n.phpbb input[type=\"submit\"], .phpbb .button1, .phpbb .button2, .phpbb .buttons a, .phpbb a.button {\n	color: #fff !important;\n	background-color: #333333;\n	background-image: url(\"{T_THEME_PATH}/images/buttons_bg.png\");\n	border-color: #333333;\n	text-shadow: 1px 1px 0 rgba(0, 0, 0, 0.25);\n}\n.phpbb input[type=\"submit\"]:hover, .phpbb .button1:hover, .phpbb .button2:hover, .phpbb .buttons a:hover, .phpbb a.button:hover {\n	background-color: #af2a4b;\n	border-color: #af2a4b;\n}\n.phpbb #search_keywords {\n	background-image: url(\"{T_THEME_PATH}/images/search.png\");\n	color: #a8a8a8;\n}\n.phpbb #search_keywords:hover, .phpbb #search_keywords:focus {\n	color: #000;\n}\n\n.phpbb p.error, .phpbb dd.error {\n	background-color: #af2a4b;\n}\n.phpbb p.error, .phpbb p.error a, .phpbb dd.error, .phpbb dd.error a {\n	color: #fff !important;\n}\n\n\n/*\n	Buttons\n*/\n.phpbb #format-buttons .button2 {\n	background-color: #f8f8f8;\n	background-image: url(\"{T_THEME_PATH}/images/white10.png\");\n	color: #808080 !important;\n	border-color: #d0d0d0;\n	text-shadow: 1px 1px 0 rgba(255, 255, 255, 0.2);\n}\n.phpbb #format-buttons .button2:hover {\n	background-color: #1d1d1d;\n	border-color: #1d1d1d;\n	color: #fff !important;\n	text-shadow: none;\n}\n\n.phpbb .buttons a:after, .phpbb a.button:after {\n	background-image: url(\"{T_THEME_PATH}/images/button_icons.png\");\n}\n\n\n/*\n	Forums list\n*/\n.phpbb .topiclist .header, .phpbb h2.header, .oldie .phpbb h2.header, .phpbb table.table1 th, .ie7 .phpbb .topiclist .header dt {\n	background-color: #1d1d1d;\n}\n.phpbb h2.header {\n	background-image: url(\"{T_THEME_PATH}/images/category.png\"), url(\"{T_THEME_PATH}/images/category.png\"), url(\"{T_THEME_PATH}/images/category.png\");\n}\n.phpbb .topiclist .header, .phpbb .topiclist .header dl, .phpbb .topiclist .header dt, .oldie .phpbb h2.header, .phpbb table.table1 th {\n	background-image: url(\"{T_THEME_PATH}/images/category.png\");\n}\n.phpbb .topiclist .header, .phpbb .topiclist .header a, .phpbb .topiclist .header a:visited, .phpbb h2.header, .phpbb h2.header a, .phpbb h2.header a:visited,\n.phpbb table.table1 th, .phpbb table.table1 th a, .phpbb table.table1 th a:visited {\n	color: rgba(255, 255, 255, 0.9);\n	text-shadow: 1px 1px 0 rgba(0, 0, 0, 0.3);\n}\n.oldie .phpbb .topiclist .header, .oldie .phpbb .topiclist .header a, .oldie .phpbb .topiclist .header a:visited, .oldie .phpbb h2.header, .oldie .phpbb h2.header a,\n.phpbb .topiclist .header a:hover, .phpbb h2.header a:hover, .oldie .phpbb table.table1 th, .oldie .phpbb table.table1 th a, .oldie .phpbb table.table1 th a:visited .phpbb table.table1 th a:hover {\n	color: #fff;\n}\n\n.ie7 .phpbb .topiclist .header, .ie7 .phpbb .topiclist .header dl {\n	background-color: transparent;\n	background-image: none;\n}\n\n\n.phpbb .topiclist > li {\n	background-color: #f8f8f8;\n	border-color: #d0d0d0;\n}\n.phpbb .topiclist > li.row2 {\n	background-color: #fafafa;\n}\n.phpbb .topiclist > li.reported {\n	border-color: #d17e93;\n}\n.phpbb .topiclist dd {\n	border-color: #e8e8e8;\n	color: #444;\n}\n.phpbb .topiclist .reported dd {\n	border-color: #e7c7cf;\n}\n.phpbb .topiclist .topics dfn, .phpbb .topiclist .posts dfn, .phpbb .topiclist .views dfn, .phpbb .topiclist .lastpost dfn, .phpbb .topiclist .by, .phpbb .topiclist .bull {\n	color: #999;\n}\n\n.phpbb a.topictitle, .phpbb a.forumtitle {\n	color: #1d1d1d;\n}\n.phpbb .unread a.topictitle, .phpbb .unread a.forumtitle, .phpbb a.topictitle:hover, .phpbb a.forumtitle:hover, .phpbb a.subforum.unread {\n	color: #af2a4b;\n}\n\n.phpbb p.subforums strong, .phpbb p.moderators strong {\n	color: #808080;\n}\n\n/*\n	Blocks\n*/\n.phpbb .panel, .phpbb .post, .phpbb table.table1 td, .phpbb .cp-mini {\n	background-color: #f8f8f8;\n	border-color: #d8d8d8;\n}\n.phpbb .panel.stats > .inner {\n	background-image: url(\"{T_THEME_PATH}/images/stats.png\");\n}\n\n.phpbb div.rules, .phpbb .postbody .rules {\n	background-color: #eddee2;\n	border-color: #c66d83;\n}\n.phpbb div.rules span+strong {\n	color: #af2a4b;\n}\n\n.phpbb .panel-wrapper {\n	background-color: transparent;\n	background-image: none;\n}\n\n\n/*\n	Arrows\n*/\n.phpbb a.subforum {\n	background-image: url(\"{IMG_ICON_POST_TARGET_SRC}\");\n}\n.phpbb a.subforum.unread {\n	background-image: url(\"{IMG_ICON_POST_TARGET_UNREAD_SRC}\");\n}\n.phpbb a.left {\n	background-image: url(\"{T_THEME_PATH}/images/arrow_left.png\");\n}\n.phpbb a.right {\n	background-image: url(\"{T_THEME_PATH}/images/arrow_right.png\");\n}\n.phpbb a.up {\n	background-image: url(\"{T_THEME_PATH}/images/arrow_up.png\");\n}\n.phpbb a.down {\n	background-image: url(\"{T_THEME_PATH}/images/arrow_down.png\");\n}\n\n.phpbb .post > .inner > .back2top a {\n	background-image: url(\"{IMG_ICON_BACK_TOP_SRC}\");\n}\n\n\n/*\n	Pagination\n*/\n.phpbb .pagination span {\n	color: #999;\n}\n.phpbb .pagination span a, .phpbb .pagination span strong {\n	background-color: #333333;\n	color: #fff;\n}\n.phpbb .pagination span strong, .phpbb .pagination span a:hover {\n	background-color: #af2a4b;\n}\n\n/*\n	Poll\n*/\n.phpbb .polls dl {\n	border-color: #e0e0e0;\n}\n.phpbb .polls dd.resultbar > div {\n	color: #fff;\n	background-color: #1d1d1d;\n	background-image: url(\"{T_THEME_PATH}/images/white20.png\");\n}\n.phpbb .polls .voted dd.resultbar > div {\n	background-color: #af2a4b;\n}\n\n/*\n	Post\n*/\n.phpbb .poster-rank {\n	color: #888;\n}\n.phpbb .postprofile dd strong, .phpbb .postprofile li > strong, .phpbb .postbody .author {\n	font-weight: normal;\n	color: #606060;\n}\n.phpbb .profile .poster-avatar.empty {\n	background-image: url(\"{T_THEME_PATH}/images/avatar.png\");\n}\n.phpbb .post > .inner > .postbody {\n	border-color: #e8e8e8;\n}\n\n.phpbb .profile-icons a {\n	background-image: url(\"{T_THEME_PATH}/images/buttons_post.png\");\n}\n.phpbb .profile-icons .edit-icon a {\n	background-image: url(\"{IMG_ICON_POST_EDIT_SRC}\");\n}\n.phpbb .profile-icons .quote-icon a {\n	background-image: url(\"{IMG_ICON_POST_QUOTE_SRC}\");\n}\n\n.phpbb .signature, .phpbb .notice {\n	color: #444;\n	border-color: #e8e8e8;\n}\n\n.phpbb .posthilit {\n	background-color: #e3e37f;\n}\n\n/*\n	BBCode\n*/\n.phpbb blockquote, .phpbb blockquote cite, .phpbb .attachbox, .phpbb .attachbox dt, .phpbb .codebox, .phpbb .codebox dt, .phpbb .inline-attachment {\n	border-color: #e0e0e0;\n}\n.phpbb blockquote, .phpbb .attachbox, .phpbb .codebox, .phpbb .inline-attachment {\n	background-color: #f4f4f4;\n}\n.phpbb blockquote blockquote, .phpbb blockquote .attachbox, .phpbb blockquote .codebox {\n	background-color: #f8f8f8;\n}\n.phpbb blockquote, .phpbb .attachbox dt, .phpbb .codebox dt {\n	color: #606060;\n}\n.phpbb blockquote cite {\n	color: #000;\n}\n\n/*\n	Tabs\n*/\n.phpbb #tabs li a, .phpbb #minitabs li a {\n	background-color: #f8f8f8;\n	border-color: #d8d8d8;\n}\n.phpbb #tabs li a:hover, .phpbb #minitabs li a:hover {\n	background-color: #333333;\n	border-color: #333333;\n	color: #fff;\n}\n.phpbb #tabs li.activetab a, .phpbb #tabs #active-subsection a, .phpbb #minitabs li.activetab a {\n	background-color: #333333;\n	border-color: #333333;\n	background-image: url(\"{T_THEME_PATH}/images/category.png\");\n	color: #fff;\n}\n.phpbb #tabs li.activetab a:hover, .phpbb #tabs #active-subsection a:hover, .phpbb #minitabs li.activetab a:hover {\n	background-color: #af2a4b;\n	border-color: #af2a4b;\n	color: #fff;\n}\n\n/*\n	Control panel\n*/\n.phpbb .cp-content {\n	border-color: #d8d8d8;\n}\n\n.phpbb .pm_marked_colour, .phpbb .topiclist > li.pm_marked_colour > dl dt {\n	border-color: #982aaf;\n}\n.phpbb .pm_replied_colour, .phpbb .topiclist > li.pm_replied_colour > dl dt {\n	border-color: #333333;\n}\n.phpbb .pm_friend_colour, .phpbb .topiclist > li.pm_friend_colour > dl dt {\n	border-color: #2aaf30;\n}\n.phpbb .pm_foe_colour, .phpbb .topiclist > li.pm_foe_colour > dl dt {\n	border-color: #af2a4b;\n}\n\n.phpbb dl.details dt {\n	color: #808080;\n}\n \n/*\n	Avatars gallery\n*/\n.phpbb #gallery label:hover {\n	border-color: #d0d0d0;\n	background-color: #fafafa;\n}\n\n/*\n	RSS feed\n*/\n.phpbb a.feed-icon-forum {\n	background-image: url(\"{T_THEME_PATH}/images/rss.png\");\n}\n#nav {\n	clear: left;\n	float: left;\n	width: 100%; \n	height: 40px;\n	overflow: hidden;\n	font-family: Georgia, Serif;\n	font-weight: bold;\n	background: #000;\n	border-bottom: 1px solid #222;\n	z-index: 100;\n	font-size: 1.4em;\n	color: #FFF;\n}\n#nav ul {\n	float: left;\n	list-style: none;\n	position: relative;\n	left: 50%;\n	text-align: center;\nheight: 40px;\n}\n#nav ul li {\n	display: block;\n	float: left;\n	list-style: none;\n	position: relative;\n	right: 50%;\nheight: 40px;\n}\n#nav ul li a {\n	display: block;\n	float: left;\n	padding: 10px;\n	text-decoration: none;\nheight: 40px;\npadding-top: 15px;\n}\n#nav ul li a:hover {\n	background: #860111;\n}\n#nav ul li.active a,\n#nav ul li.active a:hover {\n	background: #860111;\n}\n#header {\n	height: 60px;\n	background: url(images/headerbg.png) center center no-repeat #000;\n	background-size: 1680px 100%;\n	text-align: center;\n}\n#nav a, #nav a:visited {\n	color: #FFF;\n	text-decoration: underline;\n}\n#nav a:hover {\n	color: #FFF;\n}\n#footer {\n	width: 100%;\n	min-width: 1280px;\n	height: 35px;\n	position: absolute;\n	bottom: 0;\n	left: 0;\n	background: #000;\n	border-top: 2px solid #111;\n	z-index: 100;\ncolor: #fff;\n}\n#footer p {\n	padding: 10px 10px 0 10px;\n	text-align: center;\n	font-size: 1em;\n}\n#footer a, #nav a:visited {\n	color: #FFF;\n	text-decoration: underline;\n}\n#footer a:hover {\n	color: #FFF;\n}');

# Table: phpbb_topics
DROP TABLE IF EXISTS phpbb_topics;
CREATE TABLE `phpbb_topics` (
  `topic_id` mediumint(8) unsigned NOT NULL auto_increment,
  `forum_id` mediumint(8) unsigned NOT NULL default '0',
  `icon_id` mediumint(8) unsigned NOT NULL default '0',
  `topic_attachment` tinyint(1) unsigned NOT NULL default '0',
  `topic_approved` tinyint(1) unsigned NOT NULL default '1',
  `topic_reported` tinyint(1) unsigned NOT NULL default '0',
  `topic_title` varchar(255) character set utf8 collate utf8_unicode_ci NOT NULL default '',
  `topic_poster` mediumint(8) unsigned NOT NULL default '0',
  `topic_time` int(11) unsigned NOT NULL default '0',
  `topic_time_limit` int(11) unsigned NOT NULL default '0',
  `topic_views` mediumint(8) unsigned NOT NULL default '0',
  `topic_replies` mediumint(8) unsigned NOT NULL default '0',
  `topic_replies_real` mediumint(8) unsigned NOT NULL default '0',
  `topic_status` tinyint(3) NOT NULL default '0',
  `topic_type` tinyint(3) NOT NULL default '0',
  `topic_first_post_id` mediumint(8) unsigned NOT NULL default '0',
  `topic_first_poster_name` varchar(255) collate utf8_bin NOT NULL default '',
  `topic_first_poster_colour` varchar(6) collate utf8_bin NOT NULL default '',
  `topic_last_post_id` mediumint(8) unsigned NOT NULL default '0',
  `topic_last_poster_id` mediumint(8) unsigned NOT NULL default '0',
  `topic_last_poster_name` varchar(255) collate utf8_bin NOT NULL default '',
  `topic_last_poster_colour` varchar(6) collate utf8_bin NOT NULL default '',
  `topic_last_post_subject` varchar(255) collate utf8_bin NOT NULL default '',
  `topic_last_post_time` int(11) unsigned NOT NULL default '0',
  `topic_last_view_time` int(11) unsigned NOT NULL default '0',
  `topic_moved_id` mediumint(8) unsigned NOT NULL default '0',
  `topic_bumped` tinyint(1) unsigned NOT NULL default '0',
  `topic_bumper` mediumint(8) unsigned NOT NULL default '0',
  `poll_title` varchar(255) collate utf8_bin NOT NULL default '',
  `poll_start` int(11) unsigned NOT NULL default '0',
  `poll_length` int(11) unsigned NOT NULL default '0',
  `poll_max_options` tinyint(4) NOT NULL default '1',
  `poll_last_vote` int(11) unsigned NOT NULL default '0',
  `poll_vote_change` tinyint(1) unsigned NOT NULL default '0',
  PRIMARY KEY  (`topic_id`),
  KEY `forum_id` (`forum_id`),
  KEY `forum_id_type` (`forum_id`,`topic_type`),
  KEY `last_post_time` (`topic_last_post_time`),
  KEY `topic_approved` (`topic_approved`),
  KEY `forum_appr_last` (`forum_id`,`topic_approved`,`topic_last_post_id`),
  KEY `fid_time_moved` (`forum_id`,`topic_last_post_time`,`topic_moved_id`)
) ENGINE=MyISAM AUTO_INCREMENT=3 DEFAULT CHARSET=utf8 COLLATE=utf8_bin;

INSERT INTO phpbb_topics (topic_id, forum_id, icon_id, topic_attachment, topic_approved, topic_reported, topic_title, topic_poster, topic_time, topic_time_limit, topic_views, topic_replies, topic_replies_real, topic_status, topic_type, topic_first_post_id, topic_first_poster_name, topic_first_poster_colour, topic_last_post_id, topic_last_poster_id, topic_last_poster_name, topic_last_poster_colour, topic_last_post_subject, topic_last_post_time, topic_last_view_time, topic_moved_id, topic_bumped, topic_bumper, poll_title, poll_start, poll_length, poll_max_options, poll_last_vote, poll_vote_change) VALUES (2, 21, 0, 0, 1, 0, 'Welcome to the new CCA Forums!', 2, 1371740429, 0, 22, 2, 2, 0, 0, 2, 'Jade', 'FF66FF', 4, 54, 'Joe', '33CC00', 'Re: Welcome to the new CCA Forums!', 1371749905, 1372085136, 0, 0, 0, '', 0, 0, 0, 0, 0);

# Table: phpbb_topics_posted
DROP TABLE IF EXISTS phpbb_topics_posted;
CREATE TABLE `phpbb_topics_posted` (
  `user_id` mediumint(8) unsigned NOT NULL default '0',
  `topic_id` mediumint(8) unsigned NOT NULL default '0',
  `topic_posted` tinyint(1) unsigned NOT NULL default '0',
  PRIMARY KEY  (`user_id`,`topic_id`)
) ENGINE=MyISAM DEFAULT CHARSET=utf8 COLLATE=utf8_bin;

INSERT INTO phpbb_topics_posted (user_id, topic_id, topic_posted) VALUES (2, 1, 1),(2, 2, 1),(54, 2, 1);

# Table: phpbb_topics_track
DROP TABLE IF EXISTS phpbb_topics_track;
CREATE TABLE `phpbb_topics_track` (
  `user_id` mediumint(8) unsigned NOT NULL default '0',
  `topic_id` mediumint(8) unsigned NOT NULL default '0',
  `forum_id` mediumint(8) unsigned NOT NULL default '0',
  `mark_time` int(11) unsigned NOT NULL default '0',
  PRIMARY KEY  (`user_id`,`topic_id`),
  KEY `topic_id` (`topic_id`),
  KEY `forum_id` (`forum_id`)
) ENGINE=MyISAM DEFAULT CHARSET=utf8 COLLATE=utf8_bin;

INSERT INTO phpbb_topics_track (user_id, topic_id, forum_id, mark_time) VALUES (54, 2, 21, 1371921981),(2, 2, 21, 1371922028);

# Table: phpbb_topics_watch
DROP TABLE IF EXISTS phpbb_topics_watch;
CREATE TABLE `phpbb_topics_watch` (
  `topic_id` mediumint(8) unsigned NOT NULL default '0',
  `user_id` mediumint(8) unsigned NOT NULL default '0',
  `notify_status` tinyint(1) unsigned NOT NULL default '0',
  KEY `topic_id` (`topic_id`),
  KEY `user_id` (`user_id`),
  KEY `notify_stat` (`notify_status`)
) ENGINE=MyISAM DEFAULT CHARSET=utf8 COLLATE=utf8_bin;

# Table: phpbb_user_group
DROP TABLE IF EXISTS phpbb_user_group;
CREATE TABLE `phpbb_user_group` (
  `group_id` mediumint(8) unsigned NOT NULL default '0',
  `user_id` mediumint(8) unsigned NOT NULL default '0',
  `group_leader` tinyint(1) unsigned NOT NULL default '0',
  `user_pending` tinyint(1) unsigned NOT NULL default '1',
  KEY `group_id` (`group_id`),
  KEY `user_id` (`user_id`),
  KEY `group_leader` (`group_leader`)
) ENGINE=MyISAM DEFAULT CHARSET=utf8 COLLATE=utf8_bin;

INSERT INTO phpbb_user_group (group_id, user_id, group_leader, user_pending) VALUES (1, 1, 0, 0),(2, 2, 0, 0),(4, 2, 0, 0),(5, 2, 1, 0),(6, 3, 0, 0),(6, 4, 0, 0),(6, 5, 0, 0),(6, 6, 0, 0),(6, 7, 0, 0),(6, 8, 0, 0),(6, 9, 0, 0),(6, 10, 0, 0),(6, 11, 0, 0),(6, 12, 0, 0),(6, 13, 0, 0),(6, 14, 0, 0),(6, 15, 0, 0),(6, 16, 0, 0),(6, 17, 0, 0),(6, 18, 0, 0),(6, 19, 0, 0),(6, 20, 0, 0),(6, 21, 0, 0),(6, 22, 0, 0),(6, 23, 0, 0),(6, 24, 0, 0),(6, 25, 0, 0),(6, 26, 0, 0),(6, 27, 0, 0),(6, 28, 0, 0),(6, 29, 0, 0),(6, 30, 0, 0),(6, 31, 0, 0),(6, 32, 0, 0),(6, 33, 0, 0),(6, 34, 0, 0),(6, 35, 0, 0),(6, 36, 0, 0),(6, 37, 0, 0),(6, 38, 0, 0),(6, 39, 0, 0),(6, 40, 0, 0),(6, 41, 0, 0),(6, 42, 0, 0),(6, 43, 0, 0),(6, 44, 0, 0),(6, 45, 0, 0),(6, 46, 0, 0),(6, 47, 0, 0),(6, 48, 0, 0),(6, 49, 0, 0),(6, 50, 0, 0),(6, 51, 0, 0),(6, 52, 0, 0),(6, 53, 0, 0),(14, 2, 1, 0),(2, 54, 0, 0),(7, 54, 0, 0),(11, 54, 1, 0),(8, 54, 1, 0),(2, 55, 0, 0),(7, 55, 0, 0);

# Table: phpbb_users
DROP TABLE IF EXISTS phpbb_users;
CREATE TABLE `phpbb_users` (
  `user_id` mediumint(8) unsigned NOT NULL auto_increment,
  `user_type` tinyint(2) NOT NULL default '0',
  `group_id` mediumint(8) unsigned NOT NULL default '3',
  `user_permissions` mediumtext collate utf8_bin NOT NULL,
  `user_perm_from` mediumint(8) unsigned NOT NULL default '0',
  `user_ip` varchar(40) collate utf8_bin NOT NULL default '',
  `user_regdate` int(11) unsigned NOT NULL default '0',
  `username` varchar(255) collate utf8_bin NOT NULL default '',
  `username_clean` varchar(255) collate utf8_bin NOT NULL default '',
  `user_password` varchar(40) collate utf8_bin NOT NULL default '',
  `user_passchg` int(11) unsigned NOT NULL default '0',
  `user_pass_convert` tinyint(1) unsigned NOT NULL default '0',
  `user_email` varchar(100) collate utf8_bin NOT NULL default '',
  `user_email_hash` bigint(20) NOT NULL default '0',
  `user_birthday` varchar(10) collate utf8_bin NOT NULL default '',
  `user_lastvisit` int(11) unsigned NOT NULL default '0',
  `user_lastmark` int(11) unsigned NOT NULL default '0',
  `user_lastpost_time` int(11) unsigned NOT NULL default '0',
  `user_lastpage` varchar(200) collate utf8_bin NOT NULL default '',
  `user_last_confirm_key` varchar(10) collate utf8_bin NOT NULL default '',
  `user_last_search` int(11) unsigned NOT NULL default '0',
  `user_warnings` tinyint(4) NOT NULL default '0',
  `user_last_warning` int(11) unsigned NOT NULL default '0',
  `user_login_attempts` tinyint(4) NOT NULL default '0',
  `user_inactive_reason` tinyint(2) NOT NULL default '0',
  `user_inactive_time` int(11) unsigned NOT NULL default '0',
  `user_posts` mediumint(8) unsigned NOT NULL default '0',
  `user_lang` varchar(30) collate utf8_bin NOT NULL default '',
  `user_timezone` decimal(5,2) NOT NULL default '0.00',
  `user_dst` tinyint(1) unsigned NOT NULL default '0',
  `user_dateformat` varchar(30) collate utf8_bin NOT NULL default 'd M Y H:i',
  `user_style` mediumint(8) unsigned NOT NULL default '0',
  `user_rank` mediumint(8) unsigned NOT NULL default '0',
  `user_colour` varchar(6) collate utf8_bin NOT NULL default '',
  `user_new_privmsg` int(4) NOT NULL default '0',
  `user_unread_privmsg` int(4) NOT NULL default '0',
  `user_last_privmsg` int(11) unsigned NOT NULL default '0',
  `user_message_rules` tinyint(1) unsigned NOT NULL default '0',
  `user_full_folder` int(11) NOT NULL default '-3',
  `user_emailtime` int(11) unsigned NOT NULL default '0',
  `user_topic_show_days` smallint(4) unsigned NOT NULL default '0',
  `user_topic_sortby_type` varchar(1) collate utf8_bin NOT NULL default 't',
  `user_topic_sortby_dir` varchar(1) collate utf8_bin NOT NULL default 'd',
  `user_post_show_days` smallint(4) unsigned NOT NULL default '0',
  `user_post_sortby_type` varchar(1) collate utf8_bin NOT NULL default 't',
  `user_post_sortby_dir` varchar(1) collate utf8_bin NOT NULL default 'a',
  `user_notify` tinyint(1) unsigned NOT NULL default '0',
  `user_notify_pm` tinyint(1) unsigned NOT NULL default '1',
  `user_notify_type` tinyint(4) NOT NULL default '0',
  `user_allow_pm` tinyint(1) unsigned NOT NULL default '1',
  `user_allow_viewonline` tinyint(1) unsigned NOT NULL default '1',
  `user_allow_viewemail` tinyint(1) unsigned NOT NULL default '1',
  `user_allow_massemail` tinyint(1) unsigned NOT NULL default '1',
  `user_options` int(11) unsigned NOT NULL default '230271',
  `user_avatar` varchar(255) collate utf8_bin NOT NULL default '',
  `user_avatar_type` tinyint(2) NOT NULL default '0',
  `user_avatar_width` smallint(4) unsigned NOT NULL default '0',
  `user_avatar_height` smallint(4) unsigned NOT NULL default '0',
  `user_sig` mediumtext collate utf8_bin NOT NULL,
  `user_sig_bbcode_uid` varchar(8) collate utf8_bin NOT NULL default '',
  `user_sig_bbcode_bitfield` varchar(255) collate utf8_bin NOT NULL default '',
  `user_from` varchar(100) collate utf8_bin NOT NULL default '',
  `user_icq` varchar(15) collate utf8_bin NOT NULL default '',
  `user_aim` varchar(255) collate utf8_bin NOT NULL default '',
  `user_yim` varchar(255) collate utf8_bin NOT NULL default '',
  `user_msnm` varchar(255) collate utf8_bin NOT NULL default '',
  `user_jabber` varchar(255) collate utf8_bin NOT NULL default '',
  `user_website` varchar(200) collate utf8_bin NOT NULL default '',
  `user_occ` text collate utf8_bin NOT NULL,
  `user_interests` text collate utf8_bin NOT NULL,
  `user_actkey` varchar(32) collate utf8_bin NOT NULL default '',
  `user_newpasswd` varchar(40) collate utf8_bin NOT NULL default '',
  `user_form_salt` varchar(32) collate utf8_bin NOT NULL default '',
  `user_new` tinyint(1) unsigned NOT NULL default '1',
  `user_reminded` tinyint(4) NOT NULL default '0',
  `user_reminded_time` int(11) unsigned NOT NULL default '0',
  PRIMARY KEY  (`user_id`),
  UNIQUE KEY `username_clean` (`username_clean`),
  KEY `user_birthday` (`user_birthday`),
  KEY `user_email_hash` (`user_email_hash`),
  KEY `user_type` (`user_type`)
) ENGINE=MyISAM AUTO_INCREMENT=56 DEFAULT CHARSET=utf8 COLLATE=utf8_bin;

INSERT INTO phpbb_users (user_id, user_type, group_id, user_permissions, user_perm_from, user_ip, user_regdate, username, username_clean, user_password, user_passchg, user_pass_convert, user_email, user_email_hash, user_birthday, user_lastvisit, user_lastmark, user_lastpost_time, user_lastpage, user_last_confirm_key, user_last_search, user_warnings, user_last_warning, user_login_attempts, user_inactive_reason, user_inactive_time, user_posts, user_lang, user_timezone, user_dst, user_dateformat, user_style, user_rank, user_colour, user_new_privmsg, user_unread_privmsg, user_last_privmsg, user_message_rules, user_full_folder, user_emailtime, user_topic_show_days, user_topic_sortby_type, user_topic_sortby_dir, user_post_show_days, user_post_sortby_type, user_post_sortby_dir, user_notify, user_notify_pm, user_notify_type, user_allow_pm, user_allow_viewonline, user_allow_viewemail, user_allow_massemail, user_options, user_avatar, user_avatar_type, user_avatar_width, user_avatar_height, user_sig, user_sig_bbcode_uid, user_sig_bbcode_bitfield, user_from, user_icq, user_aim, user_yim, user_msnm, user_jabber, user_website, user_occ, user_interests, user_actkey, user_newpasswd, user_form_salt, user_new, user_reminded, user_reminded_time) VALUES (1, 2, 1, '00000000003khra3nk\n\n\ni1cjyo000000\ni1cjyo000000\ni1cjyo000000\ni1cjyo000000\ni1cjyo000000\ni1cjyo000000\ni1cjyo000000\ni1cjyo000000\ni1cjyo000000\ni1cjyo000000\ni1cjyo000000\ni1cjyo000000\ni1cjyo000000\ni1cjyo000000\ni1cjyo000000\n000000000000\n000000000000\n000000000000\ni1cjyo000000\n000000000000\n000000000000', 0, '', 1371559657, 'Anonymous', 'anonymous', '', 0, 0, '', 0, '', 0, 0, 0, '', '', 0, 0, 0, 0, 0, 0, 0, 'en', 0.00, 0, 'd M Y H:i', 5, 0, '', 0, 0, 0, 0, -3, 0, 0, 't', 'd', 0, 't', 'a', 0, 1, 0, 1, 1, 1, 0, 230271, '', 0, 0, 0, '', '', '', '', '', '', '', '', '', '', '', '', '', '', '54b3464c603e88aa', 1, 0, 0),(2, 3, 14, 'zik0zjzik0zjzik0xs\n\n\nzik0zjzhb2tc\nzik0zjzhb2tc\nzik0zjzhb2tc\nzik0zjzhb2tc\nzik0zjzhb2tc\nzik0zjzhb2tc\nzik0zjzhb2tc\nzik0zjzhb2tc\nzik0zjzhb2tc\nzik0zjzhb2tc\nzik0zjzhb2tc\nzik0zjzhb2tc\nzik0zjzhb2tc\nzik0zjzhb2tc\nzik0zjzhb2tc\nzik0zjzhb2tc\nzik0zjzhb2tc\nzik0zjzhb2tc\nzik0zjzhb2tc\nzik0zjzhb2tc\nzik0zjzhb2tc', 0, '86.185.76.91', 1371559657, 'Jade', 'jade', '$H$9BPixxPR6k5fz5gY2Vey6aMGcBinc7/', 0, 0, 'neekasa@gmail.com', 193287038217, ' 0- 0-   0', 1371904595, 0, 1371740444, 'index.php', '', 0, 0, 0, 0, 0, 0, 2, 'en', 0.00, 0, 'D M d, Y g:i a', 5, 1, 'FF66FF', 0, 0, 0, 0, -3, 0, 0, 't', 'd', 0, 't', 'a', 0, 1, 0, 1, 1, 1, 1, 230271, '2_1371835505.png', 1, 120, 120, '', '', '', '', '', '', '', '', '', '', '', '', '', '', 'ca3083570ea63b3e', 1, 0, 0),(3, 2, 6, '', 0, '', 1371559660, 'AdsBot [Google]', 'adsbot [google]', '', 1371559660, 0, '', 0, '', 0, 1371559660, 0, '', '', 0, 0, 0, 0, 0, 0, 0, 'en', 0.00, 0, 'D M d, Y g:i a', 5, 0, '9E8DA7', 0, 0, 0, 0, -3, 0, 0, 't', 'd', 0, 't', 'a', 0, 1, 0, 1, 1, 1, 0, 230271, '', 0, 0, 0, '', '', '', '', '', '', '', '', '', '', '', '', '', '', '5bb3f24c64a518cc', 0, 0, 0),(4, 2, 6, '', 0, '', 1371559660, 'Alexa [Bot]', 'alexa [bot]', '', 1371559660, 0, '', 0, '', 0, 1371559660, 0, '', '', 0, 0, 0, 0, 0, 0, 0, 'en', 0.00, 0, 'D M d, Y g:i a', 5, 0, '9E8DA7', 0, 0, 0, 0, -3, 0, 0, 't', 'd', 0, 't', 'a', 0, 1, 0, 1, 1, 1, 0, 230271, '', 0, 0, 0, '', '', '', '', '', '', '', '', '', '', '', '', '', '', 'f318e56ab7748e56', 0, 0, 0),(5, 2, 6, '', 0, '', 1371559660, 'Alta Vista [Bot]', 'alta vista [bot]', '', 1371559660, 0, '', 0, '', 0, 1371559660, 0, '', '', 0, 0, 0, 0, 0, 0, 0, 'en', 0.00, 0, 'D M d, Y g:i a', 5, 0, '9E8DA7', 0, 0, 0, 0, -3, 0, 0, 't', 'd', 0, 't', 'a', 0, 1, 0, 1, 1, 1, 0, 230271, '', 0, 0, 0, '', '', '', '', '', '', '', '', '', '', '', '', '', '', '6734bd9e446cdfbb', 0, 0, 0),(6, 2, 6, '', 0, '', 1371559660, 'Ask Jeeves [Bot]', 'ask jeeves [bot]', '', 1371559660, 0, '', 0, '', 0, 1371559660, 0, '', '', 0, 0, 0, 0, 0, 0, 0, 'en', 0.00, 0, 'D M d, Y g:i a', 5, 0, '9E8DA7', 0, 0, 0, 0, -3, 0, 0, 't', 'd', 0, 't', 'a', 0, 1, 0, 1, 1, 1, 0, 230271, '', 0, 0, 0, '', '', '', '', '', '', '', '', '', '', '', '', '', '', 'c173af5c093ab8a2', 0, 0, 0),(7, 2, 6, '', 0, '', 1371559660, 'Baidu [Spider]', 'baidu [spider]', '', 1371559660, 0, '', 0, '', 0, 1371559660, 0, '', '', 0, 0, 0, 0, 0, 0, 0, 'en', 0.00, 0, 'D M d, Y g:i a', 5, 0, '9E8DA7', 0, 0, 0, 0, -3, 0, 0, 't', 'd', 0, 't', 'a', 0, 1, 0, 1, 1, 1, 0, 230271, '', 0, 0, 0, '', '', '', '', '', '', '', '', '', '', '', '', '', '', 'f67bbbb8b5df08fa', 0, 0, 0),(8, 2, 6, '', 0, '', 1371559660, 'Bing [Bot]', 'bing [bot]', '', 1371559660, 0, '', 0, '', 0, 1371559660, 0, '', '', 0, 0, 0, 0, 0, 0, 0, 'en', 0.00, 0, 'D M d, Y g:i a', 5, 0, '9E8DA7', 0, 0, 0, 0, -3, 0, 0, 't', 'd', 0, 't', 'a', 0, 1, 0, 1, 1, 1, 0, 230271, '', 0, 0, 0, '', '', '', '', '', '', '', '', '', '', '', '', '', '', 'e70a6494592efde3', 0, 0, 0),(9, 2, 6, '', 0, '', 1371559660, 'Exabot [Bot]', 'exabot [bot]', '', 1371559660, 0, '', 0, '', 0, 1371559660, 0, '', '', 0, 0, 0, 0, 0, 0, 0, 'en', 0.00, 0, 'D M d, Y g:i a', 5, 0, '9E8DA7', 0, 0, 0, 0, -3, 0, 0, 't', 'd', 0, 't', 'a', 0, 1, 0, 1, 1, 1, 0, 230271, '', 0, 0, 0, '', '', '', '', '', '', '', '', '', '', '', '', '', '', '795e9f2e597db178', 0, 0, 0),(10, 2, 6, '', 0, '', 1371559660, 'FAST Enterprise [Crawler]', 'fast enterprise [crawler]', '', 1371559660, 0, '', 0, '', 0, 1371559660, 0, '', '', 0, 0, 0, 0, 0, 0, 0, 'en', 0.00, 0, 'D M d, Y g:i a', 5, 0, '9E8DA7', 0, 0, 0, 0, -3, 0, 0, 't', 'd', 0, 't', 'a', 0, 1, 0, 1, 1, 1, 0, 230271, '', 0, 0, 0, '', '', '', '', '', '', '', '', '', '', '', '', '', '', '8ae3a7b81997eefb', 0, 0, 0),(11, 2, 6, '', 0, '', 1371559660, 'FAST WebCrawler [Crawler]', 'fast webcrawler [crawler]', '', 1371559660, 0, '', 0, '', 0, 1371559660, 0, '', '', 0, 0, 0, 0, 0, 0, 0, 'en', 0.00, 0, 'D M d, Y g:i a', 5, 0, '9E8DA7', 0, 0, 0, 0, -3, 0, 0, 't', 'd', 0, 't', 'a', 0, 1, 0, 1, 1, 1, 0, 230271, '', 0, 0, 0, '', '', '', '', '', '', '', '', '', '', '', '', '', '', '8c915c9c11b1123c', 0, 0, 0),(12, 2, 6, '', 0, '', 1371559660, 'Francis [Bot]', 'francis [bot]', '', 1371559660, 0, '', 0, '', 0, 1371559660, 0, '', '', 0, 0, 0, 0, 0, 0, 0, 'en', 0.00, 0, 'D M d, Y g:i a', 5, 0, '9E8DA7', 0, 0, 0, 0, -3, 0, 0, 't', 'd', 0, 't', 'a', 0, 1, 0, 1, 1, 1, 0, 230271, '', 0, 0, 0, '', '', '', '', '', '', '', '', '', '', '', '', '', '', '8df9022da3dfd7af', 0, 0, 0),(13, 2, 6, '', 0, '', 1371559660, 'Gigabot [Bot]', 'gigabot [bot]', '', 1371559660, 0, '', 0, '', 0, 1371559660, 0, '', '', 0, 0, 0, 0, 0, 0, 0, 'en', 0.00, 0, 'D M d, Y g:i a', 5, 0, '9E8DA7', 0, 0, 0, 0, -3, 0, 0, 't', 'd', 0, 't', 'a', 0, 1, 0, 1, 1, 1, 0, 230271, '', 0, 0, 0, '', '', '', '', '', '', '', '', '', '', '', '', '', '', '53307484ccf917e8', 0, 0, 0),(14, 2, 6, '', 0, '', 1371559660, 'Google Adsense [Bot]', 'google adsense [bot]', '', 1371559660, 0, '', 0, '', 0, 1371559660, 0, '', '', 0, 0, 0, 0, 0, 0, 0, 'en', 0.00, 0, 'D M d, Y g:i a', 5, 0, '9E8DA7', 0, 0, 0, 0, -3, 0, 0, 't', 'd', 0, 't', 'a', 0, 1, 0, 1, 1, 1, 0, 230271, '', 0, 0, 0, '', '', '', '', '', '', '', '', '', '', '', '', '', '', '9fec4ca5c5d0ed86', 0, 0, 0),(15, 2, 6, '', 0, '', 1371559660, 'Google Desktop', 'google desktop', '', 1371559660, 0, '', 0, '', 0, 1371559660, 0, '', '', 0, 0, 0, 0, 0, 0, 0, 'en', 0.00, 0, 'D M d, Y g:i a', 5, 0, '9E8DA7', 0, 0, 0, 0, -3, 0, 0, 't', 'd', 0, 't', 'a', 0, 1, 0, 1, 1, 1, 0, 230271, '', 0, 0, 0, '', '', '', '', '', '', '', '', '', '', '', '', '', '', '3e5081952ae8d15f', 0, 0, 0),(16, 2, 6, '', 0, '', 1371559660, 'Google Feedfetcher', 'google feedfetcher', '', 1371559660, 0, '', 0, '', 0, 1371559660, 0, '', '', 0, 0, 0, 0, 0, 0, 0, 'en', 0.00, 0, 'D M d, Y g:i a', 5, 0, '9E8DA7', 0, 0, 0, 0, -3, 0, 0, 't', 'd', 0, 't', 'a', 0, 1, 0, 1, 1, 1, 0, 230271, '', 0, 0, 0, '', '', '', '', '', '', '', '', '', '', '', '', '', '', 'f5c743aa723995da', 0, 0, 0),(17, 2, 6, '', 0, '', 1371559660, 'Google [Bot]', 'google [bot]', '', 1371559660, 0, '', 0, '', 0, 1371559660, 0, '', '', 0, 0, 0, 0, 0, 0, 0, 'en', 0.00, 0, 'D M d, Y g:i a', 5, 0, '9E8DA7', 0, 0, 0, 0, -3, 0, 0, 't', 'd', 0, 't', 'a', 0, 1, 0, 1, 1, 1, 0, 230271, '', 0, 0, 0, '', '', '', '', '', '', '', '', '', '', '', '', '', '', '763a9127fe7b47c4', 0, 0, 0),(18, 2, 6, '', 0, '', 1371559660, 'Heise IT-Markt [Crawler]', 'heise it-markt [crawler]', '', 1371559660, 0, '', 0, '', 0, 1371559660, 0, '', '', 0, 0, 0, 0, 0, 0, 0, 'en', 0.00, 0, 'D M d, Y g:i a', 5, 0, '9E8DA7', 0, 0, 0, 0, -3, 0, 0, 't', 'd', 0, 't', 'a', 0, 1, 0, 1, 1, 1, 0, 230271, '', 0, 0, 0, '', '', '', '', '', '', '', '', '', '', '', '', '', '', 'baa9933be5f01fce', 0, 0, 0),(19, 2, 6, '', 0, '', 1371559660, 'Heritrix [Crawler]', 'heritrix [crawler]', '', 1371559660, 0, '', 0, '', 0, 1371559660, 0, '', '', 0, 0, 0, 0, 0, 0, 0, 'en', 0.00, 0, 'D M d, Y g:i a', 5, 0, '9E8DA7', 0, 0, 0, 0, -3, 0, 0, 't', 'd', 0, 't', 'a', 0, 1, 0, 1, 1, 1, 0, 230271, '', 0, 0, 0, '', '', '', '', '', '', '', '', '', '', '', '', '', '', 'acef19c44536125e', 0, 0, 0),(20, 2, 6, '', 0, '', 1371559660, 'IBM Research [Bot]', 'ibm research [bot]', '', 1371559660, 0, '', 0, '', 0, 1371559660, 0, '', '', 0, 0, 0, 0, 0, 0, 0, 'en', 0.00, 0, 'D M d, Y g:i a', 5, 0, '9E8DA7', 0, 0, 0, 0, -3, 0, 0, 't', 'd', 0, 't', 'a', 0, 1, 0, 1, 1, 1, 0, 230271, '', 0, 0, 0, '', '', '', '', '', '', '', '', '', '', '', '', '', '', '9bf5805f2c71942e', 0, 0, 0),(21, 2, 6, '', 0, '', 1371559660, 'ICCrawler - ICjobs', 'iccrawler - icjobs', '', 1371559660, 0, '', 0, '', 0, 1371559660, 0, '', '', 0, 0, 0, 0, 0, 0, 0, 'en', 0.00, 0, 'D M d, Y g:i a', 5, 0, '9E8DA7', 0, 0, 0, 0, -3, 0, 0, 't', 'd', 0, 't', 'a', 0, 1, 0, 1, 1, 1, 0, 230271, '', 0, 0, 0, '', '', '', '', '', '', '', '', '', '', '', '', '', '', '7d18eafdbbafddf9', 0, 0, 0),(22, 2, 6, '', 0, '', 1371559660, 'ichiro [Crawler]', 'ichiro [crawler]', '', 1371559660, 0, '', 0, '', 0, 1371559660, 0, '', '', 0, 0, 0, 0, 0, 0, 0, 'en', 0.00, 0, 'D M d, Y g:i a', 5, 0, '9E8DA7', 0, 0, 0, 0, -3, 0, 0, 't', 'd', 0, 't', 'a', 0, 1, 0, 1, 1, 1, 0, 230271, '', 0, 0, 0, '', '', '', '', '', '', '', '', '', '', '', '', '', '', 'e2b92a04a6c7962f', 0, 0, 0),(23, 2, 6, '', 0, '', 1371559660, 'Majestic-12 [Bot]', 'majestic-12 [bot]', '', 1371559660, 0, '', 0, '', 0, 1371559660, 0, '', '', 0, 0, 0, 0, 0, 0, 0, 'en', 0.00, 0, 'D M d, Y g:i a', 5, 0, '9E8DA7', 0, 0, 0, 0, -3, 0, 0, 't', 'd', 0, 't', 'a', 0, 1, 0, 1, 1, 1, 0, 230271, '', 0, 0, 0, '', '', '', '', '', '', '', '', '', '', '', '', '', '', 'fa8c01b139b447e9', 0, 0, 0),(24, 2, 6, '', 0, '', 1371559660, 'Metager [Bot]', 'metager [bot]', '', 1371559660, 0, '', 0, '', 0, 1371559660, 0, '', '', 0, 0, 0, 0, 0, 0, 0, 'en', 0.00, 0, 'D M d, Y g:i a', 5, 0, '9E8DA7', 0, 0, 0, 0, -3, 0, 0, 't', 'd', 0, 't', 'a', 0, 1, 0, 1, 1, 1, 0, 230271, '', 0, 0, 0, '', '', '', '', '', '', '', '', '', '', '', '', '', '', 'd82040cbd4733545', 0, 0, 0),(25, 2, 6, '', 0, '', 1371559660, 'MSN NewsBlogs', 'msn newsblogs', '', 1371559660, 0, '', 0, '', 0, 1371559660, 0, '', '', 0, 0, 0, 0, 0, 0, 0, 'en', 0.00, 0, 'D M d, Y g:i a', 5, 0, '9E8DA7', 0, 0, 0, 0, -3, 0, 0, 't', 'd', 0, 't', 'a', 0, 1, 0, 1, 1, 1, 0, 230271, '', 0, 0, 0, '', '', '', '', '', '', '', '', '', '', '', '', '', '', '35e494fc46ca0688', 0, 0, 0),(26, 2, 6, '', 0, '', 1371559660, 'MSN [Bot]', 'msn [bot]', '', 1371559660, 0, '', 0, '', 0, 1371559660, 0, '', '', 0, 0, 0, 0, 0, 0, 0, 'en', 0.00, 0, 'D M d, Y g:i a', 5, 0, '9E8DA7', 0, 0, 0, 0, -3, 0, 0, 't', 'd', 0, 't', 'a', 0, 1, 0, 1, 1, 1, 0, 230271, '', 0, 0, 0, '', '', '', '', '', '', '', '', '', '', '', '', '', '', '8f423f25e82d623c', 0, 0, 0),(27, 2, 6, '', 0, '', 1371559660, 'MSNbot Media', 'msnbot media', '', 1371559660, 0, '', 0, '', 0, 1371559660, 0, '', '', 0, 0, 0, 0, 0, 0, 0, 'en', 0.00, 0, 'D M d, Y g:i a', 5, 0, '9E8DA7', 0, 0, 0, 0, -3, 0, 0, 't', 'd', 0, 't', 'a', 0, 1, 0, 1, 1, 1, 0, 230271, '', 0, 0, 0, '', '', '', '', '', '', '', '', '', '', '', '', '', '', 'adb69ccb1f59879a', 0, 0, 0),(28, 2, 6, '', 0, '', 1371559660, 'NG-Search [Bot]', 'ng-search [bot]', '', 1371559660, 0, '', 0, '', 0, 1371559660, 0, '', '', 0, 0, 0, 0, 0, 0, 0, 'en', 0.00, 0, 'D M d, Y g:i a', 5, 0, '9E8DA7', 0, 0, 0, 0, -3, 0, 0, 't', 'd', 0, 't', 'a', 0, 1, 0, 1, 1, 1, 0, 230271, '', 0, 0, 0, '', '', '', '', '', '', '', '', '', '', '', '', '', '', '7f6e79cd23312ccf', 0, 0, 0),(29, 2, 6, '', 0, '', 1371559660, 'Nutch [Bot]', 'nutch [bot]', '', 1371559660, 0, '', 0, '', 0, 1371559660, 0, '', '', 0, 0, 0, 0, 0, 0, 0, 'en', 0.00, 0, 'D M d, Y g:i a', 5, 0, '9E8DA7', 0, 0, 0, 0, -3, 0, 0, 't', 'd', 0, 't', 'a', 0, 1, 0, 1, 1, 1, 0, 230271, '', 0, 0, 0, '', '', '', '', '', '', '', '', '', '', '', '', '', '', 'b7dc4aaa80c34e8c', 0, 0, 0),(30, 2, 6, '', 0, '', 1371559660, 'Nutch/CVS [Bot]', 'nutch/cvs [bot]', '', 1371559660, 0, '', 0, '', 0, 1371559660, 0, '', '', 0, 0, 0, 0, 0, 0, 0, 'en', 0.00, 0, 'D M d, Y g:i a', 5, 0, '9E8DA7', 0, 0, 0, 0, -3, 0, 0, 't', 'd', 0, 't', 'a', 0, 1, 0, 1, 1, 1, 0, 230271, '', 0, 0, 0, '', '', '', '', '', '', '', '', '', '', '', '', '', '', '9da9069a48675871', 0, 0, 0),(31, 2, 6, '', 0, '', 1371559660, 'OmniExplorer [Bot]', 'omniexplorer [bot]', '', 1371559660, 0, '', 0, '', 0, 1371559660, 0, '', '', 0, 0, 0, 0, 0, 0, 0, 'en', 0.00, 0, 'D M d, Y g:i a', 5, 0, '9E8DA7', 0, 0, 0, 0, -3, 0, 0, 't', 'd', 0, 't', 'a', 0, 1, 0, 1, 1, 1, 0, 230271, '', 0, 0, 0, '', '', '', '', '', '', '', '', '', '', '', '', '', '', '7c844a9bbb51fed1', 0, 0, 0),(32, 2, 6, '', 0, '', 1371559660, 'Online link [Validator]', 'online link [validator]', '', 1371559660, 0, '', 0, '', 0, 1371559660, 0, '', '', 0, 0, 0, 0, 0, 0, 0, 'en', 0.00, 0, 'D M d, Y g:i a', 5, 0, '9E8DA7', 0, 0, 0, 0, -3, 0, 0, 't', 'd', 0, 't', 'a', 0, 1, 0, 1, 1, 1, 0, 230271, '', 0, 0, 0, '', '', '', '', '', '', '', '', '', '', '', '', '', '', '622b4504ccac75d2', 0, 0, 0),(33, 2, 6, '', 0, '', 1371559660, 'psbot [Picsearch]', 'psbot [picsearch]', '', 1371559660, 0, '', 0, '', 0, 1371559660, 0, '', '', 0, 0, 0, 0, 0, 0, 0, 'en', 0.00, 0, 'D M d, Y g:i a', 5, 0, '9E8DA7', 0, 0, 0, 0, -3, 0, 0, 't', 'd', 0, 't', 'a', 0, 1, 0, 1, 1, 1, 0, 230271, '', 0, 0, 0, '', '', '', '', '', '', '', '', '', '', '', '', '', '', '74da255cf0db27e9', 0, 0, 0),(34, 2, 6, '', 0, '', 1371559660, 'Seekport [Bot]', 'seekport [bot]', '', 1371559660, 0, '', 0, '', 0, 1371559660, 0, '', '', 0, 0, 0, 0, 0, 0, 0, 'en', 0.00, 0, 'D M d, Y g:i a', 5, 0, '9E8DA7', 0, 0, 0, 0, -3, 0, 0, 't', 'd', 0, 't', 'a', 0, 1, 0, 1, 1, 1, 0, 230271, '', 0, 0, 0, '', '', '', '', '', '', '', '', '', '', '', '', '', '', '156ed844af920373', 0, 0, 0),(35, 2, 6, '', 0, '', 1371559660, 'Sensis [Crawler]', 'sensis [crawler]', '', 1371559660, 0, '', 0, '', 0, 1371559660, 0, '', '', 0, 0, 0, 0, 0, 0, 0, 'en', 0.00, 0, 'D M d, Y g:i a', 5, 0, '9E8DA7', 0, 0, 0, 0, -3, 0, 0, 't', 'd', 0, 't', 'a', 0, 1, 0, 1, 1, 1, 0, 230271, '', 0, 0, 0, '', '', '', '', '', '', '', '', '', '', '', '', '', '', '43079a9ff62cf313', 0, 0, 0),(36, 2, 6, '', 0, '', 1371559660, 'SEO Crawler', 'seo crawler', '', 1371559660, 0, '', 0, '', 0, 1371559660, 0, '', '', 0, 0, 0, 0, 0, 0, 0, 'en', 0.00, 0, 'D M d, Y g:i a', 5, 0, '9E8DA7', 0, 0, 0, 0, -3, 0, 0, 't', 'd', 0, 't', 'a', 0, 1, 0, 1, 1, 1, 0, 230271, '', 0, 0, 0, '', '', '', '', '', '', '', '', '', '', '', '', '', '', '8ded559bdfaa4c30', 0, 0, 0),(37, 2, 6, '', 0, '', 1371559660, 'Seoma [Crawler]', 'seoma [crawler]', '', 1371559660, 0, '', 0, '', 0, 1371559660, 0, '', '', 0, 0, 0, 0, 0, 0, 0, 'en', 0.00, 0, 'D M d, Y g:i a', 5, 0, '9E8DA7', 0, 0, 0, 0, -3, 0, 0, 't', 'd', 0, 't', 'a', 0, 1, 0, 1, 1, 1, 0, 230271, '', 0, 0, 0, '', '', '', '', '', '', '', '', '', '', '', '', '', '', 'dd6bcd03b82a8c6f', 0, 0, 0),(38, 2, 6, '', 0, '', 1371559660, 'SEOSearch [Crawler]', 'seosearch [crawler]', '', 1371559660, 0, '', 0, '', 0, 1371559660, 0, '', '', 0, 0, 0, 0, 0, 0, 0, 'en', 0.00, 0, 'D M d, Y g:i a', 5, 0, '9E8DA7', 0, 0, 0, 0, -3, 0, 0, 't', 'd', 0, 't', 'a', 0, 1, 0, 1, 1, 1, 0, 230271, '', 0, 0, 0, '', '', '', '', '', '', '', '', '', '', '', '', '', '', '66511f09f1507af6', 0, 0, 0),(39, 2, 6, '', 0, '', 1371559660, 'Snappy [Bot]', 'snappy [bot]', '', 1371559660, 0, '', 0, '', 0, 1371559660, 0, '', '', 0, 0, 0, 0, 0, 0, 0, 'en', 0.00, 0, 'D M d, Y g:i a', 5, 0, '9E8DA7', 0, 0, 0, 0, -3, 0, 0, 't', 'd', 0, 't', 'a', 0, 1, 0, 1, 1, 1, 0, 230271, '', 0, 0, 0, '', '', '', '', '', '', '', '', '', '', '', '', '', '', '30f388b9c715d5cd', 0, 0, 0),(40, 2, 6, '', 0, '', 1371559660, 'Steeler [Crawler]', 'steeler [crawler]', '', 1371559660, 0, '', 0, '', 0, 1371559660, 0, '', '', 0, 0, 0, 0, 0, 0, 0, 'en', 0.00, 0, 'D M d, Y g:i a', 5, 0, '9E8DA7', 0, 0, 0, 0, -3, 0, 0, 't', 'd', 0, 't', 'a', 0, 1, 0, 1, 1, 1, 0, 230271, '', 0, 0, 0, '', '', '', '', '', '', '', '', '', '', '', '', '', '', 'd2bf6eef0a5843c4', 0, 0, 0),(41, 2, 6, '', 0, '', 1371559660, 'Synoo [Bot]', 'synoo [bot]', '', 1371559660, 0, '', 0, '', 0, 1371559660, 0, '', '', 0, 0, 0, 0, 0, 0, 0, 'en', 0.00, 0, 'D M d, Y g:i a', 5, 0, '9E8DA7', 0, 0, 0, 0, -3, 0, 0, 't', 'd', 0, 't', 'a', 0, 1, 0, 1, 1, 1, 0, 230271, '', 0, 0, 0, '', '', '', '', '', '', '', '', '', '', '', '', '', '', '3554f7cc498773a9', 0, 0, 0),(42, 2, 6, '', 0, '', 1371559660, 'Telekom [Bot]', 'telekom [bot]', '', 1371559660, 0, '', 0, '', 0, 1371559660, 0, '', '', 0, 0, 0, 0, 0, 0, 0, 'en', 0.00, 0, 'D M d, Y g:i a', 5, 0, '9E8DA7', 0, 0, 0, 0, -3, 0, 0, 't', 'd', 0, 't', 'a', 0, 1, 0, 1, 1, 1, 0, 230271, '', 0, 0, 0, '', '', '', '', '', '', '', '', '', '', '', '', '', '', '221edbd174c667e7', 0, 0, 0),(43, 2, 6, '', 0, '', 1371559660, 'TurnitinBot [Bot]', 'turnitinbot [bot]', '', 1371559660, 0, '', 0, '', 0, 1371559660, 0, '', '', 0, 0, 0, 0, 0, 0, 0, 'en', 0.00, 0, 'D M d, Y g:i a', 5, 0, '9E8DA7', 0, 0, 0, 0, -3, 0, 0, 't', 'd', 0, 't', 'a', 0, 1, 0, 1, 1, 1, 0, 230271, '', 0, 0, 0, '', '', '', '', '', '', '', '', '', '', '', '', '', '', '611701a6debe9442', 0, 0, 0),(44, 2, 6, '', 0, '', 1371559660, 'Voyager [Bot]', 'voyager [bot]', '', 1371559660, 0, '', 0, '', 0, 1371559660, 0, '', '', 0, 0, 0, 0, 0, 0, 0, 'en', 0.00, 0, 'D M d, Y g:i a', 5, 0, '9E8DA7', 0, 0, 0, 0, -3, 0, 0, 't', 'd', 0, 't', 'a', 0, 1, 0, 1, 1, 1, 0, 230271, '', 0, 0, 0, '', '', '', '', '', '', '', '', '', '', '', '', '', '', '80acb38d51c0c434', 0, 0, 0),(45, 2, 6, '', 0, '', 1371559660, 'W3 [Sitesearch]', 'w3 [sitesearch]', '', 1371559660, 0, '', 0, '', 0, 1371559660, 0, '', '', 0, 0, 0, 0, 0, 0, 0, 'en', 0.00, 0, 'D M d, Y g:i a', 5, 0, '9E8DA7', 0, 0, 0, 0, -3, 0, 0, 't', 'd', 0, 't', 'a', 0, 1, 0, 1, 1, 1, 0, 230271, '', 0, 0, 0, '', '', '', '', '', '', '', '', '', '', '', '', '', '', 'fbf00b5e41868a30', 0, 0, 0),(46, 2, 6, '', 0, '', 1371559660, 'W3C [Linkcheck]', 'w3c [linkcheck]', '', 1371559660, 0, '', 0, '', 0, 1371559660, 0, '', '', 0, 0, 0, 0, 0, 0, 0, 'en', 0.00, 0, 'D M d, Y g:i a', 5, 0, '9E8DA7', 0, 0, 0, 0, -3, 0, 0, 't', 'd', 0, 't', 'a', 0, 1, 0, 1, 1, 1, 0, 230271, '', 0, 0, 0, '', '', '', '', '', '', '', '', '', '', '', '', '', '', '6ea712cacc21bd1b', 0, 0, 0),(47, 2, 6, '', 0, '', 1371559660, 'W3C [Validator]', 'w3c [validator]', '', 1371559660, 0, '', 0, '', 0, 1371559660, 0, '', '', 0, 0, 0, 0, 0, 0, 0, 'en', 0.00, 0, 'D M d, Y g:i a', 5, 0, '9E8DA7', 0, 0, 0, 0, -3, 0, 0, 't', 'd', 0, 't', 'a', 0, 1, 0, 1, 1, 1, 0, 230271, '', 0, 0, 0, '', '', '', '', '', '', '', '', '', '', '', '', '', '', '24e0332868899edd', 0, 0, 0),(48, 2, 6, '', 0, '', 1371559660, 'WiseNut [Bot]', 'wisenut [bot]', '', 1371559660, 0, '', 0, '', 0, 1371559660, 0, '', '', 0, 0, 0, 0, 0, 0, 0, 'en', 0.00, 0, 'D M d, Y g:i a', 5, 0, '9E8DA7', 0, 0, 0, 0, -3, 0, 0, 't', 'd', 0, 't', 'a', 0, 1, 0, 1, 1, 1, 0, 230271, '', 0, 0, 0, '', '', '', '', '', '', '', '', '', '', '', '', '', '', 'df658f7cea7bd757', 0, 0, 0),(49, 2, 6, '', 0, '', 1371559661, 'YaCy [Bot]', 'yacy [bot]', '', 1371559661, 0, '', 0, '', 0, 1371559661, 0, '', '', 0, 0, 0, 0, 0, 0, 0, 'en', 0.00, 0, 'D M d, Y g:i a', 5, 0, '9E8DA7', 0, 0, 0, 0, -3, 0, 0, 't', 'd', 0, 't', 'a', 0, 1, 0, 1, 1, 1, 0, 230271, '', 0, 0, 0, '', '', '', '', '', '', '', '', '', '', '', '', '', '', '716598d13e5ca5e0', 0, 0, 0),(50, 2, 6, '', 0, '', 1371559661, 'Yahoo MMCrawler [Bot]', 'yahoo mmcrawler [bot]', '', 1371559661, 0, '', 0, '', 0, 1371559661, 0, '', '', 0, 0, 0, 0, 0, 0, 0, 'en', 0.00, 0, 'D M d, Y g:i a', 5, 0, '9E8DA7', 0, 0, 0, 0, -3, 0, 0, 't', 'd', 0, 't', 'a', 0, 1, 0, 1, 1, 1, 0, 230271, '', 0, 0, 0, '', '', '', '', '', '', '', '', '', '', '', '', '', '', 'ad72dc28c92e7a3c', 0, 0, 0),(51, 2, 6, '', 0, '', 1371559661, 'Yahoo Slurp [Bot]', 'yahoo slurp [bot]', '', 1371559661, 0, '', 0, '', 0, 1371559661, 0, '', '', 0, 0, 0, 0, 0, 0, 0, 'en', 0.00, 0, 'D M d, Y g:i a', 5, 0, '9E8DA7', 0, 0, 0, 0, -3, 0, 0, 't', 'd', 0, 't', 'a', 0, 1, 0, 1, 1, 1, 0, 230271, '', 0, 0, 0, '', '', '', '', '', '', '', '', '', '', '', '', '', '', 'b2395a21e5500282', 0, 0, 0),(52, 2, 6, '', 0, '', 1371559661, 'Yahoo [Bot]', 'yahoo [bot]', '', 1371559661, 0, '', 0, '', 0, 1371559661, 0, '', '', 0, 0, 0, 0, 0, 0, 0, 'en', 0.00, 0, 'D M d, Y g:i a', 5, 0, '9E8DA7', 0, 0, 0, 0, -3, 0, 0, 't', 'd', 0, 't', 'a', 0, 1, 0, 1, 1, 1, 0, 230271, '', 0, 0, 0, '', '', '', '', '', '', '', '', '', '', '', '', '', '', '8b7d7ee086287499', 0, 0, 0),(53, 2, 6, '', 0, '', 1371559661, 'YahooSeeker [Bot]', 'yahooseeker [bot]', '', 1371559661, 0, '', 0, '', 0, 1371559661, 0, '', '', 0, 0, 0, 0, 0, 0, 0, 'en', 0.00, 0, 'D M d, Y g:i a', 5, 0, '9E8DA7', 0, 0, 0, 0, -3, 0, 0, 't', 'd', 0, 't', 'a', 0, 1, 0, 1, 1, 1, 0, 230271, '', 0, 0, 0, '', '', '', '', '', '', '', '', '', '', '', '', '', '', '0f201fbe377cbd15', 0, 0, 0),(54, 0, 11, 'v2oa9vhrwsfhw6ovy8\n\n\nzik0zjzhb2tc\nzik0zjzhb2tc\nzik0zjzhb2tc\nzik0zjzhb2tc\nzik0zjzhb2tc\nzik0zjzhb2tc\nzik0zjzhb2tc\nzik0zjzhb2tc\nzik0zjzhb2tc\nzik0zjzhb2tc\nzik0zjzhb2tc\nzik0zjzhb2tc\nzik0zjzhb2tc\nzik0zjzhb2tc\nzik0zjzhb2tc\nzik0zjzhb2tc\nzik0zjzhb2tc\nzik0zjzhb2tc\nzik0zjzhb2tc\nzik0zjzhb2tc\nzik0zjzhb2tc', 0, '2.221.141.251', 1371741086, 'Joe', 'joe', '$H$90bKB4oRqBxjD5RFJUDnoI5DkMm23/1', 1371741086, 0, 'jshawl@live.com', 240558324315, ' 0- 0-   0', 0, 1371741086, 1371749905, '', '', 0, 0, 0, 0, 0, 0, 1, 'en', 0.00, 1, 'D M d, Y g:i a', 5, 0, '33CC00', 0, 0, 0, 0, -3, 0, 0, 't', 'd', 0, 't', 'a', 0, 1, 0, 1, 1, 1, 1, 230271, '', 0, 0, 0, '', '', '', '', '', '', '', '', '', '', '', '', '', '', '5ecf2870fde9777d', 1, 0, 0),(55, 1, 7, '', 0, '94.172.164.33', 1372093585, 'Epidemic', 'epidemic', '$H$9.ARe8qOOYWgYMubLF4EXIkk8.A6TB/', 1372093585, 0, 'martin.bell@gcx-hosting.com', 4149627627, '', 0, 1372093585, 0, '', '', 0, 0, 0, 0, 1, 1372093585, 0, 'en', 0.00, 1, 'D M d, Y g:i a', 5, 0, '', 0, 0, 0, 0, -3, 0, 0, 't', 'd', 0, 't', 'a', 0, 1, 0, 1, 1, 1, 1, 230271, '', 0, 0, 0, '', '', '', '', '', '', '', '', '', '', '', '', '39DYN3059', '', '6d24bfa3057615a6', 1, 0, 0);

# Table: phpbb_warnings
DROP TABLE IF EXISTS phpbb_warnings;
CREATE TABLE `phpbb_warnings` (
  `warning_id` mediumint(8) unsigned NOT NULL auto_increment,
  `user_id` mediumint(8) unsigned NOT NULL default '0',
  `post_id` mediumint(8) unsigned NOT NULL default '0',
  `log_id` mediumint(8) unsigned NOT NULL default '0',
  `warning_time` int(11) unsigned NOT NULL default '0',
  PRIMARY KEY  (`warning_id`)
) ENGINE=MyISAM DEFAULT CHARSET=utf8 COLLATE=utf8_bin;

# Table: phpbb_words
DROP TABLE IF EXISTS phpbb_words;
CREATE TABLE `phpbb_words` (
  `word_id` mediumint(8) unsigned NOT NULL auto_increment,
  `word` varchar(255) collate utf8_bin NOT NULL default '',
  `replacement` varchar(255) collate utf8_bin NOT NULL default '',
  PRIMARY KEY  (`word_id`)
) ENGINE=MyISAM DEFAULT CHARSET=utf8 COLLATE=utf8_bin;

# Table: phpbb_zebra
DROP TABLE IF EXISTS phpbb_zebra;
CREATE TABLE `phpbb_zebra` (
  `user_id` mediumint(8) unsigned NOT NULL default '0',
  `zebra_id` mediumint(8) unsigned NOT NULL default '0',
  `friend` tinyint(1) unsigned NOT NULL default '0',
  `foe` tinyint(1) unsigned NOT NULL default '0',
  PRIMARY KEY  (`user_id`,`zebra_id`)
) ENGINE=MyISAM DEFAULT CHARSET=utf8 COLLATE=utf8_bin;

