#
# phpBB Backup Script
# Dump of tables for phpbb_
# DATE : 05-08-2013 01:25:35 GMT
#
# Table: phpbb_acl_groups
DROP TABLE IF EXISTS phpbb_acl_groups;
CREATE TABLE `phpbb_acl_groups` (
  `group_id` mediumint(8) unsigned NOT NULL DEFAULT '0',
  `forum_id` mediumint(8) unsigned NOT NULL DEFAULT '0',
  `auth_option_id` mediumint(8) unsigned NOT NULL DEFAULT '0',
  `auth_role_id` mediumint(8) unsigned NOT NULL DEFAULT '0',
  `auth_setting` tinyint(2) NOT NULL DEFAULT '0',
  KEY `group_id` (`group_id`),
  KEY `auth_opt_id` (`auth_option_id`),
  KEY `auth_role_id` (`auth_role_id`)
) ENGINE=MyISAM DEFAULT CHARSET=utf8 COLLATE=utf8_bin;

INSERT INTO phpbb_acl_groups (group_id, forum_id, auth_option_id, auth_role_id, auth_setting) VALUES (1, 0, 85, 0, 1),(1, 0, 93, 0, 1),(1, 0, 111, 0, 1),(5, 0, 0, 5, 0),(5, 0, 0, 1, 0),(2, 0, 0, 6, 0),(3, 0, 0, 6, 0),(4, 0, 0, 5, 0),(4, 0, 0, 10, 0),(8, 0, 94, 0, 1),(8, 0, 117, 0, 1),(8, 0, 92, 0, 1),(8, 0, 91, 0, 0),(8, 0, 90, 0, 1),(8, 0, 89, 0, 1),(8, 0, 87, 0, 1),(8, 0, 115, 0, 1),(8, 0, 110, 0, 1),(8, 0, 93, 0, 1),(8, 0, 88, 0, 0),(7, 0, 0, 23, 0),(8, 0, 86, 0, 1),(8, 0, 95, 0, 1),(8, 0, 111, 0, 1),(8, 0, 112, 0, 1),(8, 0, 113, 0, 1),(8, 0, 116, 0, 1),(8, 0, 96, 0, 1),(8, 0, 97, 0, 1),(8, 0, 98, 0, 1),(8, 0, 99, 0, 1),(8, 0, 100, 0, 1),(8, 0, 101, 0, 1),(8, 0, 102, 0, 1),(8, 0, 103, 0, 1),(8, 0, 104, 0, 1),(8, 0, 105, 0, 1),(8, 0, 106, 0, 1),(8, 0, 107, 0, 1),(8, 0, 108, 0, 1),(8, 0, 109, 0, 1),(8, 0, 114, 0, 1),(8, 0, 85, 0, 1),(8, 0, 32, 0, 1),(8, 0, 34, 0, 1),(8, 0, 35, 0, 1),(8, 0, 40, 0, 1),(8, 0, 42, 0, 1),(8, 0, 36, 0, 1),(8, 0, 43, 0, 1),(8, 0, 37, 0, 1),(8, 0, 38, 0, 1),(8, 0, 39, 0, 1),(8, 0, 41, 0, 1),(8, 0, 31, 0, 1),(8, 0, 0, 3, 0),(10, 0, 86, 0, 1),(10, 0, 88, 0, 1),(10, 0, 93, 0, 1),(10, 0, 110, 0, 1),(10, 0, 115, 0, 1),(10, 0, 87, 0, 1),(10, 0, 89, 0, 1),(10, 0, 92, 0, 1),(10, 0, 117, 0, 1),(10, 0, 94, 0, 1),(10, 0, 111, 0, 1),(10, 0, 112, 0, 1),(10, 0, 113, 0, 1),(10, 0, 96, 0, 1),(10, 0, 97, 0, 1),(10, 0, 98, 0, 1),(10, 0, 99, 0, 1),(10, 0, 100, 0, 1),(10, 0, 101, 0, 1),(10, 0, 102, 0, 1),(10, 0, 103, 0, 1),(10, 0, 105, 0, 1),(10, 0, 106, 0, 1),(10, 0, 107, 0, 1),(10, 0, 108, 0, 1),(10, 0, 109, 0, 1),(10, 0, 114, 0, 1),(10, 0, 85, 0, 1),(9, 0, 86, 0, 1),(9, 0, 88, 0, 1),(9, 0, 93, 0, 1),(9, 0, 110, 0, 1),(9, 0, 115, 0, 1),(9, 0, 87, 0, 1),(9, 0, 89, 0, 1),(9, 0, 92, 0, 1),(9, 0, 117, 0, 1),(9, 0, 94, 0, 1),(9, 0, 111, 0, 1),(9, 0, 112, 0, 1),(9, 0, 113, 0, 1),(9, 0, 116, 0, 1),(9, 0, 96, 0, 1),(9, 0, 97, 0, 1),(9, 0, 98, 0, 1),(9, 0, 99, 0, 1),(9, 0, 100, 0, 1),(9, 0, 101, 0, 1),(9, 0, 102, 0, 1),(9, 0, 103, 0, 1),(9, 0, 105, 0, 1),(9, 0, 106, 0, 1),(9, 0, 107, 0, 1),(9, 0, 108, 0, 1),(9, 0, 109, 0, 1),(9, 0, 114, 0, 1),(9, 0, 85, 0, 1),(9, 0, 0, 11, 0),(12, 0, 0, 6, 0),(14, 0, 0, 5, 0),(14, 0, 0, 10, 0),(14, 0, 0, 4, 0),(13, 0, 0, 6, 0),(8, 3, 0, 14, 0),(8, 21, 0, 14, 0),(8, 4, 0, 14, 0),(12, 5, 0, 15, 0),(12, 6, 0, 15, 0),(12, 7, 0, 15, 0),(8, 8, 0, 14, 0),(8, 9, 0, 14, 0),(8, 10, 0, 14, 0),(8, 11, 0, 14, 0),(12, 12, 0, 15, 0),(8, 13, 0, 14, 0),(8, 14, 0, 14, 0),(8, 15, 0, 14, 0),(8, 16, 0, 14, 0),(12, 17, 0, 15, 0),(8, 18, 0, 14, 0),(8, 20, 0, 14, 0),(8, 19, 0, 14, 0),(8, 22, 0, 14, 0),(8, 23, 0, 14, 0),(5, 22, 1, 0, 1),(5, 22, 30, 0, 1),(5, 22, 29, 0, 1),(5, 22, 16, 0, 1),(5, 22, 23, 0, 1),(5, 22, 18, 0, 1),(5, 22, 15, 0, 1),(5, 22, 12, 0, 1),(5, 22, 28, 0, 1),(5, 22, 27, 0, 1),(5, 22, 22, 0, 1),(5, 22, 19, 0, 1),(5, 22, 9, 0, 1),(5, 22, 8, 0, 1),(5, 22, 6, 0, 1),(5, 22, 5, 0, 1),(5, 22, 25, 0, 1),(5, 22, 24, 0, 1),(5, 22, 13, 0, 1),(5, 22, 10, 0, 1),(5, 22, 7, 0, 1),(5, 22, 4, 0, 1),(5, 22, 3, 0, 1),(5, 22, 26, 0, 1),(5, 22, 21, 0, 1),(5, 22, 20, 0, 1),(5, 22, 17, 0, 1),(5, 22, 14, 0, 1),(5, 22, 11, 0, 1),(5, 22, 2, 0, 1),(5, 19, 1, 0, 1),(5, 19, 30, 0, 1),(5, 19, 29, 0, 1),(5, 19, 16, 0, 1),(5, 19, 23, 0, 1),(5, 19, 18, 0, 1),(5, 19, 15, 0, 1),(5, 19, 12, 0, 1),(5, 19, 28, 0, 1),(5, 19, 27, 0, 1),(5, 19, 22, 0, 1),(5, 19, 19, 0, 1),(5, 19, 9, 0, 1),(5, 19, 8, 0, 1),(5, 19, 6, 0, 1),(5, 19, 5, 0, 1),(5, 19, 25, 0, 1),(5, 19, 24, 0, 1),(5, 19, 13, 0, 1),(5, 19, 10, 0, 1),(5, 19, 7, 0, 1),(5, 19, 4, 0, 1),(5, 19, 3, 0, 1),(5, 19, 26, 0, 1),(5, 19, 21, 0, 1),(5, 19, 20, 0, 1),(5, 19, 17, 0, 1),(5, 19, 14, 0, 1),(5, 19, 11, 0, 1),(5, 19, 2, 0, 1),(5, 20, 1, 0, 1),(5, 20, 30, 0, 1),(5, 20, 29, 0, 1),(5, 20, 16, 0, 1),(5, 20, 23, 0, 1),(5, 20, 18, 0, 1),(5, 20, 15, 0, 1),(5, 20, 12, 0, 1),(5, 20, 28, 0, 1),(5, 20, 27, 0, 1),(5, 20, 22, 0, 1),(5, 20, 19, 0, 1),(5, 20, 9, 0, 1),(5, 20, 8, 0, 1),(5, 20, 6, 0, 1),(5, 20, 5, 0, 1),(5, 20, 25, 0, 1),(5, 20, 24, 0, 1),(5, 20, 13, 0, 1),(5, 20, 10, 0, 1),(5, 20, 7, 0, 1),(5, 20, 4, 0, 1),(5, 20, 3, 0, 1),(5, 20, 26, 0, 1),(5, 20, 21, 0, 1),(5, 20, 20, 0, 1),(5, 20, 17, 0, 1),(5, 20, 14, 0, 1),(5, 20, 11, 0, 1),(5, 20, 2, 0, 1),(5, 18, 1, 0, 1),(5, 18, 30, 0, 1),(5, 18, 29, 0, 1),(5, 18, 16, 0, 1),(5, 18, 23, 0, 1),(5, 18, 18, 0, 1),(5, 18, 15, 0, 1),(5, 18, 12, 0, 1),(5, 18, 28, 0, 1),(5, 18, 27, 0, 1),(5, 18, 22, 0, 1),(5, 18, 19, 0, 1),(5, 18, 9, 0, 1),(5, 18, 8, 0, 1),(5, 18, 6, 0, 1),(5, 18, 5, 0, 1),(5, 18, 25, 0, 1),(5, 18, 24, 0, 1),(5, 18, 13, 0, 1),(5, 18, 10, 0, 1),(5, 18, 7, 0, 1),(5, 18, 4, 0, 1),(5, 18, 3, 0, 1),(5, 18, 26, 0, 1),(5, 18, 21, 0, 1),(5, 18, 20, 0, 1),(5, 18, 17, 0, 1),(5, 18, 14, 0, 1),(5, 18, 11, 0, 1),(5, 18, 2, 0, 1),(10, 17, 0, 21, 0),(5, 17, 31, 0, 1),(5, 17, 41, 0, 1),(5, 17, 39, 0, 1),(5, 17, 38, 0, 1),(5, 17, 37, 0, 1),(5, 17, 36, 0, 1),(5, 17, 40, 0, 1),(5, 17, 35, 0, 1),(5, 17, 34, 0, 1),(5, 17, 33, 0, 1),(5, 17, 32, 0, 1),(9, 17, 31, 0, 1),(9, 17, 41, 0, 1),(9, 17, 39, 0, 1),(9, 17, 38, 0, 1),(9, 17, 37, 0, 1),(9, 17, 40, 0, 1),(9, 17, 35, 0, 1),(9, 17, 34, 0, 1),(9, 17, 33, 0, 0),(9, 17, 32, 0, 1),(8, 17, 0, 10, 0),(9, 17, 0, 14, 0),(5, 17, 2, 0, 1),(5, 17, 11, 0, 1),(5, 17, 14, 0, 1),(5, 17, 17, 0, 1),(5, 17, 20, 0, 1),(5, 17, 21, 0, 1),(5, 16, 1, 0, 1),(5, 16, 30, 0, 1),(5, 16, 29, 0, 1),(5, 16, 16, 0, 1),(5, 16, 23, 0, 1),(5, 16, 18, 0, 1),(5, 16, 15, 0, 1),(5, 16, 12, 0, 1),(5, 16, 28, 0, 1),(5, 16, 27, 0, 1),(5, 16, 22, 0, 1),(5, 16, 19, 0, 1),(5, 16, 9, 0, 1),(5, 16, 8, 0, 1),(5, 16, 6, 0, 1),(5, 16, 5, 0, 1),(5, 16, 25, 0, 1),(5, 16, 24, 0, 1),(5, 16, 13, 0, 1),(5, 16, 10, 0, 1),(5, 16, 7, 0, 1),(5, 16, 4, 0, 1),(5, 16, 3, 0, 1),(5, 16, 26, 0, 1),(5, 16, 21, 0, 1),(5, 16, 20, 0, 1),(5, 16, 17, 0, 1),(5, 16, 14, 0, 1),(5, 16, 11, 0, 1),(5, 16, 2, 0, 1),(5, 15, 1, 0, 1),(5, 15, 30, 0, 1),(5, 15, 29, 0, 1),(5, 15, 16, 0, 1),(5, 15, 23, 0, 1),(5, 15, 18, 0, 1),(5, 15, 15, 0, 1),(5, 15, 12, 0, 1),(5, 15, 28, 0, 1),(5, 15, 27, 0, 1),(5, 15, 22, 0, 1),(5, 15, 19, 0, 1),(5, 15, 9, 0, 1),(5, 15, 8, 0, 1),(5, 15, 6, 0, 1),(5, 15, 5, 0, 1),(5, 15, 25, 0, 1),(5, 15, 24, 0, 1),(5, 15, 13, 0, 1),(5, 15, 10, 0, 1),(5, 15, 7, 0, 1),(5, 15, 4, 0, 1),(5, 15, 3, 0, 1),(5, 15, 26, 0, 1),(5, 15, 21, 0, 1),(5, 15, 20, 0, 1),(5, 15, 17, 0, 1),(5, 15, 14, 0, 1),(5, 15, 11, 0, 1),(5, 15, 2, 0, 1),(5, 14, 1, 0, 1),(5, 14, 30, 0, 1),(5, 14, 29, 0, 1),(5, 14, 16, 0, 1),(5, 14, 23, 0, 1),(5, 14, 18, 0, 1),(5, 14, 15, 0, 1),(5, 14, 12, 0, 1),(5, 14, 28, 0, 1),(5, 14, 27, 0, 1),(5, 14, 22, 0, 1),(5, 14, 19, 0, 1),(5, 14, 9, 0, 1),(5, 14, 8, 0, 1),(5, 14, 6, 0, 1),(5, 14, 5, 0, 1),(5, 14, 25, 0, 1),(5, 14, 24, 0, 1),(5, 14, 13, 0, 1),(5, 14, 10, 0, 1),(5, 14, 7, 0, 1),(5, 14, 4, 0, 1),(5, 14, 3, 0, 1),(5, 14, 26, 0, 1),(5, 14, 21, 0, 1),(5, 14, 20, 0, 1),(5, 14, 17, 0, 1),(5, 14, 14, 0, 1),(5, 14, 11, 0, 1),(5, 14, 2, 0, 1),(5, 13, 1, 0, 1),(5, 13, 30, 0, 1),(5, 13, 29, 0, 1),(5, 13, 16, 0, 1),(5, 13, 23, 0, 1),(5, 13, 18, 0, 1),(5, 13, 15, 0, 1),(5, 13, 12, 0, 1),(5, 13, 28, 0, 1),(5, 13, 27, 0, 1),(5, 13, 22, 0, 1),(5, 13, 19, 0, 1),(5, 13, 9, 0, 1),(5, 13, 8, 0, 1),(5, 13, 6, 0, 1),(5, 13, 5, 0, 1),(5, 13, 25, 0, 1),(5, 13, 24, 0, 1),(5, 13, 13, 0, 1),(5, 13, 10, 0, 1),(5, 13, 7, 0, 1),(5, 13, 4, 0, 1),(5, 13, 3, 0, 1),(5, 13, 26, 0, 1),(5, 13, 21, 0, 1),(5, 13, 20, 0, 1),(5, 13, 17, 0, 1),(5, 13, 14, 0, 1),(5, 13, 11, 0, 1),(5, 13, 2, 0, 1),(10, 12, 0, 21, 0),(5, 12, 31, 0, 1),(5, 12, 41, 0, 1),(5, 12, 39, 0, 1),(5, 12, 38, 0, 1),(5, 12, 37, 0, 1),(5, 12, 36, 0, 1),(5, 12, 40, 0, 1),(5, 12, 35, 0, 1),(5, 12, 34, 0, 1),(5, 12, 33, 0, 1),(5, 12, 32, 0, 1),(9, 12, 31, 0, 1),(9, 12, 41, 0, 1),(9, 12, 39, 0, 1),(9, 12, 38, 0, 1),(9, 12, 37, 0, 1),(9, 12, 40, 0, 1),(9, 12, 35, 0, 1),(9, 12, 34, 0, 1),(9, 12, 33, 0, 0),(9, 12, 32, 0, 1),(8, 12, 0, 10, 0),(9, 12, 0, 14, 0),(5, 12, 2, 0, 1),(5, 12, 11, 0, 1),(5, 12, 14, 0, 1),(5, 12, 17, 0, 1),(5, 12, 20, 0, 1),(5, 12, 21, 0, 1),(5, 11, 1, 0, 1),(5, 11, 30, 0, 1),(5, 11, 29, 0, 1),(5, 11, 16, 0, 1),(5, 11, 23, 0, 1),(5, 11, 18, 0, 1),(5, 11, 15, 0, 1),(5, 11, 12, 0, 1),(5, 11, 28, 0, 1),(5, 11, 27, 0, 1),(5, 11, 22, 0, 1),(5, 11, 19, 0, 1),(5, 11, 9, 0, 1),(5, 11, 8, 0, 1),(5, 11, 6, 0, 1),(5, 11, 5, 0, 1),(5, 11, 25, 0, 1),(5, 11, 24, 0, 1),(5, 11, 13, 0, 1),(5, 11, 10, 0, 1),(5, 11, 7, 0, 1),(5, 11, 4, 0, 1),(5, 11, 3, 0, 1),(5, 11, 26, 0, 1),(5, 11, 21, 0, 1),(5, 11, 20, 0, 1),(5, 11, 17, 0, 1),(5, 11, 14, 0, 1),(5, 11, 11, 0, 1),(5, 11, 2, 0, 1),(5, 10, 1, 0, 1),(5, 10, 30, 0, 1),(5, 10, 29, 0, 1),(5, 10, 16, 0, 1),(5, 10, 23, 0, 1),(5, 10, 18, 0, 1),(5, 10, 15, 0, 1),(5, 10, 12, 0, 1),(5, 10, 28, 0, 1),(5, 10, 27, 0, 1),(5, 10, 22, 0, 1),(5, 10, 19, 0, 1),(5, 10, 9, 0, 1),(5, 10, 8, 0, 1),(5, 10, 6, 0, 1),(5, 10, 5, 0, 1),(5, 10, 25, 0, 1),(5, 10, 24, 0, 1),(5, 10, 13, 0, 1),(5, 10, 10, 0, 1),(5, 10, 7, 0, 1),(5, 10, 4, 0, 1),(5, 10, 3, 0, 1),(5, 10, 26, 0, 1),(5, 10, 21, 0, 1),(5, 10, 20, 0, 1),(5, 10, 17, 0, 1),(5, 10, 14, 0, 1),(5, 10, 11, 0, 1),(5, 10, 2, 0, 1),(5, 9, 1, 0, 1),(5, 9, 30, 0, 1),(5, 9, 29, 0, 1),(5, 9, 16, 0, 1),(5, 9, 23, 0, 1),(5, 9, 18, 0, 1),(5, 9, 15, 0, 1),(5, 9, 12, 0, 1),(5, 9, 28, 0, 1),(5, 9, 27, 0, 1),(5, 9, 22, 0, 1),(5, 9, 19, 0, 1),(5, 9, 9, 0, 1),(5, 9, 8, 0, 1),(5, 9, 6, 0, 1),(5, 9, 5, 0, 1),(5, 9, 25, 0, 1),(5, 9, 24, 0, 1),(5, 9, 13, 0, 1),(5, 9, 10, 0, 1),(5, 9, 7, 0, 1),(5, 9, 4, 0, 1),(5, 9, 3, 0, 1),(5, 9, 26, 0, 1),(5, 9, 21, 0, 1),(5, 9, 20, 0, 1),(5, 9, 17, 0, 1),(5, 9, 14, 0, 1),(5, 9, 11, 0, 1),(5, 9, 2, 0, 1),(5, 8, 1, 0, 1),(5, 8, 30, 0, 1),(5, 8, 29, 0, 1),(5, 8, 16, 0, 1),(5, 8, 23, 0, 1),(5, 8, 18, 0, 1),(5, 8, 15, 0, 1),(5, 8, 12, 0, 1),(5, 8, 28, 0, 1),(5, 8, 27, 0, 1),(5, 8, 22, 0, 1),(5, 8, 19, 0, 1),(5, 8, 9, 0, 1),(5, 8, 8, 0, 1),(5, 8, 6, 0, 1),(5, 8, 5, 0, 1),(5, 8, 25, 0, 1),(5, 8, 24, 0, 1),(5, 8, 13, 0, 1),(5, 8, 10, 0, 1),(5, 8, 7, 0, 1),(5, 8, 4, 0, 1),(5, 8, 3, 0, 1),(5, 8, 26, 0, 1),(5, 8, 21, 0, 1),(5, 8, 20, 0, 1),(5, 8, 17, 0, 1),(5, 8, 14, 0, 1),(5, 8, 11, 0, 1),(5, 8, 2, 0, 1),(10, 7, 0, 21, 0),(5, 7, 31, 0, 1),(5, 7, 41, 0, 1),(5, 7, 39, 0, 1),(5, 7, 38, 0, 1),(5, 7, 37, 0, 1),(5, 7, 36, 0, 1),(5, 7, 40, 0, 1),(5, 7, 35, 0, 1),(5, 7, 34, 0, 1),(5, 7, 33, 0, 1),(5, 7, 32, 0, 1),(9, 7, 31, 0, 1),(9, 7, 41, 0, 1),(9, 7, 39, 0, 1),(9, 7, 38, 0, 1),(9, 7, 37, 0, 1),(9, 7, 40, 0, 1),(9, 7, 35, 0, 1),(9, 7, 34, 0, 1),(9, 7, 33, 0, 0),(9, 7, 32, 0, 1),(8, 7, 0, 10, 0),(9, 7, 0, 14, 0),(5, 7, 2, 0, 1),(5, 7, 11, 0, 1),(5, 7, 14, 0, 1),(5, 7, 17, 0, 1),(5, 7, 20, 0, 1),(5, 7, 21, 0, 1),(10, 6, 0, 21, 0),(5, 6, 31, 0, 1),(5, 6, 41, 0, 1),(5, 6, 39, 0, 1),(5, 6, 38, 0, 1),(5, 6, 37, 0, 1),(5, 6, 36, 0, 1),(5, 6, 40, 0, 1),(5, 6, 35, 0, 1),(5, 6, 34, 0, 1),(5, 6, 33, 0, 1),(5, 6, 32, 0, 1),(9, 6, 31, 0, 1),(9, 6, 41, 0, 1),(9, 6, 39, 0, 1),(9, 6, 38, 0, 1),(9, 6, 37, 0, 1),(9, 6, 40, 0, 1),(9, 6, 35, 0, 1),(9, 6, 34, 0, 1),(9, 6, 33, 0, 0),(9, 6, 32, 0, 1),(8, 6, 0, 10, 0),(9, 6, 0, 14, 0),(5, 6, 2, 0, 1),(5, 6, 11, 0, 1),(5, 6, 14, 0, 1),(5, 6, 17, 0, 1),(5, 6, 20, 0, 1),(5, 6, 21, 0, 1),(10, 5, 0, 21, 0),(5, 5, 31, 0, 1),(5, 5, 41, 0, 1),(5, 5, 39, 0, 1),(5, 5, 38, 0, 1),(5, 5, 37, 0, 1),(5, 5, 36, 0, 1),(5, 5, 40, 0, 1),(5, 5, 35, 0, 1),(5, 5, 34, 0, 1),(5, 5, 33, 0, 1),(5, 5, 32, 0, 1),(9, 5, 31, 0, 1),(9, 5, 41, 0, 1),(9, 5, 39, 0, 1),(9, 5, 38, 0, 1),(9, 5, 37, 0, 1),(9, 5, 40, 0, 1),(9, 5, 35, 0, 1),(9, 5, 34, 0, 1),(9, 5, 33, 0, 0),(9, 5, 32, 0, 1),(8, 5, 0, 10, 0),(9, 5, 0, 14, 0),(5, 5, 2, 0, 1),(5, 5, 11, 0, 1),(5, 5, 14, 0, 1),(5, 5, 17, 0, 1),(5, 5, 20, 0, 1),(5, 5, 21, 0, 1),(5, 4, 1, 0, 1),(5, 4, 30, 0, 1),(5, 4, 29, 0, 1),(5, 4, 16, 0, 1),(5, 4, 23, 0, 1),(5, 4, 18, 0, 1),(5, 4, 15, 0, 1),(5, 4, 12, 0, 1),(5, 4, 28, 0, 1),(5, 4, 27, 0, 1),(5, 4, 22, 0, 1),(5, 4, 19, 0, 1),(5, 4, 9, 0, 1),(5, 4, 8, 0, 1),(5, 4, 6, 0, 1),(5, 4, 5, 0, 1),(5, 4, 25, 0, 1),(5, 4, 24, 0, 1),(5, 4, 13, 0, 1),(5, 4, 10, 0, 1),(5, 4, 7, 0, 1),(5, 4, 4, 0, 1),(5, 4, 3, 0, 1),(5, 4, 26, 0, 1),(5, 4, 21, 0, 1),(5, 4, 20, 0, 1),(5, 4, 17, 0, 1),(5, 4, 14, 0, 1),(5, 4, 11, 0, 1),(5, 4, 2, 0, 1),(5, 21, 1, 0, 1),(5, 21, 30, 0, 1),(5, 21, 29, 0, 1),(5, 21, 16, 0, 1),(5, 21, 23, 0, 1),(5, 21, 18, 0, 1),(5, 21, 15, 0, 1),(5, 21, 12, 0, 1),(5, 21, 28, 0, 1),(5, 21, 27, 0, 1),(5, 21, 22, 0, 1),(5, 21, 19, 0, 1),(5, 21, 9, 0, 1),(5, 21, 8, 0, 1),(5, 21, 6, 0, 1),(5, 21, 5, 0, 1),(5, 21, 25, 0, 1),(5, 21, 24, 0, 1),(5, 21, 13, 0, 1),(5, 21, 10, 0, 1),(5, 21, 7, 0, 1),(5, 21, 4, 0, 1),(5, 21, 3, 0, 1),(5, 21, 26, 0, 1),(5, 21, 21, 0, 1),(5, 21, 20, 0, 1),(5, 21, 17, 0, 1),(5, 21, 14, 0, 1),(5, 21, 11, 0, 1),(5, 21, 2, 0, 1),(5, 3, 1, 0, 1),(5, 3, 30, 0, 1),(5, 3, 29, 0, 1),(5, 3, 16, 0, 1),(5, 3, 23, 0, 1),(5, 3, 18, 0, 1),(5, 3, 15, 0, 1),(5, 3, 12, 0, 1),(5, 3, 28, 0, 1),(5, 3, 27, 0, 1),(5, 3, 22, 0, 1),(5, 3, 19, 0, 1),(5, 3, 9, 0, 1),(5, 3, 8, 0, 1),(5, 3, 6, 0, 1),(5, 3, 5, 0, 1),(5, 3, 25, 0, 1),(5, 3, 24, 0, 1),(5, 3, 13, 0, 1),(5, 3, 10, 0, 1),(5, 3, 7, 0, 1),(5, 3, 4, 0, 1),(5, 3, 3, 0, 1),(5, 3, 26, 0, 1),(5, 3, 21, 0, 1),(5, 3, 20, 0, 1),(5, 3, 17, 0, 1),(5, 3, 14, 0, 1),(5, 3, 11, 0, 1),(5, 3, 2, 0, 1),(9, 3, 0, 14, 0),(9, 21, 0, 14, 0),(9, 4, 0, 14, 0),(5, 5, 26, 0, 1),(5, 6, 26, 0, 1),(5, 7, 26, 0, 1),(9, 8, 0, 14, 0),(9, 9, 0, 14, 0),(9, 10, 0, 14, 0),(9, 11, 0, 14, 0),(5, 12, 26, 0, 1),(9, 13, 0, 14, 0),(9, 14, 0, 14, 0),(9, 15, 0, 14, 0),(9, 16, 0, 14, 0),(5, 17, 26, 0, 1),(9, 18, 0, 14, 0),(9, 20, 0, 14, 0),(9, 19, 0, 14, 0),(9, 22, 0, 14, 0),(9, 23, 0, 14, 0),(8, 3, 0, 10, 0),(8, 21, 0, 10, 0),(8, 4, 0, 10, 0),(5, 5, 3, 0, 1),(5, 6, 3, 0, 1),(5, 7, 3, 0, 1),(8, 8, 0, 10, 0),(8, 9, 0, 10, 0),(8, 10, 0, 10, 0),(8, 11, 0, 10, 0),(5, 12, 3, 0, 1),(8, 13, 0, 10, 0),(8, 14, 0, 10, 0),(8, 15, 0, 10, 0),(8, 16, 0, 10, 0),(5, 17, 3, 0, 1),(8, 18, 0, 10, 0),(8, 20, 0, 10, 0),(8, 19, 0, 10, 0),(8, 22, 0, 10, 0),(8, 23, 0, 10, 0),(9, 3, 32, 0, 1),(9, 3, 33, 0, 0),(9, 3, 34, 0, 1),(9, 3, 35, 0, 1),(9, 3, 40, 0, 1),(9, 3, 37, 0, 1),(9, 3, 38, 0, 1),(9, 3, 39, 0, 1),(9, 3, 41, 0, 1),(9, 3, 31, 0, 1),(9, 21, 32, 0, 1),(9, 21, 33, 0, 0),(9, 21, 34, 0, 1),(9, 21, 35, 0, 1),(9, 21, 40, 0, 1),(9, 21, 37, 0, 1),(9, 21, 38, 0, 1),(9, 21, 39, 0, 1),(9, 21, 41, 0, 1),(9, 21, 31, 0, 1),(9, 4, 32, 0, 1),(9, 4, 33, 0, 0),(9, 4, 34, 0, 1),(9, 4, 35, 0, 1),(9, 4, 40, 0, 1),(9, 4, 37, 0, 1),(9, 4, 38, 0, 1),(9, 4, 39, 0, 1),(9, 4, 41, 0, 1),(9, 4, 31, 0, 1),(5, 5, 4, 0, 1),(5, 5, 7, 0, 1),(5, 5, 10, 0, 1),(5, 5, 13, 0, 1),(5, 5, 24, 0, 1),(5, 5, 25, 0, 1),(5, 5, 5, 0, 1),(5, 5, 6, 0, 1),(5, 5, 8, 0, 1),(5, 5, 9, 0, 1),(5, 6, 4, 0, 1),(5, 6, 7, 0, 1),(5, 6, 10, 0, 1),(5, 6, 13, 0, 1),(5, 6, 24, 0, 1),(5, 6, 25, 0, 1),(5, 6, 5, 0, 1),(5, 6, 6, 0, 1),(5, 6, 8, 0, 1),(5, 6, 9, 0, 1),(5, 7, 4, 0, 1),(5, 7, 7, 0, 1),(5, 7, 10, 0, 1),(5, 7, 13, 0, 1),(5, 7, 24, 0, 1),(5, 7, 25, 0, 1),(5, 7, 5, 0, 1),(5, 7, 6, 0, 1),(5, 7, 8, 0, 1),(5, 7, 9, 0, 1),(9, 8, 32, 0, 1),(9, 8, 33, 0, 0),(9, 8, 34, 0, 1),(9, 8, 35, 0, 1),(9, 8, 40, 0, 1),(9, 8, 37, 0, 1),(9, 8, 38, 0, 1),(9, 8, 39, 0, 1),(9, 8, 41, 0, 1),(9, 8, 31, 0, 1),(9, 9, 32, 0, 1),(9, 9, 33, 0, 0),(9, 9, 34, 0, 1),(9, 9, 35, 0, 1),(9, 9, 40, 0, 1),(9, 9, 37, 0, 1),(9, 9, 38, 0, 1),(9, 9, 39, 0, 1),(9, 9, 41, 0, 1),(9, 9, 31, 0, 1),(9, 10, 32, 0, 1),(9, 10, 33, 0, 0),(9, 10, 34, 0, 1),(9, 10, 35, 0, 1),(9, 10, 40, 0, 1),(9, 10, 37, 0, 1),(9, 10, 38, 0, 1),(9, 10, 39, 0, 1),(9, 10, 41, 0, 1),(9, 10, 31, 0, 1),(9, 11, 32, 0, 1),(9, 11, 33, 0, 0),(9, 11, 34, 0, 1),(9, 11, 35, 0, 1),(9, 11, 40, 0, 1),(9, 11, 37, 0, 1),(9, 11, 38, 0, 1),(9, 11, 39, 0, 1),(9, 11, 41, 0, 1),(9, 11, 31, 0, 1),(5, 12, 4, 0, 1),(5, 12, 7, 0, 1),(5, 12, 10, 0, 1),(5, 12, 13, 0, 1),(5, 12, 24, 0, 1),(5, 12, 25, 0, 1),(5, 12, 5, 0, 1),(5, 12, 6, 0, 1),(5, 12, 8, 0, 1),(5, 12, 9, 0, 1),(9, 13, 32, 0, 1),(9, 13, 33, 0, 0),(9, 13, 34, 0, 1),(9, 13, 35, 0, 1),(9, 13, 40, 0, 1),(9, 13, 37, 0, 1),(9, 13, 38, 0, 1),(9, 13, 39, 0, 1),(9, 13, 41, 0, 1),(9, 13, 31, 0, 1),(9, 14, 32, 0, 1),(9, 14, 33, 0, 0),(9, 14, 34, 0, 1),(9, 14, 35, 0, 1),(9, 14, 40, 0, 1),(9, 14, 37, 0, 1),(9, 14, 38, 0, 1),(9, 14, 39, 0, 1),(9, 14, 41, 0, 1),(9, 14, 31, 0, 1),(9, 15, 32, 0, 1),(9, 15, 33, 0, 0),(9, 15, 34, 0, 1),(9, 15, 35, 0, 1),(9, 15, 40, 0, 1),(9, 15, 37, 0, 1),(9, 15, 38, 0, 1),(9, 15, 39, 0, 1),(9, 15, 41, 0, 1),(9, 15, 31, 0, 1),(9, 16, 32, 0, 1),(9, 16, 33, 0, 0),(9, 16, 34, 0, 1),(9, 16, 35, 0, 1),(9, 16, 40, 0, 1),(9, 16, 37, 0, 1),(9, 16, 38, 0, 1),(9, 16, 39, 0, 1),(9, 16, 41, 0, 1),(9, 16, 31, 0, 1),(5, 17, 4, 0, 1),(5, 17, 7, 0, 1),(5, 17, 10, 0, 1),(5, 17, 13, 0, 1),(5, 17, 24, 0, 1),(5, 17, 25, 0, 1),(5, 17, 5, 0, 1),(5, 17, 6, 0, 1),(5, 17, 8, 0, 1),(5, 17, 9, 0, 1),(9, 18, 32, 0, 1),(9, 18, 33, 0, 0),(9, 18, 34, 0, 1),(9, 18, 35, 0, 1),(9, 18, 40, 0, 1),(9, 18, 37, 0, 1),(9, 18, 38, 0, 1),(9, 18, 39, 0, 1),(9, 18, 41, 0, 1),(9, 18, 31, 0, 1),(9, 20, 32, 0, 1),(9, 20, 33, 0, 0),(9, 20, 34, 0, 1),(9, 20, 35, 0, 1),(9, 20, 40, 0, 1),(9, 20, 37, 0, 1),(9, 20, 38, 0, 1),(9, 20, 39, 0, 1),(9, 20, 41, 0, 1),(9, 20, 31, 0, 1),(9, 19, 32, 0, 1),(9, 19, 33, 0, 0),(9, 19, 34, 0, 1),(9, 19, 35, 0, 1),(9, 19, 40, 0, 1),(9, 19, 37, 0, 1),(9, 19, 38, 0, 1),(9, 19, 39, 0, 1),(9, 19, 41, 0, 1),(9, 19, 31, 0, 1),(9, 22, 32, 0, 1),(9, 22, 33, 0, 0),(9, 22, 34, 0, 1),(9, 22, 35, 0, 1),(9, 22, 40, 0, 1),(9, 22, 37, 0, 1),(9, 22, 38, 0, 1),(9, 22, 39, 0, 1),(9, 22, 41, 0, 1),(9, 22, 31, 0, 1),(9, 23, 32, 0, 1),(9, 23, 33, 0, 0),(9, 23, 34, 0, 1),(9, 23, 35, 0, 1),(9, 23, 40, 0, 1),(9, 23, 37, 0, 1),(9, 23, 38, 0, 1),(9, 23, 39, 0, 1),(9, 23, 41, 0, 1),(9, 23, 31, 0, 1),(5, 23, 2, 0, 1),(5, 23, 11, 0, 1),(5, 23, 14, 0, 1),(5, 23, 17, 0, 1),(5, 23, 20, 0, 1),(5, 23, 21, 0, 1),(5, 23, 26, 0, 1),(5, 23, 3, 0, 1),(5, 23, 4, 0, 1),(5, 23, 7, 0, 1),(5, 23, 10, 0, 1),(5, 23, 13, 0, 1),(5, 23, 24, 0, 1),(5, 23, 25, 0, 1),(5, 23, 5, 0, 1),(5, 23, 6, 0, 1),(5, 23, 8, 0, 1),(5, 23, 9, 0, 1),(5, 23, 19, 0, 1),(5, 23, 22, 0, 1),(5, 23, 27, 0, 1),(5, 23, 28, 0, 1),(5, 23, 12, 0, 1),(5, 23, 15, 0, 1),(5, 23, 18, 0, 1),(5, 23, 23, 0, 1),(5, 23, 16, 0, 1),(5, 23, 29, 0, 1),(5, 23, 30, 0, 1),(5, 23, 1, 0, 1),(5, 3, 32, 0, 1),(5, 3, 33, 0, 1),(5, 3, 34, 0, 1),(5, 3, 35, 0, 1),(5, 3, 40, 0, 1),(5, 3, 36, 0, 1),(5, 3, 37, 0, 1),(5, 3, 38, 0, 1),(5, 3, 39, 0, 1),(5, 3, 41, 0, 1),(5, 3, 31, 0, 1),(5, 21, 32, 0, 1),(5, 21, 33, 0, 1),(5, 21, 34, 0, 1),(5, 21, 35, 0, 1),(5, 21, 40, 0, 1),(5, 21, 36, 0, 1),(5, 21, 37, 0, 1),(5, 21, 38, 0, 1),(5, 21, 39, 0, 1),(5, 21, 41, 0, 1),(5, 21, 31, 0, 1),(5, 4, 32, 0, 1),(5, 4, 33, 0, 1),(5, 4, 34, 0, 1),(5, 4, 35, 0, 1),(5, 4, 40, 0, 1),(5, 4, 36, 0, 1),(5, 4, 37, 0, 1),(5, 4, 38, 0, 1),(5, 4, 39, 0, 1),(5, 4, 41, 0, 1),(5, 4, 31, 0, 1),(5, 5, 19, 0, 1),(5, 5, 22, 0, 1),(5, 5, 27, 0, 1),(5, 5, 28, 0, 1),(5, 5, 12, 0, 1),(5, 5, 15, 0, 1),(5, 5, 18, 0, 1),(5, 5, 23, 0, 1),(5, 5, 16, 0, 1),(5, 5, 29, 0, 1),(5, 5, 30, 0, 1),(5, 6, 19, 0, 1),(5, 6, 22, 0, 1),(5, 6, 27, 0, 1),(5, 6, 28, 0, 1),(5, 6, 12, 0, 1),(5, 6, 15, 0, 1),(5, 6, 18, 0, 1),(5, 6, 23, 0, 1),(5, 6, 16, 0, 1),(5, 6, 29, 0, 1),(5, 6, 30, 0, 1),(5, 7, 19, 0, 1),(5, 7, 22, 0, 1),(5, 7, 27, 0, 1),(5, 7, 28, 0, 1),(5, 7, 12, 0, 1),(5, 7, 15, 0, 1),(5, 7, 18, 0, 1),(5, 7, 23, 0, 1),(5, 7, 16, 0, 1),(5, 7, 29, 0, 1),(5, 7, 30, 0, 1),(5, 8, 32, 0, 1),(5, 8, 33, 0, 1),(5, 8, 34, 0, 1),(5, 8, 35, 0, 1),(5, 8, 40, 0, 1),(5, 8, 36, 0, 1),(5, 8, 37, 0, 1),(5, 8, 38, 0, 1),(5, 8, 39, 0, 1),(5, 8, 41, 0, 1),(5, 8, 31, 0, 1),(5, 9, 32, 0, 1),(5, 9, 33, 0, 1),(5, 9, 34, 0, 1),(5, 9, 35, 0, 1),(5, 9, 40, 0, 1),(5, 9, 36, 0, 1),(5, 9, 37, 0, 1),(5, 9, 38, 0, 1),(5, 9, 39, 0, 1),(5, 9, 41, 0, 1),(5, 9, 31, 0, 1),(5, 10, 32, 0, 1),(5, 10, 33, 0, 1),(5, 10, 34, 0, 1),(5, 10, 35, 0, 1),(5, 10, 40, 0, 1),(5, 10, 36, 0, 1),(5, 10, 37, 0, 1),(5, 10, 38, 0, 1),(5, 10, 39, 0, 1),(5, 10, 41, 0, 1),(5, 10, 31, 0, 1),(5, 11, 32, 0, 1),(5, 11, 33, 0, 1),(5, 11, 34, 0, 1),(5, 11, 35, 0, 1),(5, 11, 40, 0, 1),(5, 11, 36, 0, 1),(5, 11, 37, 0, 1),(5, 11, 38, 0, 1),(5, 11, 39, 0, 1),(5, 11, 41, 0, 1),(5, 11, 31, 0, 1),(5, 12, 19, 0, 1),(5, 12, 22, 0, 1),(5, 12, 27, 0, 1),(5, 12, 28, 0, 1),(5, 12, 12, 0, 1),(5, 12, 15, 0, 1),(5, 12, 18, 0, 1),(5, 12, 23, 0, 1),(5, 12, 16, 0, 1),(5, 12, 29, 0, 1),(5, 12, 30, 0, 1),(5, 13, 32, 0, 1),(5, 13, 33, 0, 1),(5, 13, 34, 0, 1),(5, 13, 35, 0, 1),(5, 13, 40, 0, 1),(5, 13, 36, 0, 1),(5, 13, 37, 0, 1),(5, 13, 38, 0, 1),(5, 13, 39, 0, 1),(5, 13, 41, 0, 1),(5, 13, 31, 0, 1),(5, 14, 32, 0, 1),(5, 14, 33, 0, 1),(5, 14, 34, 0, 1),(5, 14, 35, 0, 1),(5, 14, 40, 0, 1),(5, 14, 36, 0, 1),(5, 14, 37, 0, 1),(5, 14, 38, 0, 1),(5, 14, 39, 0, 1),(5, 14, 41, 0, 1),(5, 14, 31, 0, 1),(5, 15, 32, 0, 1),(5, 15, 33, 0, 1),(5, 15, 34, 0, 1),(5, 15, 35, 0, 1),(5, 15, 40, 0, 1),(5, 15, 36, 0, 1),(5, 15, 37, 0, 1),(5, 15, 38, 0, 1),(5, 15, 39, 0, 1),(5, 15, 41, 0, 1),(5, 15, 31, 0, 1),(5, 16, 32, 0, 1),(5, 16, 33, 0, 1),(5, 16, 34, 0, 1),(5, 16, 35, 0, 1),(5, 16, 40, 0, 1),(5, 16, 36, 0, 1),(5, 16, 37, 0, 1),(5, 16, 38, 0, 1),(5, 16, 39, 0, 1),(5, 16, 41, 0, 1),(5, 16, 31, 0, 1),(5, 17, 19, 0, 1),(5, 17, 22, 0, 1),(5, 17, 27, 0, 1),(5, 17, 28, 0, 1),(5, 17, 12, 0, 1),(5, 17, 15, 0, 1),(5, 17, 18, 0, 1),(5, 17, 23, 0, 1),(5, 17, 16, 0, 1),(5, 17, 29, 0, 1),(5, 17, 30, 0, 1),(5, 18, 32, 0, 1),(5, 18, 33, 0, 1),(5, 18, 34, 0, 1),(5, 18, 35, 0, 1),(5, 18, 40, 0, 1),(5, 18, 36, 0, 1),(5, 18, 37, 0, 1),(5, 18, 38, 0, 1),(5, 18, 39, 0, 1),(5, 18, 41, 0, 1),(5, 18, 31, 0, 1),(5, 20, 32, 0, 1),(5, 20, 33, 0, 1),(5, 20, 34, 0, 1),(5, 20, 35, 0, 1),(5, 20, 40, 0, 1),(5, 20, 36, 0, 1),(5, 20, 37, 0, 1),(5, 20, 38, 0, 1),(5, 20, 39, 0, 1),(5, 20, 41, 0, 1),(5, 20, 31, 0, 1),(5, 19, 32, 0, 1),(5, 19, 33, 0, 1),(5, 19, 34, 0, 1),(5, 19, 35, 0, 1),(5, 19, 40, 0, 1),(5, 19, 36, 0, 1),(5, 19, 37, 0, 1),(5, 19, 38, 0, 1),(5, 19, 39, 0, 1),(5, 19, 41, 0, 1),(5, 19, 31, 0, 1),(5, 22, 32, 0, 1),(5, 22, 33, 0, 1),(5, 22, 34, 0, 1),(5, 22, 35, 0, 1),(5, 22, 40, 0, 1),(5, 22, 36, 0, 1),(5, 22, 37, 0, 1),(5, 22, 38, 0, 1),(5, 22, 39, 0, 1),(5, 22, 41, 0, 1),(5, 22, 31, 0, 1),(5, 23, 32, 0, 1),(5, 23, 33, 0, 1),(5, 23, 34, 0, 1),(5, 23, 35, 0, 1),(5, 23, 40, 0, 1),(5, 23, 36, 0, 1),(5, 23, 37, 0, 1),(5, 23, 38, 0, 1),(5, 23, 39, 0, 1),(5, 23, 41, 0, 1),(5, 23, 31, 0, 1),(10, 3, 0, 21, 0),(10, 21, 0, 17, 0),(10, 20, 0, 15, 0),(10, 22, 0, 16, 0),(10, 23, 0, 16, 0),(12, 3, 0, 15, 0),(12, 21, 0, 17, 0),(12, 18, 0, 16, 0),(12, 20, 0, 16, 0),(12, 19, 0, 16, 0),(12, 22, 0, 16, 0),(12, 23, 0, 16, 0),(13, 3, 11, 0, 1),(13, 3, 14, 0, 1),(13, 3, 17, 0, 1),(13, 3, 20, 0, 1),(13, 3, 21, 0, 1),(13, 3, 26, 0, 1),(13, 3, 3, 0, 1),(13, 3, 4, 0, 1),(13, 3, 7, 0, 1),(13, 3, 13, 0, 1),(13, 3, 24, 0, 1),(13, 3, 25, 0, 1),(13, 3, 5, 0, 1),(13, 3, 6, 0, 1),(13, 3, 8, 0, 1),(13, 3, 9, 0, 1),(13, 3, 19, 0, 1),(13, 3, 22, 0, 1),(13, 3, 27, 0, 1),(13, 3, 15, 0, 1),(13, 3, 18, 0, 1),(13, 3, 23, 0, 1),(13, 3, 16, 0, 1),(13, 3, 29, 0, 1),(13, 3, 30, 0, 1),(13, 3, 1, 0, 1),(13, 22, 0, 16, 0),(13, 23, 0, 16, 0),(2, 3, 0, 17, 0),(2, 21, 0, 17, 0),(2, 18, 0, 16, 0),(2, 20, 0, 16, 0),(2, 19, 0, 16, 0),(2, 22, 0, 16, 0),(2, 23, 0, 16, 0),(1, 3, 0, 17, 0),(1, 21, 0, 17, 0),(1, 4, 0, 17, 0),(5, 5, 1, 0, 1),(5, 6, 1, 0, 1),(5, 7, 1, 0, 1),(1, 8, 0, 17, 0),(1, 9, 0, 17, 0),(1, 10, 0, 17, 0),(1, 11, 0, 17, 0),(5, 12, 1, 0, 1),(1, 13, 0, 17, 0),(1, 14, 0, 17, 0),(1, 15, 0, 17, 0),(1, 16, 0, 17, 0),(5, 17, 1, 0, 1),(1, 18, 0, 16, 0),(1, 20, 0, 16, 0),(1, 19, 0, 16, 0),(1, 22, 0, 16, 0),(1, 23, 0, 16, 0),(6, 3, 0, 17, 0),(6, 18, 0, 16, 0),(6, 20, 0, 16, 0),(6, 19, 0, 16, 0),(6, 22, 0, 16, 0),(6, 23, 0, 16, 0),(7, 3, 0, 17, 0),(7, 18, 0, 16, 0),(7, 20, 0, 16, 0),(7, 19, 0, 16, 0),(7, 22, 0, 16, 0),(7, 23, 0, 16, 0),(12, 24, 0, 15, 0),(10, 24, 0, 21, 0),(5, 24, 31, 0, 1),(5, 24, 41, 0, 1),(5, 24, 39, 0, 1),(5, 24, 38, 0, 1),(5, 24, 37, 0, 1),(5, 24, 36, 0, 1),(5, 24, 40, 0, 1),(5, 24, 35, 0, 1),(5, 24, 34, 0, 1),(5, 24, 33, 0, 1),(5, 24, 32, 0, 1),(9, 24, 31, 0, 1),(9, 24, 41, 0, 1),(9, 24, 39, 0, 1),(9, 24, 38, 0, 1),(9, 24, 37, 0, 1),(9, 24, 40, 0, 1),(9, 24, 35, 0, 1),(9, 24, 34, 0, 1),(9, 24, 33, 0, 0),(9, 24, 32, 0, 1),(8, 24, 0, 10, 0),(9, 24, 0, 14, 0),(5, 24, 2, 0, 1),(5, 24, 11, 0, 1),(5, 24, 14, 0, 1),(5, 24, 17, 0, 1),(5, 24, 20, 0, 1),(5, 24, 21, 0, 1),(5, 24, 26, 0, 1),(5, 24, 3, 0, 1),(5, 24, 4, 0, 1),(5, 24, 7, 0, 1),(5, 24, 10, 0, 1),(5, 24, 13, 0, 1),(5, 24, 24, 0, 1),(5, 24, 25, 0, 1),(5, 24, 5, 0, 1),(5, 24, 6, 0, 1),(5, 24, 8, 0, 1),(5, 24, 9, 0, 1),(5, 24, 19, 0, 1),(5, 24, 22, 0, 1),(5, 24, 27, 0, 1),(5, 24, 28, 0, 1),(5, 24, 12, 0, 1),(5, 24, 15, 0, 1),(5, 24, 18, 0, 1),(5, 24, 23, 0, 1),(5, 24, 16, 0, 1),(5, 24, 29, 0, 1),(5, 24, 30, 0, 1),(5, 24, 1, 0, 1),(7, 21, 0, 17, 0),(7, 4, 0, 17, 0),(8, 5, 0, 14, 0),(8, 6, 0, 14, 0),(8, 7, 0, 14, 0),(7, 8, 0, 17, 0),(7, 9, 0, 17, 0),(7, 10, 0, 17, 0),(7, 11, 0, 17, 0),(8, 12, 0, 14, 0),(7, 13, 0, 17, 0),(7, 14, 0, 17, 0),(7, 15, 0, 17, 0),(7, 16, 0, 17, 0),(8, 17, 0, 14, 0),(8, 24, 0, 14, 0),(13, 5, 11, 0, 1),(13, 5, 14, 0, 1),(13, 5, 17, 0, 1),(13, 5, 20, 0, 1),(13, 5, 21, 0, 1),(13, 5, 26, 0, 1),(13, 5, 3, 0, 1),(13, 5, 4, 0, 1),(13, 5, 7, 0, 1),(13, 5, 13, 0, 1),(13, 5, 24, 0, 1),(13, 5, 25, 0, 1),(13, 5, 5, 0, 1),(13, 5, 6, 0, 1),(13, 5, 8, 0, 1),(13, 5, 9, 0, 1),(13, 5, 19, 0, 1),(13, 5, 22, 0, 1),(13, 5, 27, 0, 1),(13, 5, 15, 0, 1),(13, 5, 18, 0, 1),(13, 5, 23, 0, 1),(13, 5, 16, 0, 1),(13, 5, 29, 0, 1),(13, 5, 30, 0, 1),(13, 5, 1, 0, 1),(2, 5, 0, 17, 0),(1, 5, 0, 17, 0),(6, 5, 0, 17, 0),(7, 5, 0, 17, 0),(13, 6, 11, 0, 1),(13, 6, 14, 0, 1),(13, 6, 17, 0, 1),(13, 6, 20, 0, 1),(13, 6, 21, 0, 1),(13, 6, 26, 0, 1),(13, 6, 3, 0, 1),(13, 6, 4, 0, 1),(13, 6, 7, 0, 1),(13, 6, 13, 0, 1),(13, 6, 24, 0, 1),(13, 6, 25, 0, 1),(13, 6, 5, 0, 1),(13, 6, 6, 0, 1),(13, 6, 8, 0, 1),(13, 6, 9, 0, 1),(13, 6, 19, 0, 1),(13, 6, 22, 0, 1),(13, 6, 27, 0, 1),(13, 6, 15, 0, 1),(13, 6, 18, 0, 1),(13, 6, 23, 0, 1),(13, 6, 16, 0, 1),(13, 6, 29, 0, 1),(13, 6, 30, 0, 1),(13, 6, 1, 0, 1),(2, 6, 0, 17, 0),(1, 6, 0, 17, 0),(6, 6, 0, 17, 0),(7, 6, 0, 17, 0),(13, 7, 11, 0, 1),(13, 7, 14, 0, 1),(13, 7, 17, 0, 1),(13, 7, 20, 0, 1),(13, 7, 21, 0, 1),(13, 7, 26, 0, 1),(13, 7, 3, 0, 1),(13, 7, 4, 0, 1),(13, 7, 7, 0, 1),(13, 7, 13, 0, 1),(13, 7, 24, 0, 1),(13, 7, 25, 0, 1),(13, 7, 5, 0, 1),(13, 7, 6, 0, 1),(13, 7, 8, 0, 1),(13, 7, 9, 0, 1),(13, 7, 19, 0, 1),(13, 7, 22, 0, 1),(13, 7, 27, 0, 1),(13, 7, 15, 0, 1),(13, 7, 18, 0, 1),(13, 7, 23, 0, 1),(13, 7, 16, 0, 1),(13, 7, 29, 0, 1),(13, 7, 30, 0, 1),(13, 7, 1, 0, 1),(2, 7, 0, 17, 0),(1, 7, 0, 17, 0),(6, 7, 0, 17, 0),(7, 7, 0, 17, 0),(13, 12, 11, 0, 1),(13, 12, 14, 0, 1),(13, 12, 17, 0, 1),(13, 12, 20, 0, 1),(13, 12, 21, 0, 1),(13, 12, 26, 0, 1),(13, 12, 3, 0, 1),(13, 12, 4, 0, 1),(13, 12, 7, 0, 1),(13, 12, 13, 0, 1),(13, 12, 24, 0, 1),(13, 12, 25, 0, 1),(13, 12, 5, 0, 1),(13, 12, 6, 0, 1),(13, 12, 8, 0, 1),(13, 12, 9, 0, 1),(13, 12, 19, 0, 1),(13, 12, 22, 0, 1),(13, 12, 27, 0, 1),(13, 12, 15, 0, 1),(13, 12, 18, 0, 1),(13, 12, 23, 0, 1),(13, 12, 16, 0, 1),(13, 12, 29, 0, 1),(13, 12, 30, 0, 1),(13, 12, 1, 0, 1),(2, 12, 0, 17, 0),(1, 12, 0, 17, 0),(6, 12, 0, 17, 0),(7, 12, 0, 17, 0),(13, 17, 11, 0, 1),(13, 17, 14, 0, 1),(13, 17, 17, 0, 1),(13, 17, 20, 0, 1),(13, 17, 21, 0, 1),(13, 17, 26, 0, 1),(13, 17, 3, 0, 1),(13, 17, 4, 0, 1),(13, 17, 7, 0, 1),(13, 17, 13, 0, 1),(13, 17, 24, 0, 1),(13, 17, 25, 0, 1),(13, 17, 5, 0, 1),(13, 17, 6, 0, 1),(13, 17, 8, 0, 1),(13, 17, 9, 0, 1),(13, 17, 19, 0, 1),(13, 17, 22, 0, 1),(13, 17, 27, 0, 1),(13, 17, 15, 0, 1),(13, 17, 18, 0, 1),(13, 17, 23, 0, 1),(13, 17, 16, 0, 1),(13, 17, 29, 0, 1),(13, 17, 30, 0, 1),(13, 17, 1, 0, 1),(2, 17, 0, 17, 0),(1, 17, 0, 17, 0),(6, 17, 0, 17, 0),(7, 17, 0, 17, 0),(13, 24, 11, 0, 1),(13, 24, 14, 0, 1),(13, 24, 17, 0, 1),(13, 24, 20, 0, 1),(13, 24, 21, 0, 1),(13, 24, 26, 0, 1),(13, 24, 3, 0, 1),(13, 24, 4, 0, 1),(13, 24, 7, 0, 1),(13, 24, 13, 0, 1),(13, 24, 24, 0, 1),(13, 24, 25, 0, 1),(13, 24, 5, 0, 1),(13, 24, 6, 0, 1),(13, 24, 8, 0, 1),(13, 24, 9, 0, 1),(13, 24, 19, 0, 1),(13, 24, 22, 0, 1),(13, 24, 27, 0, 1),(13, 24, 15, 0, 1),(13, 24, 18, 0, 1),(13, 24, 23, 0, 1),(13, 24, 16, 0, 1),(13, 24, 29, 0, 1),(13, 24, 30, 0, 1),(13, 24, 1, 0, 1),(2, 24, 0, 17, 0),(1, 24, 0, 17, 0),(6, 24, 0, 17, 0),(7, 24, 0, 17, 0),(10, 18, 0, 15, 0),(10, 19, 0, 15, 0),(15, 0, 86, 0, 1),(15, 0, 88, 0, 1),(15, 0, 93, 0, 1),(15, 0, 110, 0, 1),(15, 0, 115, 0, 1),(15, 0, 87, 0, 1),(15, 0, 89, 0, 1),(15, 0, 92, 0, 1),(15, 0, 117, 0, 1),(15, 0, 94, 0, 1),(15, 0, 111, 0, 1),(15, 0, 112, 0, 1),(15, 0, 113, 0, 1),(15, 0, 96, 0, 1),(15, 0, 97, 0, 1),(15, 0, 98, 0, 1),(15, 0, 99, 0, 1),(15, 0, 100, 0, 1),(15, 0, 101, 0, 1),(15, 0, 102, 0, 1),(15, 0, 103, 0, 1),(15, 0, 105, 0, 1),(15, 0, 106, 0, 1),(15, 0, 107, 0, 1),(15, 0, 108, 0, 1),(15, 0, 109, 0, 1),(15, 0, 114, 0, 1),(15, 0, 85, 0, 1),(15, 17, 0, 21, 0),(15, 12, 0, 21, 0),(15, 7, 0, 21, 0),(15, 6, 0, 21, 0),(15, 5, 0, 21, 0),(15, 3, 0, 21, 0),(15, 21, 0, 17, 0),(15, 20, 0, 15, 0),(15, 22, 0, 16, 0),(15, 23, 0, 16, 0),(15, 24, 0, 21, 0),(15, 18, 0, 15, 0),(15, 19, 0, 15, 0);

# Table: phpbb_acl_options
DROP TABLE IF EXISTS phpbb_acl_options;
CREATE TABLE `phpbb_acl_options` (
  `auth_option_id` mediumint(8) unsigned NOT NULL AUTO_INCREMENT,
  `auth_option` varchar(50) COLLATE utf8_bin NOT NULL DEFAULT '',
  `is_global` tinyint(1) unsigned NOT NULL DEFAULT '0',
  `is_local` tinyint(1) unsigned NOT NULL DEFAULT '0',
  `founder_only` tinyint(1) unsigned NOT NULL DEFAULT '0',
  PRIMARY KEY (`auth_option_id`),
  UNIQUE KEY `auth_option` (`auth_option`)
) ENGINE=MyISAM AUTO_INCREMENT=118 DEFAULT CHARSET=utf8 COLLATE=utf8_bin;

INSERT INTO phpbb_acl_options (auth_option_id, auth_option, is_global, is_local, founder_only) VALUES (1, 'f_', 0, 1, 0),(2, 'f_announce', 0, 1, 0),(3, 'f_attach', 0, 1, 0),(4, 'f_bbcode', 0, 1, 0),(5, 'f_bump', 0, 1, 0),(6, 'f_delete', 0, 1, 0),(7, 'f_download', 0, 1, 0),(8, 'f_edit', 0, 1, 0),(9, 'f_email', 0, 1, 0),(10, 'f_flash', 0, 1, 0),(11, 'f_icons', 0, 1, 0),(12, 'f_ignoreflood', 0, 1, 0),(13, 'f_img', 0, 1, 0),(14, 'f_list', 0, 1, 0),(15, 'f_noapprove', 0, 1, 0),(16, 'f_poll', 0, 1, 0),(17, 'f_post', 0, 1, 0),(18, 'f_postcount', 0, 1, 0),(19, 'f_print', 0, 1, 0),(20, 'f_read', 0, 1, 0),(21, 'f_reply', 0, 1, 0),(22, 'f_report', 0, 1, 0),(23, 'f_search', 0, 1, 0),(24, 'f_sigs', 0, 1, 0),(25, 'f_smilies', 0, 1, 0),(26, 'f_sticky', 0, 1, 0),(27, 'f_subscribe', 0, 1, 0),(28, 'f_user_lock', 0, 1, 0),(29, 'f_vote', 0, 1, 0),(30, 'f_votechg', 0, 1, 0),(31, 'm_', 1, 1, 0),(32, 'm_approve', 1, 1, 0),(33, 'm_chgposter', 1, 1, 0),(34, 'm_delete', 1, 1, 0),(35, 'm_edit', 1, 1, 0),(36, 'm_info', 1, 1, 0),(37, 'm_lock', 1, 1, 0),(38, 'm_merge', 1, 1, 0),(39, 'm_move', 1, 1, 0),(40, 'm_report', 1, 1, 0),(41, 'm_split', 1, 1, 0),(42, 'm_ban', 1, 0, 0),(43, 'm_warn', 1, 0, 0),(44, 'a_', 1, 0, 0),(45, 'a_aauth', 1, 0, 0),(46, 'a_attach', 1, 0, 0),(47, 'a_authgroups', 1, 0, 0),(48, 'a_authusers', 1, 0, 0),(49, 'a_backup', 1, 0, 0),(50, 'a_ban', 1, 0, 0),(51, 'a_bbcode', 1, 0, 0),(52, 'a_board', 1, 0, 0),(53, 'a_bots', 1, 0, 0),(54, 'a_clearlogs', 1, 0, 0),(55, 'a_email', 1, 0, 0),(56, 'a_fauth', 1, 0, 0),(57, 'a_forum', 1, 0, 0),(58, 'a_forumadd', 1, 0, 0),(59, 'a_forumdel', 1, 0, 0),(60, 'a_group', 1, 0, 0),(61, 'a_groupadd', 1, 0, 0),(62, 'a_groupdel', 1, 0, 0),(63, 'a_icons', 1, 0, 0),(64, 'a_jabber', 1, 0, 0),(65, 'a_language', 1, 0, 0),(66, 'a_mauth', 1, 0, 0),(67, 'a_modules', 1, 0, 0),(68, 'a_names', 1, 0, 0),(69, 'a_phpinfo', 1, 0, 0),(70, 'a_profile', 1, 0, 0),(71, 'a_prune', 1, 0, 0),(72, 'a_ranks', 1, 0, 0),(73, 'a_reasons', 1, 0, 0),(74, 'a_roles', 1, 0, 0),(75, 'a_search', 1, 0, 0),(76, 'a_server', 1, 0, 0),(77, 'a_styles', 1, 0, 0),(78, 'a_switchperm', 1, 0, 0),(79, 'a_uauth', 1, 0, 0),(80, 'a_user', 1, 0, 0),(81, 'a_userdel', 1, 0, 0),(82, 'a_viewauth', 1, 0, 0),(83, 'a_viewlogs', 1, 0, 0),(84, 'a_words', 1, 0, 0),(85, 'u_', 1, 0, 0),(86, 'u_attach', 1, 0, 0),(87, 'u_chgavatar', 1, 0, 0),(88, 'u_chgcensors', 1, 0, 0),(89, 'u_chgemail', 1, 0, 0),(90, 'u_chggrp', 1, 0, 0),(91, 'u_chgname', 1, 0, 0),(92, 'u_chgpasswd', 1, 0, 0),(93, 'u_download', 1, 0, 0),(94, 'u_hideonline', 1, 0, 0),(95, 'u_ignoreflood', 1, 0, 0),(96, 'u_masspm', 1, 0, 0),(97, 'u_masspm_group', 1, 0, 0),(98, 'u_pm_attach', 1, 0, 0),(99, 'u_pm_bbcode', 1, 0, 0),(100, 'u_pm_delete', 1, 0, 0),(101, 'u_pm_download', 1, 0, 0),(102, 'u_pm_edit', 1, 0, 0),(103, 'u_pm_emailpm', 1, 0, 0),(104, 'u_pm_flash', 1, 0, 0),(105, 'u_pm_forward', 1, 0, 0),(106, 'u_pm_img', 1, 0, 0),(107, 'u_pm_printpm', 1, 0, 0),(108, 'u_pm_smilies', 1, 0, 0),(109, 'u_readpm', 1, 0, 0),(110, 'u_savedrafts', 1, 0, 0),(111, 'u_search', 1, 0, 0),(112, 'u_sendemail', 1, 0, 0),(113, 'u_sendim', 1, 0, 0),(114, 'u_sendpm', 1, 0, 0),(115, 'u_sig', 1, 0, 0),(116, 'u_viewonline', 1, 0, 0),(117, 'u_viewprofile', 1, 0, 0);

# Table: phpbb_acl_roles
DROP TABLE IF EXISTS phpbb_acl_roles;
CREATE TABLE `phpbb_acl_roles` (
  `role_id` mediumint(8) unsigned NOT NULL AUTO_INCREMENT,
  `role_name` varchar(255) COLLATE utf8_bin NOT NULL DEFAULT '',
  `role_description` text COLLATE utf8_bin NOT NULL,
  `role_type` varchar(10) COLLATE utf8_bin NOT NULL DEFAULT '',
  `role_order` smallint(4) unsigned NOT NULL DEFAULT '0',
  PRIMARY KEY (`role_id`),
  KEY `role_type` (`role_type`),
  KEY `role_order` (`role_order`)
) ENGINE=MyISAM AUTO_INCREMENT=25 DEFAULT CHARSET=utf8 COLLATE=utf8_bin;

INSERT INTO phpbb_acl_roles (role_id, role_name, role_description, role_type, role_order) VALUES (1, 'ROLE_ADMIN_STANDARD', 'ROLE_DESCRIPTION_ADMIN_STANDARD', 'a_', 1),(2, 'ROLE_ADMIN_FORUM', 'ROLE_DESCRIPTION_ADMIN_FORUM', 'a_', 3),(3, 'ROLE_ADMIN_USERGROUP', 'ROLE_DESCRIPTION_ADMIN_USERGROUP', 'a_', 4),(4, 'ROLE_ADMIN_FULL', 'ROLE_DESCRIPTION_ADMIN_FULL', 'a_', 2),(5, 'ROLE_USER_FULL', 'ROLE_DESCRIPTION_USER_FULL', 'u_', 3),(6, 'ROLE_USER_STANDARD', 'ROLE_DESCRIPTION_USER_STANDARD', 'u_', 1),(7, 'ROLE_USER_LIMITED', 'ROLE_DESCRIPTION_USER_LIMITED', 'u_', 2),(8, 'ROLE_USER_NOPM', 'ROLE_DESCRIPTION_USER_NOPM', 'u_', 4),(9, 'ROLE_USER_NOAVATAR', 'ROLE_DESCRIPTION_USER_NOAVATAR', 'u_', 5),(10, 'ROLE_MOD_FULL', 'ROLE_DESCRIPTION_MOD_FULL', 'm_', 3),(11, 'ROLE_MOD_STANDARD', 'ROLE_DESCRIPTION_MOD_STANDARD', 'm_', 1),(12, 'ROLE_MOD_SIMPLE', 'ROLE_DESCRIPTION_MOD_SIMPLE', 'm_', 2),(13, 'ROLE_MOD_QUEUE', 'ROLE_DESCRIPTION_MOD_QUEUE', 'm_', 4),(14, 'ROLE_FORUM_FULL', 'ROLE_DESCRIPTION_FORUM_FULL', 'f_', 7),(15, 'ROLE_FORUM_STANDARD', 'ROLE_DESCRIPTION_FORUM_STANDARD', 'f_', 5),(16, 'ROLE_FORUM_NOACCESS', 'ROLE_DESCRIPTION_FORUM_NOACCESS', 'f_', 1),(17, 'ROLE_FORUM_READONLY', 'ROLE_DESCRIPTION_FORUM_READONLY', 'f_', 2),(18, 'ROLE_FORUM_LIMITED', 'ROLE_DESCRIPTION_FORUM_LIMITED', 'f_', 3),(19, 'ROLE_FORUM_BOT', 'ROLE_DESCRIPTION_FORUM_BOT', 'f_', 9),(20, 'ROLE_FORUM_ONQUEUE', 'ROLE_DESCRIPTION_FORUM_ONQUEUE', 'f_', 8),(21, 'ROLE_FORUM_POLLS', 'ROLE_DESCRIPTION_FORUM_POLLS', 'f_', 6),(22, 'ROLE_FORUM_LIMITED_POLLS', 'ROLE_DESCRIPTION_FORUM_LIMITED_POLLS', 'f_', 4),(23, 'ROLE_USER_NEW_MEMBER', 'ROLE_DESCRIPTION_USER_NEW_MEMBER', 'u_', 6),(24, 'ROLE_FORUM_NEW_MEMBER', 'ROLE_DESCRIPTION_FORUM_NEW_MEMBER', 'f_', 10);

# Table: phpbb_acl_roles_data
DROP TABLE IF EXISTS phpbb_acl_roles_data;
CREATE TABLE `phpbb_acl_roles_data` (
  `role_id` mediumint(8) unsigned NOT NULL DEFAULT '0',
  `auth_option_id` mediumint(8) unsigned NOT NULL DEFAULT '0',
  `auth_setting` tinyint(2) NOT NULL DEFAULT '0',
  PRIMARY KEY (`role_id`,`auth_option_id`),
  KEY `ath_op_id` (`auth_option_id`)
) ENGINE=MyISAM DEFAULT CHARSET=utf8 COLLATE=utf8_bin;

INSERT INTO phpbb_acl_roles_data (role_id, auth_option_id, auth_setting) VALUES (1, 44, 1),(1, 46, 1),(1, 47, 1),(1, 48, 1),(1, 50, 1),(1, 51, 1),(1, 52, 1),(1, 56, 1),(1, 57, 1),(1, 58, 1),(1, 59, 1),(1, 60, 1),(1, 61, 1),(1, 62, 1),(1, 63, 1),(1, 66, 1),(1, 68, 1),(1, 70, 1),(1, 71, 1),(1, 72, 1),(1, 73, 1),(1, 79, 1),(1, 80, 1),(1, 81, 1),(1, 82, 1),(1, 83, 1),(1, 84, 1),(2, 44, 1),(2, 47, 1),(2, 48, 1),(2, 56, 1),(2, 57, 1),(2, 58, 1),(2, 59, 1),(2, 66, 1),(2, 71, 1),(2, 79, 1),(2, 82, 1),(2, 83, 1),(3, 44, 1),(3, 47, 1),(3, 48, 1),(3, 50, 1),(3, 60, 1),(3, 61, 1),(3, 62, 1),(3, 72, 1),(3, 79, 1),(3, 80, 1),(3, 82, 1),(3, 83, 1),(4, 44, 1),(4, 45, 1),(4, 46, 1),(4, 47, 1),(4, 48, 1),(4, 49, 1),(4, 50, 1),(4, 51, 1),(4, 52, 1),(4, 53, 1),(4, 54, 1),(4, 55, 1),(4, 56, 1),(4, 57, 1),(4, 58, 1),(4, 59, 1),(4, 60, 1),(4, 61, 1),(4, 62, 1),(4, 63, 1),(4, 64, 1),(4, 65, 1),(4, 66, 1),(4, 67, 1),(4, 68, 1),(4, 69, 1),(4, 70, 1),(4, 71, 1),(4, 72, 1),(4, 73, 1),(4, 74, 1),(4, 75, 1),(4, 76, 1),(4, 77, 1),(4, 78, 1),(4, 79, 1),(4, 80, 1),(4, 81, 1),(4, 82, 1),(4, 83, 1),(4, 84, 1),(5, 85, 1),(5, 86, 1),(5, 87, 1),(5, 88, 1),(5, 89, 1),(5, 90, 1),(5, 91, 1),(5, 92, 1),(5, 93, 1),(5, 94, 1),(5, 95, 1),(5, 96, 1),(5, 97, 1),(5, 98, 1),(5, 99, 1),(5, 100, 1),(5, 101, 1),(5, 102, 1),(5, 103, 1),(5, 104, 1),(5, 105, 1),(5, 106, 1),(5, 107, 1),(5, 108, 1),(5, 109, 1),(5, 110, 1),(5, 111, 1),(5, 112, 1),(5, 113, 1),(5, 114, 1),(5, 115, 1),(5, 116, 1),(5, 117, 1),(6, 85, 1),(6, 86, 1),(6, 87, 1),(6, 88, 1),(6, 89, 1),(6, 92, 1),(6, 93, 1),(6, 94, 1),(6, 96, 1),(6, 97, 1),(6, 98, 1),(6, 99, 1),(6, 100, 1),(6, 101, 1),(6, 102, 1),(6, 103, 1),(6, 106, 1),(6, 107, 1),(6, 108, 1),(6, 109, 1),(6, 110, 1),(6, 111, 1),(6, 112, 1),(6, 113, 1),(6, 114, 1),(6, 115, 1),(6, 117, 1),(7, 85, 1),(7, 87, 1),(7, 88, 1),(7, 89, 1),(7, 92, 1),(7, 93, 1),(7, 94, 1),(7, 99, 1),(7, 100, 1),(7, 101, 1),(7, 102, 1),(7, 105, 1),(7, 106, 1),(7, 107, 1),(7, 108, 1),(7, 109, 1),(7, 114, 1),(7, 115, 1),(7, 117, 1),(8, 85, 1),(8, 87, 1),(8, 88, 1),(8, 89, 1),(8, 92, 1),(8, 93, 1),(8, 94, 1),(8, 115, 1),(8, 117, 1),(8, 96, 0),(8, 97, 0),(8, 109, 0),(8, 114, 0),(9, 85, 1),(9, 88, 1),(9, 89, 1),(9, 92, 1),(9, 93, 1),(9, 94, 1),(9, 99, 1),(9, 100, 1),(9, 101, 1),(9, 102, 1),(9, 105, 1),(9, 106, 1),(9, 107, 1),(9, 108, 1),(9, 109, 1),(9, 114, 1),(9, 115, 1),(9, 117, 1),(9, 87, 0),(10, 31, 1),(10, 32, 1),(10, 42, 1),(10, 33, 1),(10, 34, 1),(10, 35, 1),(10, 36, 1),(10, 37, 1),(10, 38, 1),(10, 39, 1),(10, 40, 1),(10, 41, 1),(10, 43, 1),(11, 31, 1),(11, 32, 1),(11, 34, 1),(11, 35, 1),(11, 36, 1),(11, 37, 1),(11, 38, 1),(11, 39, 1),(11, 40, 1),(11, 41, 1),(11, 43, 1),(12, 31, 1),(12, 34, 1),(12, 35, 1),(12, 36, 1),(12, 40, 1),(13, 31, 1),(13, 32, 1),(13, 35, 1),(14, 1, 1),(14, 2, 1),(14, 3, 1),(14, 4, 1),(14, 5, 1),(14, 6, 1),(14, 7, 1),(14, 8, 1),(14, 9, 1),(14, 10, 1),(14, 11, 1),(14, 12, 1),(14, 13, 1),(14, 14, 1),(14, 15, 1),(14, 16, 1),(14, 17, 1),(14, 18, 1),(14, 19, 1),(14, 20, 1),(14, 21, 1),(14, 22, 1),(14, 23, 1),(14, 24, 1),(14, 25, 1),(14, 26, 1),(14, 27, 1),(14, 28, 1),(14, 29, 1),(14, 30, 1),(15, 1, 1),(15, 3, 1),(15, 4, 1),(15, 5, 1),(15, 6, 1),(15, 7, 1),(15, 8, 1),(15, 9, 1),(15, 11, 1),(15, 13, 1),(15, 14, 1),(15, 15, 1),(15, 17, 1),(15, 18, 1),(15, 19, 1),(15, 20, 1),(15, 21, 1),(15, 22, 1),(15, 23, 1),(15, 24, 1),(15, 25, 1),(15, 27, 1),(15, 29, 1),(15, 30, 1),(16, 1, 0),(17, 1, 1),(17, 7, 1),(17, 14, 1),(17, 19, 1),(17, 20, 1),(17, 23, 1),(17, 27, 1),(18, 1, 1),(18, 4, 1),(18, 7, 1),(18, 8, 1),(18, 9, 1),(18, 13, 1),(18, 14, 1),(18, 15, 1),(18, 17, 1),(18, 18, 1),(18, 19, 1),(18, 20, 1),(18, 21, 1),(18, 22, 1),(18, 23, 1),(18, 24, 1),(18, 25, 1),(18, 27, 1),(18, 29, 1),(19, 1, 1),(19, 7, 1),(19, 14, 1),(19, 19, 1),(19, 20, 1),(20, 1, 1),(20, 3, 1),(20, 4, 1),(20, 7, 1),(20, 8, 1),(20, 9, 1),(20, 13, 1),(20, 14, 1),(20, 17, 1),(20, 18, 1),(20, 19, 1),(20, 20, 1),(20, 21, 1),(20, 22, 1),(20, 23, 1),(20, 24, 1),(20, 25, 1),(20, 27, 1),(20, 29, 1),(20, 15, 0),(21, 1, 1),(21, 3, 1),(21, 4, 1),(21, 5, 1),(21, 6, 1),(21, 7, 1),(21, 8, 1),(21, 9, 1),(21, 11, 1),(21, 13, 1),(21, 14, 1),(21, 15, 1),(21, 16, 1),(21, 17, 1),(21, 18, 1),(21, 19, 1),(21, 20, 1),(21, 21, 1),(21, 22, 1),(21, 23, 1),(21, 24, 1),(21, 25, 1),(21, 27, 1),(21, 29, 1),(21, 30, 1),(22, 1, 1),(22, 4, 1),(22, 7, 1),(22, 8, 1),(22, 9, 1),(22, 13, 1),(22, 14, 1),(22, 15, 1),(22, 16, 1),(22, 17, 1),(22, 18, 1),(22, 19, 1),(22, 20, 1),(22, 21, 1),(22, 22, 1),(22, 23, 1),(22, 24, 1),(22, 25, 1),(22, 27, 1),(22, 29, 1),(23, 96, 0),(23, 97, 0),(23, 114, 0),(24, 15, 0);

# Table: phpbb_acl_users
DROP TABLE IF EXISTS phpbb_acl_users;
CREATE TABLE `phpbb_acl_users` (
  `user_id` mediumint(8) unsigned NOT NULL DEFAULT '0',
  `forum_id` mediumint(8) unsigned NOT NULL DEFAULT '0',
  `auth_option_id` mediumint(8) unsigned NOT NULL DEFAULT '0',
  `auth_role_id` mediumint(8) unsigned NOT NULL DEFAULT '0',
  `auth_setting` tinyint(2) NOT NULL DEFAULT '0',
  KEY `user_id` (`user_id`),
  KEY `auth_option_id` (`auth_option_id`),
  KEY `auth_role_id` (`auth_role_id`)
) ENGINE=MyISAM DEFAULT CHARSET=utf8 COLLATE=utf8_bin;

INSERT INTO phpbb_acl_users (user_id, forum_id, auth_option_id, auth_role_id, auth_setting) VALUES (2, 0, 0, 5, 0);

# Table: phpbb_attachments
DROP TABLE IF EXISTS phpbb_attachments;
CREATE TABLE `phpbb_attachments` (
  `attach_id` mediumint(8) unsigned NOT NULL AUTO_INCREMENT,
  `post_msg_id` mediumint(8) unsigned NOT NULL DEFAULT '0',
  `topic_id` mediumint(8) unsigned NOT NULL DEFAULT '0',
  `in_message` tinyint(1) unsigned NOT NULL DEFAULT '0',
  `poster_id` mediumint(8) unsigned NOT NULL DEFAULT '0',
  `is_orphan` tinyint(1) unsigned NOT NULL DEFAULT '1',
  `physical_filename` varchar(255) COLLATE utf8_bin NOT NULL DEFAULT '',
  `real_filename` varchar(255) COLLATE utf8_bin NOT NULL DEFAULT '',
  `download_count` mediumint(8) unsigned NOT NULL DEFAULT '0',
  `attach_comment` text COLLATE utf8_bin NOT NULL,
  `extension` varchar(100) COLLATE utf8_bin NOT NULL DEFAULT '',
  `mimetype` varchar(100) COLLATE utf8_bin NOT NULL DEFAULT '',
  `filesize` int(20) unsigned NOT NULL DEFAULT '0',
  `filetime` int(11) unsigned NOT NULL DEFAULT '0',
  `thumbnail` tinyint(1) unsigned NOT NULL DEFAULT '0',
  PRIMARY KEY (`attach_id`),
  KEY `filetime` (`filetime`),
  KEY `post_msg_id` (`post_msg_id`),
  KEY `topic_id` (`topic_id`),
  KEY `poster_id` (`poster_id`),
  KEY `is_orphan` (`is_orphan`)
) ENGINE=MyISAM DEFAULT CHARSET=utf8 COLLATE=utf8_bin;

# Table: phpbb_banlist
DROP TABLE IF EXISTS phpbb_banlist;
CREATE TABLE `phpbb_banlist` (
  `ban_id` mediumint(8) unsigned NOT NULL AUTO_INCREMENT,
  `ban_userid` mediumint(8) unsigned NOT NULL DEFAULT '0',
  `ban_ip` varchar(40) COLLATE utf8_bin NOT NULL DEFAULT '',
  `ban_email` varchar(100) COLLATE utf8_bin NOT NULL DEFAULT '',
  `ban_start` int(11) unsigned NOT NULL DEFAULT '0',
  `ban_end` int(11) unsigned NOT NULL DEFAULT '0',
  `ban_exclude` tinyint(1) unsigned NOT NULL DEFAULT '0',
  `ban_reason` varchar(255) COLLATE utf8_bin NOT NULL DEFAULT '',
  `ban_give_reason` varchar(255) COLLATE utf8_bin NOT NULL DEFAULT '',
  PRIMARY KEY (`ban_id`),
  KEY `ban_end` (`ban_end`),
  KEY `ban_user` (`ban_userid`,`ban_exclude`),
  KEY `ban_email` (`ban_email`,`ban_exclude`),
  KEY `ban_ip` (`ban_ip`,`ban_exclude`)
) ENGINE=MyISAM DEFAULT CHARSET=utf8 COLLATE=utf8_bin;

# Table: phpbb_bbcodes
DROP TABLE IF EXISTS phpbb_bbcodes;
CREATE TABLE `phpbb_bbcodes` (
  `bbcode_id` smallint(4) unsigned NOT NULL DEFAULT '0',
  `bbcode_tag` varchar(16) COLLATE utf8_bin NOT NULL DEFAULT '',
  `bbcode_helpline` varchar(255) COLLATE utf8_bin NOT NULL DEFAULT '',
  `display_on_posting` tinyint(1) unsigned NOT NULL DEFAULT '0',
  `bbcode_match` text COLLATE utf8_bin NOT NULL,
  `bbcode_tpl` mediumtext COLLATE utf8_bin NOT NULL,
  `first_pass_match` mediumtext COLLATE utf8_bin NOT NULL,
  `first_pass_replace` mediumtext COLLATE utf8_bin NOT NULL,
  `second_pass_match` mediumtext COLLATE utf8_bin NOT NULL,
  `second_pass_replace` mediumtext COLLATE utf8_bin NOT NULL,
  PRIMARY KEY (`bbcode_id`),
  KEY `display_on_post` (`display_on_posting`)
) ENGINE=MyISAM DEFAULT CHARSET=utf8 COLLATE=utf8_bin;

# Table: phpbb_bookmarks
DROP TABLE IF EXISTS phpbb_bookmarks;
CREATE TABLE `phpbb_bookmarks` (
  `topic_id` mediumint(8) unsigned NOT NULL DEFAULT '0',
  `user_id` mediumint(8) unsigned NOT NULL DEFAULT '0',
  PRIMARY KEY (`topic_id`,`user_id`)
) ENGINE=MyISAM DEFAULT CHARSET=utf8 COLLATE=utf8_bin;

# Table: phpbb_bots
DROP TABLE IF EXISTS phpbb_bots;
CREATE TABLE `phpbb_bots` (
  `bot_id` mediumint(8) unsigned NOT NULL AUTO_INCREMENT,
  `bot_active` tinyint(1) unsigned NOT NULL DEFAULT '1',
  `bot_name` varchar(255) COLLATE utf8_bin NOT NULL DEFAULT '',
  `user_id` mediumint(8) unsigned NOT NULL DEFAULT '0',
  `bot_agent` varchar(255) COLLATE utf8_bin NOT NULL DEFAULT '',
  `bot_ip` varchar(255) COLLATE utf8_bin NOT NULL DEFAULT '',
  PRIMARY KEY (`bot_id`),
  KEY `bot_active` (`bot_active`)
) ENGINE=MyISAM AUTO_INCREMENT=52 DEFAULT CHARSET=utf8 COLLATE=utf8_bin;

INSERT INTO phpbb_bots (bot_id, bot_active, bot_name, user_id, bot_agent, bot_ip) VALUES (1, 1, 'AdsBot [Google]', 3, 'AdsBot-Google', ''),(2, 1, 'Alexa [Bot]', 4, 'ia_archiver', ''),(3, 1, 'Alta Vista [Bot]', 5, 'Scooter/', ''),(4, 1, 'Ask Jeeves [Bot]', 6, 'Ask Jeeves', ''),(5, 1, 'Baidu [Spider]', 7, 'Baiduspider+(', ''),(6, 1, 'Bing [Bot]', 8, 'bingbot/', ''),(7, 1, 'Exabot [Bot]', 9, 'Exabot/', ''),(8, 1, 'FAST Enterprise [Crawler]', 10, 'FAST Enterprise Crawler', ''),(9, 1, 'FAST WebCrawler [Crawler]', 11, 'FAST-WebCrawler/', ''),(10, 1, 'Francis [Bot]', 12, 'http://www.neomo.de/', ''),(11, 1, 'Gigabot [Bot]', 13, 'Gigabot/', ''),(12, 1, 'Google Adsense [Bot]', 14, 'Mediapartners-Google', ''),(13, 1, 'Google Desktop', 15, 'Google Desktop', ''),(14, 1, 'Google Feedfetcher', 16, 'Feedfetcher-Google', ''),(15, 1, 'Google [Bot]', 17, 'Googlebot', ''),(16, 1, 'Heise IT-Markt [Crawler]', 18, 'heise-IT-Markt-Crawler', ''),(17, 1, 'Heritrix [Crawler]', 19, 'heritrix/1.', ''),(18, 1, 'IBM Research [Bot]', 20, 'ibm.com/cs/crawler', ''),(19, 1, 'ICCrawler - ICjobs', 21, 'ICCrawler - ICjobs', ''),(20, 1, 'ichiro [Crawler]', 22, 'ichiro/', ''),(21, 1, 'Majestic-12 [Bot]', 23, 'MJ12bot/', ''),(22, 1, 'Metager [Bot]', 24, 'MetagerBot/', ''),(23, 1, 'MSN NewsBlogs', 25, 'msnbot-NewsBlogs/', ''),(24, 1, 'MSN [Bot]', 26, 'msnbot/', ''),(25, 1, 'MSNbot Media', 27, 'msnbot-media/', ''),(26, 1, 'NG-Search [Bot]', 28, 'NG-Search/', ''),(27, 1, 'Nutch [Bot]', 29, 'http://lucene.apache.org/nutch/', ''),(28, 1, 'Nutch/CVS [Bot]', 30, 'NutchCVS/', ''),(29, 1, 'OmniExplorer [Bot]', 31, 'OmniExplorer_Bot/', ''),(30, 1, 'Online link [Validator]', 32, 'online link validator', ''),(31, 1, 'psbot [Picsearch]', 33, 'psbot/0', ''),(32, 1, 'Seekport [Bot]', 34, 'Seekbot/', ''),(33, 1, 'Sensis [Crawler]', 35, 'Sensis Web Crawler', ''),(34, 1, 'SEO Crawler', 36, 'SEO search Crawler/', ''),(35, 1, 'Seoma [Crawler]', 37, 'Seoma [SEO Crawler]', ''),(36, 1, 'SEOSearch [Crawler]', 38, 'SEOsearch/', ''),(37, 1, 'Snappy [Bot]', 39, 'Snappy/1.1 ( http://www.urltrends.com/ )', ''),(38, 1, 'Steeler [Crawler]', 40, 'http://www.tkl.iis.u-tokyo.ac.jp/~crawler/', ''),(39, 1, 'Synoo [Bot]', 41, 'SynooBot/', ''),(40, 1, 'Telekom [Bot]', 42, 'crawleradmin.t-info@telekom.de', ''),(41, 1, 'TurnitinBot [Bot]', 43, 'TurnitinBot/', ''),(42, 1, 'Voyager [Bot]', 44, 'voyager/1.0', ''),(43, 1, 'W3 [Sitesearch]', 45, 'W3 SiteSearch Crawler', ''),(44, 1, 'W3C [Linkcheck]', 46, 'W3C-checklink/', ''),(45, 1, 'W3C [Validator]', 47, 'W3C_*Validator', ''),(46, 1, 'WiseNut [Bot]', 48, 'http://www.WISEnutbot.com', ''),(47, 1, 'YaCy [Bot]', 49, 'yacybot', ''),(48, 1, 'Yahoo MMCrawler [Bot]', 50, 'Yahoo-MMCrawler/', ''),(49, 1, 'Yahoo Slurp [Bot]', 51, 'Yahoo! DE Slurp', ''),(50, 1, 'Yahoo [Bot]', 52, 'Yahoo! Slurp', ''),(51, 1, 'YahooSeeker [Bot]', 53, 'YahooSeeker/', '');

# Table: phpbb_config
DROP TABLE IF EXISTS phpbb_config;
CREATE TABLE `phpbb_config` (
  `config_name` varchar(255) COLLATE utf8_bin NOT NULL DEFAULT '',
  `config_value` varchar(255) COLLATE utf8_bin NOT NULL DEFAULT '',
  `is_dynamic` tinyint(1) unsigned NOT NULL DEFAULT '0',
  PRIMARY KEY (`config_name`),
  KEY `is_dynamic` (`is_dynamic`)
) ENGINE=MyISAM DEFAULT CHARSET=utf8 COLLATE=utf8_bin;

INSERT INTO phpbb_config (config_name, config_value, is_dynamic) VALUES ('active_sessions', '0', 0),('allow_attachments', '1', 0),('allow_autologin', '1', 0),('allow_avatar', '1', 0),('allow_avatar_local', '0', 0),('allow_avatar_remote', '1', 0),('allow_avatar_upload', '1', 0),('allow_avatar_remote_upload', '1', 0),('allow_bbcode', '1', 0),('allow_birthdays', '1', 0),('allow_bookmarks', '1', 0),('allow_emailreuse', '0', 0),('allow_forum_notify', '1', 0),('allow_mass_pm', '1', 0),('allow_name_chars', 'USERNAME_LETTER_NUM_SPACERS', 0),('allow_namechange', '0', 0),('allow_nocensors', '0', 0),('allow_pm_attach', '0', 0),('allow_pm_report', '1', 0),('allow_post_flash', '1', 0),('allow_post_links', '1', 0),('allow_privmsg', '1', 0),('allow_quick_reply', '1', 0),('allow_sig', '1', 0),('allow_sig_bbcode', '1', 0),('allow_sig_flash', '0', 0),('allow_sig_img', '1', 0),('allow_sig_links', '1', 0),('allow_sig_pm', '1', 0),('allow_sig_smilies', '1', 0),('allow_smilies', '1', 0),('allow_topic_notify', '1', 0),('attachment_quota', '52428800', 0),('auth_bbcode_pm', '1', 0),('auth_flash_pm', '0', 0),('auth_img_pm', '1', 0),('auth_method', 'db', 0),('auth_smilies_pm', '1', 0),('avatar_filesize', '10485760', 0),('avatar_gallery_path', 'images/avatars/gallery', 0),('avatar_max_height', '120', 0),('avatar_max_width', '120', 0),('avatar_min_height', '20', 0),('avatar_min_width', '20', 0),('avatar_path', 'images/avatars/upload', 0),('avatar_salt', '95dabcee14d99a627066f3eecccbd0e3', 0),('board_contact', 'jade@crimson-alliance.com', 0),('board_disable', '0', 0),('board_disable_msg', '', 0),('board_dst', '0', 0),('board_email', 'jade@crimson-alliance.com', 0),('board_email_form', '1', 0),('board_email_sig', 'Crimson-Alliance.com', 0),('board_hide_emails', '1', 0),('board_timezone', '0', 0),('browser_check', '1', 0),('bump_interval', '10', 0),('bump_type', 'd', 0),('cache_gc', '7200', 0),('captcha_plugin', 'phpbb_recaptcha', 0),('captcha_gd', '1', 0),('captcha_gd_foreground_noise', '0', 0),('captcha_gd_x_grid', '25', 0),('captcha_gd_y_grid', '25', 0),('captcha_gd_wave', '0', 0),('captcha_gd_3d_noise', '1', 0),('captcha_gd_fonts', '1', 0),('confirm_refresh', '1', 0),('check_attachment_content', '1', 0),('check_dnsbl', '0', 0),('chg_passforce', '0', 0),('cookie_domain', 'crimson-alliance.com', 0),('cookie_name', 'phpbb3_gazoo', 0),('cookie_path', '/', 0),('cookie_secure', '0', 0),('coppa_enable', '0', 0),('coppa_fax', '', 0),('coppa_mail', '', 0),('database_gc', '604800', 0),('dbms_version', '5.0.96-log', 0),('default_dateformat', 'd-m-Y H:i:s', 0),('default_style', '12', 0),('display_last_edited', '1', 0),('display_order', '0', 0),('edit_time', '0', 0),('delete_time', '0', 0),('email_check_mx', '1', 0),('email_enable', '1', 0),('email_function_name', 'mail', 0),('email_max_chunk_size', '50', 0),('email_package_size', '0', 0),('enable_confirm', '1', 0),('enable_pm_icons', '1', 0),('enable_post_confirm', '1', 0),('feed_enable', '0', 0),('feed_http_auth', '0', 0),('feed_limit_post', '15', 0),('feed_limit_topic', '10', 0),('feed_overall_forums', '0', 0),('feed_overall', '0', 0),('feed_forum', '0', 0),('feed_topic', '0', 0),('feed_topics_new', '0', 0),('feed_topics_active', '0', 0),('feed_item_statistics', '1', 0),('flood_interval', '15', 0),('force_server_vars', '0', 0),('form_token_lifetime', '7200', 0),('form_token_mintime', '0', 0),('form_token_sid_guests', '1', 0),('forward_pm', '1', 0),('forwarded_for_check', '0', 0),('full_folder_action', '1', 0),('fulltext_mysql_max_word_len', '254', 0),('fulltext_mysql_min_word_len', '4', 0),('fulltext_native_common_thres', '5', 0),('fulltext_native_load_upd', '1', 0),('fulltext_native_max_chars', '14', 0),('fulltext_native_min_chars', '3', 0),('gzip_compress', '1', 0),('hot_threshold', '25', 0),('icons_path', 'images/icons', 0),('img_create_thumbnail', '1', 0),('img_display_inlined', '1', 0),('img_imagick', '/usr/bin/', 0),('img_link_height', '0', 0),('img_link_width', '0', 0),('img_max_height', '0', 0),('img_max_thumb_width', '400', 0),('img_max_width', '0', 0),('img_min_thumb_filesize', '12000', 0),('ip_check', '2', 0),('ip_login_limit_max', '50', 0),('ip_login_limit_time', '21600', 0),('ip_login_limit_use_forwarded', '0', 0),('jab_enable', '0', 0),('jab_host', '', 0),('jab_password', '', 0),('jab_package_size', '20', 0),('jab_port', '5222', 0),('jab_use_ssl', '0', 0),('jab_username', '', 0),('ldap_base_dn', '', 0),('ldap_email', '', 0),('ldap_password', '', 0),('ldap_port', '', 0),('ldap_server', '', 0),('ldap_uid', '', 0),('ldap_user', '', 0),('ldap_user_filter', '', 0),('limit_load', '0', 0),('limit_search_load', '0', 0),('load_anon_lastread', '0', 0),('load_birthdays', '1', 0),('load_cpf_memberlist', '0', 0),('load_cpf_viewprofile', '1', 0),('load_cpf_viewtopic', '0', 0),('load_db_lastread', '1', 0),('load_db_track', '1', 0),('load_jumpbox', '1', 0),('load_moderators', '0', 0),('load_online', '1', 0),('load_online_guests', '1', 0),('load_online_time', '5', 0),('load_onlinetrack', '1', 0),('load_search', '1', 0),('load_tplcompile', '0', 0),('load_unreads_search', '1', 0),('load_user_activity', '1', 0),('max_attachments', '3', 0),('max_attachments_pm', '1', 0),('max_autologin_time', '31', 0),('max_filesize', '262144', 0),('max_filesize_pm', '262144', 0),('max_login_attempts', '3', 0),('max_name_chars', '20', 0),('max_num_search_keywords', '10', 0),('max_pass_chars', '100', 0),('max_poll_options', '10', 0),('max_post_chars', '60000', 0),('max_post_font_size', '200', 0),('max_post_img_height', '0', 0),('max_post_img_width', '0', 0),('max_post_smilies', '0', 0),('max_post_urls', '0', 0),('max_quote_depth', '3', 0),('max_reg_attempts', '5', 0),('max_sig_chars', '255', 0),('max_sig_font_size', '200', 0),('max_sig_img_height', '400', 0),('max_sig_img_width', '1000', 0),('max_sig_smilies', '10', 0),('max_sig_urls', '5', 0),('min_name_chars', '3', 0),('min_pass_chars', '6', 0),('min_post_chars', '1', 0),('min_search_author_chars', '3', 0),('mime_triggers', 'body|head|html|img|plaintext|a href|pre|script|table|title', 0),('new_member_post_limit', '3', 0),('new_member_group_default', '0', 0),('override_user_style', '1', 0),('pass_complex', 'PASS_TYPE_ALPHA', 0),('pm_edit_time', '0', 0),('pm_max_boxes', '4', 0),('pm_max_msgs', '50', 0),('pm_max_recipients', '0', 0),('posts_per_page', '10', 0),('print_pm', '1', 0),('queue_interval', '60', 0),('ranks_path', 'images/ranks', 0),('require_activation', '1', 0),('referer_validation', '1', 0),('script_path', '/forum', 0),('search_block_size', '250', 0),('search_gc', '7200', 0),('search_interval', '0', 0),('search_anonymous_interval', '0', 0),('search_type', 'fulltext_native', 0),('search_store_results', '1800', 0),('secure_allow_deny', '1', 0),('secure_allow_empty_referer', '1', 0),('secure_downloads', '0', 0),('server_name', 'www.crimson-alliance.com', 0),('server_port', '80', 0),('server_protocol', 'http://', 0),('session_gc', '3600', 0),('session_length', '3600', 0),('site_desc', '', 0),('sitename', 'Crimson Crusade Alliance', 0),('smilies_path', 'images/smilies', 0),('smilies_per_page', '50', 0),('smtp_auth_method', 'PLAIN', 0),('smtp_delivery', '0', 0),('smtp_host', '', 0),('smtp_password', '', 0),('smtp_port', '0', 0),('smtp_username', '', 0),('topics_per_page', '25', 0),('tpl_allow_php', '1', 0),('upload_icons_path', 'images/upload_icons', 0),('upload_path', 'files', 0),('version', '3.0.11', 0),('warnings_expire_days', '90', 0),('warnings_gc', '14400', 0),('cache_last_gc', '1375664055', 1),('cron_lock', '0', 1),('database_last_gc', '1375637976', 1),('last_queue_run', '1375023438', 1),('newest_user_colour', '', 1),('newest_user_id', '64', 1),('newest_username', 'Andrania', 1),('num_files', '0', 1),('num_posts', '6', 1),('num_topics', '4', 1),('num_users', '11', 1),('rand_seed', 'f3d498a7cf260711b31859f11208c82e', 1),('rand_seed_last_update', '1375665935', 1),('record_online_date', '1373565409', 1),('record_online_users', '5', 1),('search_indexing_state', '', 1),('search_last_gc', '1375664070', 1),('session_last_gc', '1375662626', 1),('upload_dir_size', '0', 1),('warnings_last_gc', '1375652481', 1),('board_startdate', '1371559657', 0),('default_lang', 'en', 0),('questionnaire_unique_id', '6f88e30b856a182f', 0),('recaptcha_pubkey', '6Lc_G-MSAAAAAATF1w0buXNWaTbjw3mTRi7T3crK', 0),('recaptcha_privkey', '6Lc_G-MSAAAAAJa9IcG54k_CxGkGsSV9Wdoluo3k', 0),('quasar_preset_style', 'style1', 0),('quasar_bg_level', 'high', 0),('quasar_body_level', 'high', 0),('quasar_css_style', 'style1', 0),('quasar_link_color', '#3D9FD0', 0),('quasar_fontface', 'helvetica', 0),('show_jquasaruser', '0', 0),('quasar_menu_position', 'full', 0),('enable_quasar_bottom_modules', '0', 0),('enable_quasar_footer_modules', '0', 0),('show_quasar_colorswitcher', '0', 0),('show_quasar_date', '0', 0),('show_quasar_totop_scroller', '1', 0),('show_quasar_reset', '1', 0),('show_quasar_pathway', '1', 0),('show_quasar_font', '1', 0),('show_quasar_copyright', '0', 0),('enable_quasar_fontspans', '0', 0),('quasar_logo_link', '', 0),('allow_jmenu', '0', 0),('jmenu_path', '', 0),('jmenu_guest_name', '', 0),('jmenu_reg_name', '', 0),('avatar_position', 'left', 0),('enable_rokbb3', '1', 0),('rokbox', '0', 0),('rokbox_theme', '', 0);

# Table: phpbb_confirm
DROP TABLE IF EXISTS phpbb_confirm;
CREATE TABLE `phpbb_confirm` (
  `confirm_id` char(32) COLLATE utf8_bin NOT NULL DEFAULT '',
  `session_id` char(32) COLLATE utf8_bin NOT NULL DEFAULT '',
  `confirm_type` tinyint(3) NOT NULL DEFAULT '0',
  `code` varchar(8) COLLATE utf8_bin NOT NULL DEFAULT '',
  `seed` int(10) unsigned NOT NULL DEFAULT '0',
  `attempts` mediumint(8) unsigned NOT NULL DEFAULT '0',
  PRIMARY KEY (`session_id`,`confirm_id`),
  KEY `confirm_type` (`confirm_type`)
) ENGINE=MyISAM DEFAULT CHARSET=utf8 COLLATE=utf8_bin;

INSERT INTO phpbb_confirm (confirm_id, session_id, confirm_type, code, seed, attempts) VALUES ('7ae1e9d6d95b60853c78920c22412152', '06cb4a4a78e98fe6f4641493ec572ba3', 3, '5IMXSZL', 388618823, 0),('44d451345630e4e098da58aafee7a5f7', 'b5462cc41b6ea64d2edaca54256234f5', 1, '411Z', 719030631, 3),('104e323d3cb9153c68c2a8654a378185', '4cc84312c94e2f83d43b825674691caf', 3, '4MZ5', 686457186, 0),('5fe794433906d868db1c7a8849b2c23c', '4cc84312c94e2f83d43b825674691caf', 3, '2FX3P', 1782041007, 0),('1a7408af0c22a17bd7fa2ec4f00dfe4f', '4cc84312c94e2f83d43b825674691caf', 3, '2N9N', 2137878325, 0),('b759c8cfc16ad9bab327362c92e4516e', '4cc84312c94e2f83d43b825674691caf', 3, '6BBL8ER', 2122200527, 0),('4f66870119476d5a33e6d20e8cd94e3b', '4cc84312c94e2f83d43b825674691caf', 3, '2D8E', 1248568735, 0),('140ef08ccb751f87131dd161851621ef', '4cc84312c94e2f83d43b825674691caf', 3, '4UXV', 2122884774, 0),('ead4c678e01615942bb6ce4c1b6a9ca1', '4cc84312c94e2f83d43b825674691caf', 3, '3X49Z9G', 1435678080, 0),('ea39dd644b5aa0659a077c5ad81f2228', '4cc84312c94e2f83d43b825674691caf', 3, '1Y87NB', 2110337056, 0),('9992dee38a66f6ad1507de34eb036ef4', 'fd1b115076a71d96319aa5bed6ca6605', 1, '2XG8SH', 791391383, 3),('b2c3bd01cce2dfcb4f5c2338079332de', '660eaa0eecfcb652100f4d2adfc3bbc3', 1, 'IVFDJN6', 602103276, 1),('daaac698e4fc6e2d28b2b178ba688e6c', '629a320832aa1289a66a4b1fcdc264ae', 1, '3KNXW', 1108281337, 13),('ac475c1b426a2fc155b29a0fd1b6789c', '1a5c966a698bae0db99ca470ee729c12', 3, '11U1KS', 752398617, 0),('1ea9a567af201bc693411380488e7799', '1a5c966a698bae0db99ca470ee729c12', 3, '6ZBGH', 481008368, 0),('3cedc6da45c21ad03192cc32df05f769', '1a5c966a698bae0db99ca470ee729c12', 3, '4XUB', 1279296346, 0),('f9380bf4d6cbb7ba27fd74a16d53a1e8', '1a5c966a698bae0db99ca470ee729c12', 3, '4U9UV', 76928229, 0),('6cf50ccdf8d8e4b5e92b1252231b01ad', '1a5c966a698bae0db99ca470ee729c12', 3, '4CSC6', 388254132, 0),('81e78437a4d5c6470ce89f79a39419f9', '1a5c966a698bae0db99ca470ee729c12', 3, '2BSKVNK', 2103638572, 0),('d59948baa26e689deb7f0cb99093fc74', '1a5c966a698bae0db99ca470ee729c12', 3, '5LMIY2', 1864046720, 0),('3b177dad48a70c7e2d0a25cfd514e5b9', '1a5c966a698bae0db99ca470ee729c12', 3, '1HLD7', 1119235795, 0),('b3dedec9bb772d9a8263013701559517', '1a5c966a698bae0db99ca470ee729c12', 3, '58GWAB9', 159694703, 0),('9e22e0f74c6b8d5636e9f7d660756eca', '1a5c966a698bae0db99ca470ee729c12', 3, '2KE3L', 2037539976, 0),('3c53deecae12ef90b366364bef026c98', '1a5c966a698bae0db99ca470ee729c12', 3, '6WES', 1317813357, 0),('6f24a4b6e10546002cc67583f0d736e6', '1a5c966a698bae0db99ca470ee729c12', 3, '1R9A', 1941637021, 0),('45b5c1512f9bc9ef40ced337b09cf731', '82bb5df4a07e271c6a5b73c4eab331b2', 1, '5J5FH2', 1586462723, 3),('60c764822cd01c42c68beffb67312f07', '06cb4a4a78e98fe6f4641493ec572ba3', 3, '1KQTN', 363841554, 0),('6f508f0c2406afeccb210a1069749b36', '06cb4a4a78e98fe6f4641493ec572ba3', 3, '1B25P', 1034734787, 0),('0ab5cf9161ab5d6bb3b1f54f86917b11', '06cb4a4a78e98fe6f4641493ec572ba3', 3, '7EJE9', 27382264, 0),('8f1fd39016814f5e579e6ff645d4c86c', '06cb4a4a78e98fe6f4641493ec572ba3', 3, '2J2F', 1221681312, 0),('8bc4040e5ba532cd7af71fa8fc99cc11', 'f27f4f5ec6c5a67d2cde0544737c7cfc', 1, '6Y2ECZH', 1361216449, 25),('f55c32f87ae68da3a20a631bb841adb3', 'dc88bc85921e15fe18089ff72302e2ff', 3, '3FXJ', 2045866023, 0),('337215b76f2a308af57ea9b385f9c640', 'dc88bc85921e15fe18089ff72302e2ff', 3, '5VJG', 512773021, 0),('d3814d525a46f1b03816986687aa2a43', 'dc88bc85921e15fe18089ff72302e2ff', 3, '4EI4', 1113197947, 0),('ebc6a32f399abe5b75ecf25663adc4d6', 'dc88bc85921e15fe18089ff72302e2ff', 3, '3UNY1J7', 107863645, 0),('c16740f6d1958cac115666b354f309e0', '9a114b7823f13de468543439e4923174', 3, '264UZ8A', 228287050, 0),('9af2180ee31bee942a31f751c877f309', '9a114b7823f13de468543439e4923174', 3, '6T7YS', 2025423287, 0),('5254de4276f6ff4cf1f22f397a9caa81', '9a114b7823f13de468543439e4923174', 3, '7KX92', 764349789, 0),('7b5ac9623f62681849caf5daaa4b0d77', 'c065f4726dec9fcad5cc9096f2d8c971', 1, '4QA9CMH', 1600186333, 2),('f1d85a0bbd8d3fad650c24163dc99212', '06cb4a4a78e98fe6f4641493ec572ba3', 3, '6UR6RE', 19783565, 0),('8b2deec90c060ef90573f56a694b2db0', '06cb4a4a78e98fe6f4641493ec572ba3', 3, '2KAVKQ', 1951433297, 0),('1db7c4436a0c68a21be869aaec86b45b', '06cb4a4a78e98fe6f4641493ec572ba3', 3, '7IPG9Z', 324751086, 0),('6a190c942e88dc77cfacb48f1a134fee', '1fc7331f00784943f880fa0af2aebc0a', 3, '2UKK8CW', 511700365, 0),('f2c3f67f0e7a69a930482e4c50b50460', '1fc7331f00784943f880fa0af2aebc0a', 3, '2YANN', 713908651, 0),('7027de68df191aecabaf09adb124f7a5', '1fc7331f00784943f880fa0af2aebc0a', 3, '2CH2SWT', 348369300, 0),('cd8c7608078a8021a2ec5b5a7af8e9da', '1fc7331f00784943f880fa0af2aebc0a', 3, '62P1', 575730376, 0),('44f6209bf334dbc6073a3380345c1e03', '06cb4a4a78e98fe6f4641493ec572ba3', 3, '6D75GE', 1337570947, 0),('6d4860489c0d1e037874901b376708bc', '06cb4a4a78e98fe6f4641493ec572ba3', 3, '3XF51WD', 2048230659, 0),('6813f462973161bab081766258cfa05b', '06cb4a4a78e98fe6f4641493ec572ba3', 3, '7NLCMS', 729638285, 0),('10f45670248a57ee49b867b0d46c28ef', '06cb4a4a78e98fe6f4641493ec572ba3', 3, '11HY', 1660719505, 0);

# Table: phpbb_disallow
DROP TABLE IF EXISTS phpbb_disallow;
CREATE TABLE `phpbb_disallow` (
  `disallow_id` mediumint(8) unsigned NOT NULL AUTO_INCREMENT,
  `disallow_username` varchar(255) COLLATE utf8_bin NOT NULL DEFAULT '',
  PRIMARY KEY (`disallow_id`)
) ENGINE=MyISAM DEFAULT CHARSET=utf8 COLLATE=utf8_bin;

# Table: phpbb_drafts
DROP TABLE IF EXISTS phpbb_drafts;
CREATE TABLE `phpbb_drafts` (
  `draft_id` mediumint(8) unsigned NOT NULL AUTO_INCREMENT,
  `user_id` mediumint(8) unsigned NOT NULL DEFAULT '0',
  `topic_id` mediumint(8) unsigned NOT NULL DEFAULT '0',
  `forum_id` mediumint(8) unsigned NOT NULL DEFAULT '0',
  `save_time` int(11) unsigned NOT NULL DEFAULT '0',
  `draft_subject` varchar(255) COLLATE utf8_bin NOT NULL DEFAULT '',
  `draft_message` mediumtext COLLATE utf8_bin NOT NULL,
  PRIMARY KEY (`draft_id`),
  KEY `save_time` (`save_time`)
) ENGINE=MyISAM DEFAULT CHARSET=utf8 COLLATE=utf8_bin;

# Table: phpbb_extension_groups
DROP TABLE IF EXISTS phpbb_extension_groups;
CREATE TABLE `phpbb_extension_groups` (
  `group_id` mediumint(8) unsigned NOT NULL AUTO_INCREMENT,
  `group_name` varchar(255) COLLATE utf8_bin NOT NULL DEFAULT '',
  `cat_id` tinyint(2) NOT NULL DEFAULT '0',
  `allow_group` tinyint(1) unsigned NOT NULL DEFAULT '0',
  `download_mode` tinyint(1) unsigned NOT NULL DEFAULT '1',
  `upload_icon` varchar(255) COLLATE utf8_bin NOT NULL DEFAULT '',
  `max_filesize` int(20) unsigned NOT NULL DEFAULT '0',
  `allowed_forums` text COLLATE utf8_bin NOT NULL,
  `allow_in_pm` tinyint(1) unsigned NOT NULL DEFAULT '0',
  PRIMARY KEY (`group_id`)
) ENGINE=MyISAM AUTO_INCREMENT=10 DEFAULT CHARSET=utf8 COLLATE=utf8_bin;

INSERT INTO phpbb_extension_groups (group_id, group_name, cat_id, allow_group, download_mode, upload_icon, max_filesize, allowed_forums, allow_in_pm) VALUES (1, 'IMAGES', 1, 1, 1, '', 0, '', 0),(2, 'ARCHIVES', 0, 1, 1, '', 0, '', 0),(3, 'PLAIN_TEXT', 0, 0, 1, '', 0, '', 0),(4, 'DOCUMENTS', 0, 0, 1, '', 0, '', 0),(5, 'REAL_MEDIA', 3, 0, 1, '', 0, '', 0),(6, 'WINDOWS_MEDIA', 2, 0, 1, '', 0, '', 0),(7, 'FLASH_FILES', 5, 0, 1, '', 0, '', 0),(8, 'QUICKTIME_MEDIA', 6, 0, 1, '', 0, '', 0),(9, 'DOWNLOADABLE_FILES', 0, 0, 1, '', 0, '', 0);

# Table: phpbb_extensions
DROP TABLE IF EXISTS phpbb_extensions;
CREATE TABLE `phpbb_extensions` (
  `extension_id` mediumint(8) unsigned NOT NULL AUTO_INCREMENT,
  `group_id` mediumint(8) unsigned NOT NULL DEFAULT '0',
  `extension` varchar(100) COLLATE utf8_bin NOT NULL DEFAULT '',
  PRIMARY KEY (`extension_id`)
) ENGINE=MyISAM AUTO_INCREMENT=67 DEFAULT CHARSET=utf8 COLLATE=utf8_bin;

INSERT INTO phpbb_extensions (extension_id, group_id, extension) VALUES (1, 1, 'gif'),(2, 1, 'png'),(3, 1, 'jpeg'),(4, 1, 'jpg'),(5, 1, 'tif'),(6, 1, 'tiff'),(7, 1, 'tga'),(8, 2, 'gtar'),(9, 2, 'gz'),(10, 2, 'tar'),(11, 2, 'zip'),(12, 2, 'rar'),(13, 2, 'ace'),(14, 2, 'torrent'),(15, 2, 'tgz'),(16, 2, 'bz2'),(17, 2, '7z'),(18, 3, 'txt'),(19, 3, 'c'),(20, 3, 'h'),(21, 3, 'cpp'),(22, 3, 'hpp'),(23, 3, 'diz'),(24, 3, 'csv'),(25, 3, 'ini'),(26, 3, 'log'),(27, 3, 'js'),(28, 3, 'xml'),(29, 4, 'xls'),(30, 4, 'xlsx'),(31, 4, 'xlsm'),(32, 4, 'xlsb'),(33, 4, 'doc'),(34, 4, 'docx'),(35, 4, 'docm'),(36, 4, 'dot'),(37, 4, 'dotx'),(38, 4, 'dotm'),(39, 4, 'pdf'),(40, 4, 'ai'),(41, 4, 'ps'),(42, 4, 'ppt'),(43, 4, 'pptx'),(44, 4, 'pptm'),(45, 4, 'odg'),(46, 4, 'odp'),(47, 4, 'ods'),(48, 4, 'odt'),(49, 4, 'rtf'),(50, 5, 'rm'),(51, 5, 'ram'),(52, 6, 'wma'),(53, 6, 'wmv'),(54, 7, 'swf'),(55, 8, 'mov'),(56, 8, 'm4v'),(57, 8, 'm4a'),(58, 8, 'mp4'),(59, 8, '3gp'),(60, 8, '3g2'),(61, 8, 'qt'),(62, 9, 'mpeg'),(63, 9, 'mpg'),(64, 9, 'mp3'),(65, 9, 'ogg'),(66, 9, 'ogm');

# Table: phpbb_forums
DROP TABLE IF EXISTS phpbb_forums;
CREATE TABLE `phpbb_forums` (
  `forum_id` mediumint(8) unsigned NOT NULL AUTO_INCREMENT,
  `parent_id` mediumint(8) unsigned NOT NULL DEFAULT '0',
  `left_id` mediumint(8) unsigned NOT NULL DEFAULT '0',
  `right_id` mediumint(8) unsigned NOT NULL DEFAULT '0',
  `forum_parents` mediumtext COLLATE utf8_bin NOT NULL,
  `forum_name` varchar(255) COLLATE utf8_bin NOT NULL DEFAULT '',
  `forum_desc` text COLLATE utf8_bin NOT NULL,
  `forum_desc_bitfield` varchar(255) COLLATE utf8_bin NOT NULL DEFAULT '',
  `forum_desc_options` int(11) unsigned NOT NULL DEFAULT '7',
  `forum_desc_uid` varchar(8) COLLATE utf8_bin NOT NULL DEFAULT '',
  `forum_link` varchar(255) COLLATE utf8_bin NOT NULL DEFAULT '',
  `forum_password` varchar(40) COLLATE utf8_bin NOT NULL DEFAULT '',
  `forum_style` mediumint(8) unsigned NOT NULL DEFAULT '0',
  `forum_image` varchar(255) COLLATE utf8_bin NOT NULL DEFAULT '',
  `forum_rules` text COLLATE utf8_bin NOT NULL,
  `forum_rules_link` varchar(255) COLLATE utf8_bin NOT NULL DEFAULT '',
  `forum_rules_bitfield` varchar(255) COLLATE utf8_bin NOT NULL DEFAULT '',
  `forum_rules_options` int(11) unsigned NOT NULL DEFAULT '7',
  `forum_rules_uid` varchar(8) COLLATE utf8_bin NOT NULL DEFAULT '',
  `forum_topics_per_page` tinyint(4) NOT NULL DEFAULT '0',
  `forum_type` tinyint(4) NOT NULL DEFAULT '0',
  `forum_status` tinyint(4) NOT NULL DEFAULT '0',
  `forum_posts` mediumint(8) unsigned NOT NULL DEFAULT '0',
  `forum_topics` mediumint(8) unsigned NOT NULL DEFAULT '0',
  `forum_topics_real` mediumint(8) unsigned NOT NULL DEFAULT '0',
  `forum_last_post_id` mediumint(8) unsigned NOT NULL DEFAULT '0',
  `forum_last_poster_id` mediumint(8) unsigned NOT NULL DEFAULT '0',
  `forum_last_post_subject` varchar(255) COLLATE utf8_bin NOT NULL DEFAULT '',
  `forum_last_post_time` int(11) unsigned NOT NULL DEFAULT '0',
  `forum_last_poster_name` varchar(255) COLLATE utf8_bin NOT NULL DEFAULT '',
  `forum_last_poster_colour` varchar(6) COLLATE utf8_bin NOT NULL DEFAULT '',
  `forum_flags` tinyint(4) NOT NULL DEFAULT '32',
  `forum_options` int(20) unsigned NOT NULL DEFAULT '0',
  `display_subforum_list` tinyint(1) unsigned NOT NULL DEFAULT '1',
  `display_on_index` tinyint(1) unsigned NOT NULL DEFAULT '1',
  `enable_indexing` tinyint(1) unsigned NOT NULL DEFAULT '1',
  `enable_icons` tinyint(1) unsigned NOT NULL DEFAULT '1',
  `enable_prune` tinyint(1) unsigned NOT NULL DEFAULT '0',
  `prune_next` int(11) unsigned NOT NULL DEFAULT '0',
  `prune_days` mediumint(8) unsigned NOT NULL DEFAULT '0',
  `prune_viewed` mediumint(8) unsigned NOT NULL DEFAULT '0',
  `prune_freq` mediumint(8) unsigned NOT NULL DEFAULT '0',
  PRIMARY KEY (`forum_id`),
  KEY `left_right_id` (`left_id`,`right_id`),
  KEY `forum_lastpost_id` (`forum_last_post_id`)
) ENGINE=MyISAM AUTO_INCREMENT=25 DEFAULT CHARSET=utf8 COLLATE=utf8_bin;

INSERT INTO phpbb_forums (forum_id, parent_id, left_id, right_id, forum_parents, forum_name, forum_desc, forum_desc_bitfield, forum_desc_options, forum_desc_uid, forum_link, forum_password, forum_style, forum_image, forum_rules, forum_rules_link, forum_rules_bitfield, forum_rules_options, forum_rules_uid, forum_topics_per_page, forum_type, forum_status, forum_posts, forum_topics, forum_topics_real, forum_last_post_id, forum_last_poster_id, forum_last_post_subject, forum_last_post_time, forum_last_poster_name, forum_last_poster_colour, forum_flags, forum_options, display_subforum_list, display_on_index, enable_indexing, enable_icons, enable_prune, prune_next, prune_days, prune_viewed, prune_freq) VALUES (5, 0, 7, 34, '', 'Rift Discussion', '', '', 7, '', '', '', 0, '', '', '', '', 7, '', 0, 0, 0, 0, 0, 0, 0, 0, '', 0, '', '', 32, 0, 1, 0, 1, 0, 0, 0, 7, 7, 1),(3, 0, 1, 6, '', 'General Discussion', '', '', 7, '', '', '', 0, '', '', '', '', 7, '', 0, 0, 0, 0, 0, 0, 0, 0, '', 0, '', '', 32, 0, 1, 0, 1, 0, 0, 0, 7, 7, 1),(4, 3, 4, 5, 'a:1:{i:3;a:2:{i:0;s:18:\"General Discussion\";i:1;i:0;}}', 'General Discussion', 'Talk about anything and everything!', '', 7, '', '', '', 0, '', '', '', '', 7, '', 0, 1, 0, 1, 1, 1, 7, 55, 'Epidemic', 1373272276, 'Epidemic', '0066FF', 48, 0, 1, 0, 1, 0, 0, 0, 7, 7, 1),(6, 5, 8, 29, 'a:1:{i:5;a:2:{i:0;s:15:\"Rift Discussion\";i:1;i:0;}}', 'Classes of Telara', 'Talk about the Classes of Telara!', '', 7, '', '', '', 0, '', '', '', '', 7, '', 0, 0, 0, 0, 0, 0, 0, 0, '', 0, '', '', 32, 0, 1, 0, 1, 0, 0, 0, 7, 7, 1),(7, 6, 9, 18, 'a:2:{i:5;a:2:{i:0;s:15:\"Rift Discussion\";i:1;i:0;}i:6;a:2:{i:0;s:17:\"Classes of Telara\";i:1;i:0;}}', 'Class Discussion', '', '', 7, '', '', '', 0, '', '', '', '', 7, '', 0, 0, 0, 0, 0, 0, 0, 0, '', 0, '', '', 32, 0, 1, 0, 1, 0, 0, 0, 7, 7, 1),(8, 7, 10, 11, 'a:3:{i:5;a:2:{i:0;s:15:\"Rift Discussion\";i:1;i:0;}i:6;a:2:{i:0;s:17:\"Classes of Telara\";i:1;i:0;}i:7;a:2:{i:0;s:16:\"Class Discussion\";i:1;i:0;}}', 'Warrior', '', '', 7, '', '', '', 0, '', '', '', '', 7, '', 0, 1, 0, 0, 0, 0, 0, 0, '', 0, '', '', 48, 0, 1, 0, 1, 0, 0, 0, 7, 7, 1),(9, 7, 12, 13, 'a:3:{i:5;a:2:{i:0;s:15:\"Rift Discussion\";i:1;i:0;}i:6;a:2:{i:0;s:17:\"Classes of Telara\";i:1;i:0;}i:7;a:2:{i:0;s:16:\"Class Discussion\";i:1;i:0;}}', 'Rogue', '', '', 7, '', '', '', 0, '', '', '', '', 7, '', 0, 1, 0, 0, 0, 0, 0, 0, '', 0, '', '', 48, 0, 1, 0, 1, 0, 0, 0, 7, 7, 1),(10, 7, 14, 15, 'a:3:{i:5;a:2:{i:0;s:15:\"Rift Discussion\";i:1;i:0;}i:6;a:2:{i:0;s:17:\"Classes of Telara\";i:1;i:0;}i:7;a:2:{i:0;s:16:\"Class Discussion\";i:1;i:0;}}', 'Mage', '', '', 7, '', '', '', 0, '', '', '', '', 7, '', 0, 1, 0, 0, 0, 0, 0, 0, '', 0, '', '', 48, 0, 1, 0, 1, 0, 0, 0, 7, 7, 1),(11, 7, 16, 17, 'a:3:{i:5;a:2:{i:0;s:15:\"Rift Discussion\";i:1;i:0;}i:6;a:2:{i:0;s:17:\"Classes of Telara\";i:1;i:0;}i:7;a:2:{i:0;s:16:\"Class Discussion\";i:1;i:0;}}', 'Cleric', '', '', 7, '', '', '', 0, '', '', '', '', 7, '', 0, 1, 0, 0, 0, 0, 0, 0, '', 0, '', '', 48, 0, 1, 0, 1, 0, 0, 0, 7, 7, 1),(12, 6, 19, 28, 'a:2:{i:5;a:2:{i:0;s:15:\"Rift Discussion\";i:1;i:0;}i:6;a:2:{i:0;s:17:\"Classes of Telara\";i:1;i:0;}}', 'Class Guides', '', '', 7, '', '', '', 0, '', '', '', '', 7, '', 0, 0, 0, 0, 0, 0, 0, 0, '', 0, '', '', 32, 0, 1, 0, 1, 0, 0, 0, 7, 7, 1),(13, 12, 20, 21, 'a:3:{i:5;a:2:{i:0;s:15:\"Rift Discussion\";i:1;i:0;}i:6;a:2:{i:0;s:17:\"Classes of Telara\";i:1;i:0;}i:12;a:2:{i:0;s:12:\"Class Guides\";i:1;i:0;}}', 'Warrior', '', '', 7, '', '', '', 0, '', '', '', '', 7, '', 0, 1, 0, 0, 0, 0, 0, 0, '', 0, '', '', 48, 0, 1, 0, 1, 0, 0, 0, 7, 7, 1),(14, 12, 22, 23, 'a:3:{i:5;a:2:{i:0;s:15:\"Rift Discussion\";i:1;i:0;}i:6;a:2:{i:0;s:17:\"Classes of Telara\";i:1;i:0;}i:12;a:2:{i:0;s:12:\"Class Guides\";i:1;i:0;}}', 'Rogue', '', '', 7, '', '', '', 0, '', '', '', '', 7, '', 0, 1, 0, 0, 0, 0, 0, 0, '', 0, '', '', 48, 0, 1, 0, 1, 0, 0, 0, 7, 7, 1),(15, 12, 24, 25, 'a:3:{i:5;a:2:{i:0;s:15:\"Rift Discussion\";i:1;i:0;}i:6;a:2:{i:0;s:17:\"Classes of Telara\";i:1;i:0;}i:12;a:2:{i:0;s:12:\"Class Guides\";i:1;i:0;}}', 'Mage', '', '', 7, '', '', '', 0, '', '', '', '', 7, '', 0, 1, 0, 0, 0, 0, 0, 0, '', 0, '', '', 48, 0, 1, 0, 1, 0, 0, 0, 7, 7, 1),(16, 12, 26, 27, 'a:3:{i:5;a:2:{i:0;s:15:\"Rift Discussion\";i:1;i:0;}i:6;a:2:{i:0;s:17:\"Classes of Telara\";i:1;i:0;}i:12;a:2:{i:0;s:12:\"Class Guides\";i:1;i:0;}}', 'Cleric', '', '', 7, '', '', '', 0, '', '', '', '', 7, '', 0, 1, 0, 0, 0, 0, 0, 0, '', 0, '', '', 48, 0, 1, 0, 1, 0, 0, 0, 7, 7, 1),(17, 5, 30, 31, 'a:1:{i:5;a:2:{i:0;s:15:\"Rift Discussion\";i:1;i:0;}}', 'Crafting', 'Talk about the Tradeskills of Telara!', '', 7, '', '', '', 0, '', '', '', '', 7, '', 0, 1, 0, 0, 0, 0, 0, 0, '', 0, '', '', 48, 0, 1, 0, 1, 0, 0, 0, 7, 7, 1),(18, 0, 35, 40, '', 'Members Discussion', '', '', 7, '', '', '', 0, '', '', '', '', 7, '', 0, 0, 0, 0, 0, 0, 0, 0, '', 0, '', '', 32, 0, 1, 0, 1, 0, 0, 0, 7, 7, 1),(19, 18, 38, 39, '', 'General Discussion', 'Talk about all things.. so long as you are a member!', '', 7, '', '', '', 0, '', '', '', '', 7, '', 0, 1, 0, 0, 0, 0, 0, 0, '', 0, '', '', 48, 0, 1, 0, 1, 0, 0, 0, 7, 7, 1),(20, 18, 36, 37, '', 'Member Announcements', 'Important member announcements!', '', 7, '', '', '', 0, '', '', '', '', 7, '', 0, 1, 0, 0, 0, 0, 0, 0, '', 0, '', '', 48, 0, 1, 0, 1, 0, 0, 0, 7, 7, 1),(21, 3, 2, 3, 'a:1:{i:3;a:2:{i:0;s:18:\"General Discussion\";i:1;i:0;}}', 'General Announcements', 'General announcements for the community!', '', 7, '', '', '', 0, '', '', '', '', 7, '', 0, 1, 0, 3, 1, 1, 22, 62, 'Re: Welcome to the new CCA Forums!', 1375308154, 'Kalador', '0066FF', 48, 0, 1, 0, 1, 0, 0, 0, 7, 7, 1),(22, 0, 41, 44, '', 'Leadership Discussion', '', '', 7, '', '', '', 0, '', '', '', '', 7, '', 0, 0, 0, 0, 0, 0, 0, 0, '', 0, '', '', 32, 0, 1, 0, 1, 0, 0, 0, 7, 7, 1),(23, 22, 42, 43, 'a:1:{i:22;a:2:{i:0;s:21:\"Leadership Discussion\";i:1;i:0;}}', 'General Discussion', 'Discussion for the leadership of the alliance!', '', 7, '', '', '', 0, '', '', '', '', 7, '', 0, 1, 0, 0, 0, 0, 0, 0, '', 0, '', '', 48, 0, 1, 0, 1, 0, 0, 0, 7, 7, 1),(24, 5, 32, 33, 'a:1:{i:5;a:2:{i:0;s:15:\"Rift Discussion\";i:1;i:0;}}', 'Raids &amp; Dungeons', 'Talk about the Raids and Dungeons of Telara!', '', 7, '', '', '', 0, '', '', '', '', 7, '', 0, 1, 0, 1, 1, 1, 10, 2, '[Raids] - Subscribe to Me!', 1373575416, 'Neekasa', 'FF66FF', 48, 0, 1, 0, 1, 0, 0, 0, 7, 7, 1);

# Table: phpbb_forums_access
DROP TABLE IF EXISTS phpbb_forums_access;
CREATE TABLE `phpbb_forums_access` (
  `forum_id` mediumint(8) unsigned NOT NULL DEFAULT '0',
  `user_id` mediumint(8) unsigned NOT NULL DEFAULT '0',
  `session_id` char(32) COLLATE utf8_bin NOT NULL DEFAULT '',
  PRIMARY KEY (`forum_id`,`user_id`,`session_id`)
) ENGINE=MyISAM DEFAULT CHARSET=utf8 COLLATE=utf8_bin;

# Table: phpbb_forums_track
DROP TABLE IF EXISTS phpbb_forums_track;
CREATE TABLE `phpbb_forums_track` (
  `user_id` mediumint(8) unsigned NOT NULL DEFAULT '0',
  `forum_id` mediumint(8) unsigned NOT NULL DEFAULT '0',
  `mark_time` int(11) unsigned NOT NULL DEFAULT '0',
  PRIMARY KEY (`user_id`,`forum_id`)
) ENGINE=MyISAM DEFAULT CHARSET=utf8 COLLATE=utf8_bin;

INSERT INTO phpbb_forums_track (user_id, forum_id, mark_time) VALUES (2, 21, 1375308220),(54, 21, 1374417978),(2, 4, 1373551206),(55, 21, 1375655478),(55, 4, 1373272276),(54, 4, 1374418014),(58, 21, 1373563119),(58, 4, 1373566599),(2, 24, 1375308228),(55, 24, 1375055255),(60, 24, 1374009809),(54, 24, 1374418144),(58, 24, 1375305714),(62, 24, 1375308173),(62, 21, 1375308154),(2, 0, 1375637996);

# Table: phpbb_forums_watch
DROP TABLE IF EXISTS phpbb_forums_watch;
CREATE TABLE `phpbb_forums_watch` (
  `forum_id` mediumint(8) unsigned NOT NULL DEFAULT '0',
  `user_id` mediumint(8) unsigned NOT NULL DEFAULT '0',
  `notify_status` tinyint(1) unsigned NOT NULL DEFAULT '0',
  KEY `forum_id` (`forum_id`),
  KEY `user_id` (`user_id`),
  KEY `notify_stat` (`notify_status`)
) ENGINE=MyISAM DEFAULT CHARSET=utf8 COLLATE=utf8_bin;

# Table: phpbb_groups
DROP TABLE IF EXISTS phpbb_groups;
CREATE TABLE `phpbb_groups` (
  `group_id` mediumint(8) unsigned NOT NULL AUTO_INCREMENT,
  `group_type` tinyint(4) NOT NULL DEFAULT '1',
  `group_founder_manage` tinyint(1) unsigned NOT NULL DEFAULT '0',
  `group_skip_auth` tinyint(1) unsigned NOT NULL DEFAULT '0',
  `group_name` varchar(255) COLLATE utf8_bin NOT NULL DEFAULT '',
  `group_desc` text COLLATE utf8_bin NOT NULL,
  `group_desc_bitfield` varchar(255) COLLATE utf8_bin NOT NULL DEFAULT '',
  `group_desc_options` int(11) unsigned NOT NULL DEFAULT '7',
  `group_desc_uid` varchar(8) COLLATE utf8_bin NOT NULL DEFAULT '',
  `group_display` tinyint(1) unsigned NOT NULL DEFAULT '0',
  `group_avatar` varchar(255) COLLATE utf8_bin NOT NULL DEFAULT '',
  `group_avatar_type` tinyint(2) NOT NULL DEFAULT '0',
  `group_avatar_width` smallint(4) unsigned NOT NULL DEFAULT '0',
  `group_avatar_height` smallint(4) unsigned NOT NULL DEFAULT '0',
  `group_rank` mediumint(8) unsigned NOT NULL DEFAULT '0',
  `group_colour` varchar(6) COLLATE utf8_bin NOT NULL DEFAULT '',
  `group_sig_chars` mediumint(8) unsigned NOT NULL DEFAULT '0',
  `group_receive_pm` tinyint(1) unsigned NOT NULL DEFAULT '0',
  `group_message_limit` mediumint(8) unsigned NOT NULL DEFAULT '0',
  `group_max_recipients` mediumint(8) unsigned NOT NULL DEFAULT '0',
  `group_legend` tinyint(1) unsigned NOT NULL DEFAULT '1',
  PRIMARY KEY (`group_id`),
  KEY `group_legend_name` (`group_legend`,`group_name`)
) ENGINE=MyISAM AUTO_INCREMENT=16 DEFAULT CHARSET=utf8 COLLATE=utf8_bin;

INSERT INTO phpbb_groups (group_id, group_type, group_founder_manage, group_skip_auth, group_name, group_desc, group_desc_bitfield, group_desc_options, group_desc_uid, group_display, group_avatar, group_avatar_type, group_avatar_width, group_avatar_height, group_rank, group_colour, group_sig_chars, group_receive_pm, group_message_limit, group_max_recipients, group_legend) VALUES (1, 3, 0, 0, 'GUESTS', '', '', 7, '', 0, '', 0, 0, 0, 0, '', 0, 0, 0, 5, 0),(2, 3, 0, 0, 'REGISTERED', '', '', 7, '', 0, '', 0, 0, 0, 0, '', 0, 0, 0, 5, 0),(3, 3, 0, 0, 'REGISTERED_COPPA', '', '', 7, '', 0, '', 0, 0, 0, 0, '', 0, 0, 0, 5, 0),(4, 3, 0, 0, 'GLOBAL_MODERATORS', '', '', 7, '', 0, '', 0, 0, 0, 0, '00AA00', 0, 0, 0, 0, 0),(5, 3, 1, 0, 'ADMINISTRATORS', '', '', 7, '', 0, '', 0, 0, 0, 0, 'AA0000', 0, 0, 0, 0, 0),(6, 3, 0, 0, 'BOTS', '', '', 7, '', 0, '', 0, 0, 0, 0, '9E8DA7', 0, 0, 0, 5, 0),(7, 3, 0, 0, 'NEWLY_REGISTERED', '', '', 7, '', 0, '', 0, 0, 0, 0, '', 0, 0, 0, 5, 0),(8, 0, 1, 0, 'Alliance Leader', '', '', 7, '', 0, '', 0, 0, 0, 2, '0066FF', 0, 1, 0, 0, 1),(9, 0, 0, 0, 'Alliance Officer', '', '', 7, '', 0, '', 0, 0, 0, 4, '00CCFF', 0, 1, 0, 0, 1),(10, 0, 0, 0, 'Alliance Member', '', '', 7, '', 0, '', 0, 0, 0, 5, '860111', 0, 1, 0, 0, 1),(11, 2, 0, 0, 'Elf', '', '', 7, '', 0, '', 0, 0, 0, 6, '33CC00', 0, 0, 0, 0, 1),(12, 0, 0, 0, 'Alliance Applicant', '', '', 7, '', 0, '', 0, 0, 0, 7, 'FF6633', 0, 1, 0, 0, 1),(13, 0, 0, 0, 'Event Manager', '', '', 7, '', 0, '', 0, 0, 0, 3, 'FFCC33', 0, 1, 0, 0, 1),(14, 2, 0, 0, 'Elfette', '', '', 7, '', 0, '', 0, 0, 0, 1, 'FF66FF', 0, 0, 0, 0, 0),(15, 0, 0, 0, 'Alliance Raider', 'Raider of the Alliance!', '', 7, '', 0, '', 0, 0, 0, 8, '66CCFF', 0, 0, 0, 0, 1);

# Table: phpbb_icons
DROP TABLE IF EXISTS phpbb_icons;
CREATE TABLE `phpbb_icons` (
  `icons_id` mediumint(8) unsigned NOT NULL AUTO_INCREMENT,
  `icons_url` varchar(255) COLLATE utf8_bin NOT NULL DEFAULT '',
  `icons_width` tinyint(4) NOT NULL DEFAULT '0',
  `icons_height` tinyint(4) NOT NULL DEFAULT '0',
  `icons_order` mediumint(8) unsigned NOT NULL DEFAULT '0',
  `display_on_posting` tinyint(1) unsigned NOT NULL DEFAULT '1',
  PRIMARY KEY (`icons_id`),
  KEY `display_on_posting` (`display_on_posting`)
) ENGINE=MyISAM AUTO_INCREMENT=11 DEFAULT CHARSET=utf8 COLLATE=utf8_bin;

INSERT INTO phpbb_icons (icons_id, icons_url, icons_width, icons_height, icons_order, display_on_posting) VALUES (1, 'misc/fire.gif', 16, 16, 1, 1),(2, 'smile/redface.gif', 16, 16, 9, 1),(3, 'smile/mrgreen.gif', 16, 16, 10, 1),(4, 'misc/heart.gif', 16, 16, 4, 1),(5, 'misc/star.gif', 16, 16, 2, 1),(6, 'misc/radioactive.gif', 16, 16, 3, 1),(7, 'misc/thinking.gif', 16, 16, 5, 1),(8, 'smile/info.gif', 16, 16, 8, 1),(9, 'smile/question.gif', 16, 16, 6, 1),(10, 'smile/alert.gif', 16, 16, 7, 1);

# Table: phpbb_lang
DROP TABLE IF EXISTS phpbb_lang;
CREATE TABLE `phpbb_lang` (
  `lang_id` tinyint(4) NOT NULL AUTO_INCREMENT,
  `lang_iso` varchar(30) COLLATE utf8_bin NOT NULL DEFAULT '',
  `lang_dir` varchar(30) COLLATE utf8_bin NOT NULL DEFAULT '',
  `lang_english_name` varchar(100) COLLATE utf8_bin NOT NULL DEFAULT '',
  `lang_local_name` varchar(255) COLLATE utf8_bin NOT NULL DEFAULT '',
  `lang_author` varchar(255) COLLATE utf8_bin NOT NULL DEFAULT '',
  PRIMARY KEY (`lang_id`),
  KEY `lang_iso` (`lang_iso`)
) ENGINE=MyISAM AUTO_INCREMENT=2 DEFAULT CHARSET=utf8 COLLATE=utf8_bin;

INSERT INTO phpbb_lang (lang_id, lang_iso, lang_dir, lang_english_name, lang_local_name, lang_author) VALUES (1, 'en', 'en', 'British English', 'British English', 'phpBB Group');

# Table: phpbb_log
DROP TABLE IF EXISTS phpbb_log;
CREATE TABLE `phpbb_log` (
  `log_id` mediumint(8) unsigned NOT NULL AUTO_INCREMENT,
  `log_type` tinyint(4) NOT NULL DEFAULT '0',
  `user_id` mediumint(8) unsigned NOT NULL DEFAULT '0',
  `forum_id` mediumint(8) unsigned NOT NULL DEFAULT '0',
  `topic_id` mediumint(8) unsigned NOT NULL DEFAULT '0',
  `reportee_id` mediumint(8) unsigned NOT NULL DEFAULT '0',
  `log_ip` varchar(40) COLLATE utf8_bin NOT NULL DEFAULT '',
  `log_time` int(11) unsigned NOT NULL DEFAULT '0',
  `log_operation` text COLLATE utf8_bin NOT NULL,
  `log_data` mediumtext COLLATE utf8_bin NOT NULL,
  PRIMARY KEY (`log_id`),
  KEY `log_type` (`log_type`),
  KEY `forum_id` (`forum_id`),
  KEY `topic_id` (`topic_id`),
  KEY `reportee_id` (`reportee_id`),
  KEY `user_id` (`user_id`)
) ENGINE=MyISAM AUTO_INCREMENT=792 DEFAULT CHARSET=utf8 COLLATE=utf8_bin;

INSERT INTO phpbb_log (log_id, log_type, user_id, forum_id, topic_id, reportee_id, log_ip, log_time, log_operation, log_data) VALUES (1, 0, 2, 0, 0, 0, '86.185.76.91', 1371559661, 'LOG_INSTALL_INSTALLED', 'a:1:{i:0;s:6:\"3.0.11\";}'),(2, 0, 2, 0, 0, 0, '86.185.76.91', 1371578941, 'LOG_ADMIN_AUTH_SUCCESS', ''),(3, 0, 2, 0, 0, 0, '86.185.76.91', 1371579554, 'LOG_CONFIG_SERVER', ''),(4, 0, 2, 0, 0, 0, '86.185.76.91', 1371579571, 'LOG_CONFIG_SERVER', ''),(5, 0, 2, 0, 0, 0, '86.185.76.91', 1371579653, 'LOG_TEMPLATE_CACHE_CLEARED', 'a:2:{i:0;s:9:\"prosilver\";i:1;s:14:\"overall_header\";}'),(6, 0, 2, 0, 0, 0, '86.185.76.91', 1371579653, 'LOG_TEMPLATE_EDIT', 'a:2:{i:0;s:9:\"prosilver\";i:1;s:19:\"overall_header.html\";}'),(7, 0, 2, 0, 0, 0, '86.185.76.91', 1371579849, 'LOG_TEMPLATE_CACHE_CLEARED', 'a:2:{i:0;s:9:\"prosilver\";i:1;s:14:\"overall_header\";}'),(8, 0, 2, 0, 0, 0, '86.185.76.91', 1371579850, 'LOG_TEMPLATE_EDIT', 'a:2:{i:0;s:9:\"prosilver\";i:1;s:19:\"overall_header.html\";}'),(9, 0, 2, 0, 0, 0, '86.185.76.91', 1371580016, 'LOG_TEMPLATE_CACHE_CLEARED', 'a:2:{i:0;s:9:\"prosilver\";i:1;s:14:\"overall_header\";}'),(10, 0, 2, 0, 0, 0, '86.185.76.91', 1371580016, 'LOG_TEMPLATE_EDIT', 'a:2:{i:0;s:9:\"prosilver\";i:1;s:19:\"overall_header.html\";}'),(11, 0, 2, 0, 0, 0, '86.185.76.91', 1371580038, 'LOG_TEMPLATE_CACHE_CLEARED', 'a:2:{i:0;s:9:\"prosilver\";i:1;s:14:\"overall_header\";}'),(12, 0, 2, 0, 0, 0, '86.185.76.91', 1371580038, 'LOG_TEMPLATE_EDIT', 'a:2:{i:0;s:9:\"prosilver\";i:1;s:19:\"overall_header.html\";}'),(13, 0, 2, 0, 0, 0, '86.185.76.91', 1371580219, 'LOG_TEMPLATE_CACHE_CLEARED', 'a:2:{i:0;s:9:\"prosilver\";i:1;s:14:\"overall_header\";}'),(14, 0, 2, 0, 0, 0, '86.185.76.91', 1371580219, 'LOG_TEMPLATE_EDIT', 'a:2:{i:0;s:9:\"prosilver\";i:1;s:19:\"overall_header.html\";}'),(15, 0, 2, 0, 0, 0, '86.185.76.91', 1371580240, 'LOG_TEMPLATE_CACHE_CLEARED', 'a:2:{i:0;s:9:\"prosilver\";i:1;s:14:\"overall_header\";}'),(16, 0, 2, 0, 0, 0, '86.185.76.91', 1371580240, 'LOG_TEMPLATE_EDIT', 'a:2:{i:0;s:9:\"prosilver\";i:1;s:19:\"overall_header.html\";}'),(17, 0, 2, 0, 0, 0, '86.185.76.91', 1371580330, 'LOG_TEMPLATE_CACHE_CLEARED', 'a:2:{i:0;s:9:\"prosilver\";i:1;s:14:\"overall_header\";}'),(18, 0, 2, 0, 0, 0, '86.185.76.91', 1371580330, 'LOG_TEMPLATE_EDIT', 'a:2:{i:0;s:9:\"prosilver\";i:1;s:19:\"overall_header.html\";}'),(19, 0, 2, 0, 0, 0, '86.185.76.91', 1371580348, 'LOG_TEMPLATE_CACHE_CLEARED', 'a:2:{i:0;s:9:\"prosilver\";i:1;s:14:\"overall_header\";}'),(20, 0, 2, 0, 0, 0, '86.185.76.91', 1371580348, 'LOG_TEMPLATE_EDIT', 'a:2:{i:0;s:9:\"prosilver\";i:1;s:19:\"overall_header.html\";}'),(21, 0, 2, 0, 0, 0, '86.185.76.91', 1371580373, 'LOG_TEMPLATE_CACHE_CLEARED', 'a:2:{i:0;s:9:\"prosilver\";i:1;s:14:\"overall_header\";}'),(22, 0, 2, 0, 0, 0, '86.185.76.91', 1371580373, 'LOG_TEMPLATE_EDIT', 'a:2:{i:0;s:9:\"prosilver\";i:1;s:19:\"overall_header.html\";}'),(23, 0, 2, 0, 0, 0, '86.185.76.91', 1371580442, 'LOG_TEMPLATE_CACHE_CLEARED', 'a:2:{i:0;s:9:\"prosilver\";i:1;s:14:\"overall_header\";}'),(24, 0, 2, 0, 0, 0, '86.185.76.91', 1371580442, 'LOG_TEMPLATE_EDIT', 'a:2:{i:0;s:9:\"prosilver\";i:1;s:19:\"overall_header.html\";}'),(25, 0, 2, 0, 0, 0, '86.185.76.91', 1371660959, 'LOG_ADMIN_AUTH_SUCCESS', ''),(26, 0, 2, 0, 0, 0, '86.185.76.91', 1371661002, 'LOG_CONFIG_ATTACH', ''),(27, 0, 2, 0, 0, 0, '86.185.76.91', 1371661288, 'LOG_STYLE_ADD', 'a:1:{i:0;s:7:\"Crimson\";}'),(28, 0, 2, 0, 0, 0, '86.185.76.91', 1371661937, 'LOG_STYLE_DELETE', 'a:1:{i:0;s:7:\"Crimson\";}'),(29, 0, 2, 0, 0, 0, '86.185.76.91', 1371673077, 'LOG_ADMIN_AUTH_SUCCESS', ''),(30, 0, 2, 0, 0, 0, '86.185.76.91', 1371673111, 'LOG_TEMPLATE_ADD_FS', 'a:1:{i:0;s:7:\"Crimson\";}'),(31, 0, 2, 0, 0, 0, '86.185.76.91', 1371673111, 'LOG_THEME_ADD_FS', 'a:1:{i:0;s:7:\"Crimson\";}'),(32, 0, 2, 0, 0, 0, '86.185.76.91', 1371673111, 'LOG_IMAGESET_ADD_FS', 'a:1:{i:0;s:7:\"Crimson\";}'),(33, 0, 2, 0, 0, 0, '86.185.76.91', 1371673111, 'LOG_STYLE_ADD', 'a:1:{i:0;s:7:\"Crimson\";}'),(34, 0, 2, 0, 0, 0, '86.185.76.91', 1371732454, 'LOG_ADMIN_AUTH_SUCCESS', ''),(35, 0, 2, 0, 0, 0, '86.185.76.91', 1371732480, 'LOG_CONFIG_SECURITY', ''),(36, 0, 2, 0, 0, 0, '86.185.76.91', 1371732501, 'LOG_PURGE_CACHE', ''),(37, 0, 2, 0, 0, 0, '86.185.76.91', 1371732769, 'LOG_PURGE_CACHE', ''),(38, 0, 2, 0, 0, 0, '86.185.76.91', 1371732859, 'LOG_TEMPLATE_CACHE_CLEARED', 'a:2:{i:0;s:7:\"Crimson\";i:1;s:14:\"overall_header\";}'),(39, 0, 2, 0, 0, 0, '86.185.76.91', 1371732859, 'LOG_TEMPLATE_EDIT', 'a:2:{i:0;s:7:\"Crimson\";i:1;s:19:\"overall_header.html\";}'),(40, 0, 2, 0, 0, 0, '86.185.76.91', 1371732867, 'LOG_TEMPLATE_CACHE_CLEARED', 'a:2:{i:0;s:7:\"Crimson\";i:1;s:14:\"overall_footer\";}'),(41, 0, 2, 0, 0, 0, '86.185.76.91', 1371732867, 'LOG_TEMPLATE_EDIT', 'a:2:{i:0;s:7:\"Crimson\";i:1;s:19:\"overall_footer.html\";}'),(42, 0, 2, 0, 0, 0, '86.185.76.91', 1371732893, 'LOG_THEME_EDIT_FILE', 'a:2:{i:0;s:7:\"Crimson\";i:1;s:14:\"stylesheet.css\";}'),(43, 0, 2, 0, 0, 0, '86.185.76.91', 1371733300, 'LOG_STYLE_DELETE', 'a:1:{i:0;s:7:\"Crimson\";}'),(44, 0, 2, 0, 0, 0, '86.185.76.91', 1371733338, 'LOG_TEMPLATE_ADD_FS', 'a:1:{i:0;s:7:\"crimson\";}'),(45, 0, 2, 0, 0, 0, '86.185.76.91', 1371733338, 'LOG_THEME_ADD_DB', 'a:1:{i:0;s:7:\"crimson\";}'),(46, 0, 2, 0, 0, 0, '86.185.76.91', 1371733339, 'LOG_IMAGESET_ADD_FS', 'a:1:{i:0;s:7:\"crimson\";}'),(47, 0, 2, 0, 0, 0, '86.185.76.91', 1371733339, 'LOG_STYLE_ADD', 'a:1:{i:0;s:7:\"crimson\";}'),(48, 0, 2, 0, 0, 0, '86.185.76.91', 1371733389, 'LOG_THEME_EDIT', 'a:2:{i:0;s:7:\"crimson\";i:1;s:0:\"\";}'),(49, 0, 2, 0, 0, 0, '86.185.76.91', 1371733405, 'LOG_THEME_EDIT', 'a:2:{i:0;s:7:\"crimson\";i:1;s:0:\"\";}'),(50, 0, 2, 0, 0, 0, '86.185.76.91', 1371733432, 'LOG_THEME_EDIT', 'a:2:{i:0;s:7:\"crimson\";i:1;s:0:\"\";}'),(51, 0, 2, 0, 0, 0, '86.185.76.91', 1371733500, 'LOG_TEMPLATE_CACHE_CLEARED', 'a:2:{i:0;s:7:\"crimson\";i:1;s:14:\"overall_footer\";}'),(52, 0, 2, 0, 0, 0, '86.185.76.91', 1371733500, 'LOG_TEMPLATE_EDIT', 'a:2:{i:0;s:7:\"crimson\";i:1;s:19:\"overall_footer.html\";}'),(53, 0, 2, 0, 0, 0, '86.185.76.91', 1371733610, 'LOG_THEME_EDIT', 'a:2:{i:0;s:7:\"crimson\";i:1;s:0:\"\";}'),(54, 0, 2, 0, 0, 0, '86.185.76.91', 1371733693, 'LOG_TEMPLATE_CACHE_CLEARED', 'a:2:{i:0;s:7:\"crimson\";i:1;s:14:\"overall_header\";}'),(55, 0, 2, 0, 0, 0, '86.185.76.91', 1371733693, 'LOG_TEMPLATE_EDIT', 'a:2:{i:0;s:7:\"crimson\";i:1;s:19:\"overall_header.html\";}'),(56, 0, 2, 0, 0, 0, '86.185.76.91', 1371733720, 'LOG_TEMPLATE_CACHE_CLEARED', 'a:2:{i:0;s:7:\"crimson\";i:1;s:14:\"overall_header\";}'),(57, 0, 2, 0, 0, 0, '86.185.76.91', 1371733720, 'LOG_TEMPLATE_EDIT', 'a:2:{i:0;s:7:\"crimson\";i:1;s:19:\"overall_header.html\";}'),(58, 0, 2, 0, 0, 0, '86.185.76.91', 1371733745, 'LOG_THEME_EDIT', 'a:2:{i:0;s:7:\"crimson\";i:1;s:0:\"\";}'),(59, 0, 2, 0, 0, 0, '86.185.76.91', 1371733774, 'LOG_THEME_EDIT', 'a:2:{i:0;s:7:\"crimson\";i:1;s:0:\"\";}'),(60, 0, 2, 0, 0, 0, '86.185.76.91', 1371733939, 'LOG_THEME_EDIT', 'a:2:{i:0;s:7:\"crimson\";i:1;s:0:\"\";}'),(61, 0, 2, 0, 0, 0, '86.185.76.91', 1371733987, 'LOG_THEME_EDIT', 'a:2:{i:0;s:7:\"crimson\";i:1;s:0:\"\";}'),(62, 0, 2, 0, 0, 0, '86.185.76.91', 1371734016, 'LOG_THEME_EDIT', 'a:2:{i:0;s:7:\"crimson\";i:1;s:0:\"\";}'),(63, 0, 2, 0, 0, 0, '86.185.76.91', 1371734059, 'LOG_TEMPLATE_CACHE_CLEARED', 'a:2:{i:0;s:7:\"crimson\";i:1;s:14:\"overall_header\";}'),(64, 0, 2, 0, 0, 0, '86.185.76.91', 1371734059, 'LOG_TEMPLATE_EDIT', 'a:2:{i:0;s:7:\"crimson\";i:1;s:19:\"overall_header.html\";}'),(65, 0, 2, 0, 0, 0, '86.185.76.91', 1371734133, 'LOG_TEMPLATE_CACHE_CLEARED', 'a:2:{i:0;s:7:\"crimson\";i:1;s:14:\"overall_header\";}'),(66, 0, 2, 0, 0, 0, '86.185.76.91', 1371734133, 'LOG_TEMPLATE_EDIT', 'a:2:{i:0;s:7:\"crimson\";i:1;s:19:\"overall_header.html\";}'),(67, 0, 2, 0, 0, 0, '86.185.76.91', 1371734161, 'LOG_TEMPLATE_CACHE_CLEARED', 'a:2:{i:0;s:7:\"crimson\";i:1;s:14:\"overall_header\";}'),(68, 0, 2, 0, 0, 0, '86.185.76.91', 1371734161, 'LOG_TEMPLATE_EDIT', 'a:2:{i:0;s:7:\"crimson\";i:1;s:19:\"overall_header.html\";}'),(69, 0, 2, 0, 0, 0, '86.185.76.91', 1371734218, 'LOG_CONFIG_SECURITY', ''),(70, 0, 2, 0, 0, 0, '86.185.76.91', 1371734267, 'LOG_TEMPLATE_CACHE_CLEARED', 'a:2:{i:0;s:7:\"crimson\";i:1;s:14:\"overall_header\";}'),(71, 0, 2, 0, 0, 0, '86.185.76.91', 1371734267, 'LOG_TEMPLATE_EDIT', 'a:2:{i:0;s:7:\"crimson\";i:1;s:19:\"overall_header.html\";}'),(72, 0, 2, 0, 0, 0, '86.185.76.91', 1371734335, 'LOG_THEME_EDIT', 'a:2:{i:0;s:7:\"crimson\";i:1;s:0:\"\";}'),(73, 0, 2, 0, 0, 0, '86.185.76.91', 1371734389, 'LOG_THEME_EDIT', 'a:2:{i:0;s:7:\"crimson\";i:1;s:0:\"\";}'),(74, 0, 2, 0, 0, 0, '86.185.76.91', 1371734404, 'LOG_THEME_EDIT', 'a:2:{i:0;s:7:\"crimson\";i:1;s:0:\"\";}'),(75, 0, 2, 0, 0, 0, '86.185.76.91', 1371734413, 'LOG_THEME_EDIT', 'a:2:{i:0;s:7:\"crimson\";i:1;s:0:\"\";}'),(76, 0, 2, 0, 0, 0, '86.185.76.91', 1371734442, 'LOG_THEME_EDIT', 'a:2:{i:0;s:7:\"crimson\";i:1;s:0:\"\";}'),(77, 0, 2, 0, 0, 0, '86.185.76.91', 1371734479, 'LOG_THEME_EDIT', 'a:2:{i:0;s:7:\"crimson\";i:1;s:0:\"\";}'),(78, 0, 2, 0, 0, 0, '86.185.76.91', 1371734496, 'LOG_THEME_EDIT', 'a:2:{i:0;s:7:\"crimson\";i:1;s:0:\"\";}'),(79, 0, 2, 0, 0, 0, '86.185.76.91', 1371734512, 'LOG_THEME_EDIT', 'a:2:{i:0;s:7:\"crimson\";i:1;s:0:\"\";}'),(80, 0, 2, 0, 0, 0, '86.185.76.91', 1371734525, 'LOG_THEME_EDIT', 'a:2:{i:0;s:7:\"crimson\";i:1;s:0:\"\";}'),(81, 0, 2, 0, 0, 0, '86.185.76.91', 1371734538, 'LOG_THEME_EDIT', 'a:2:{i:0;s:7:\"crimson\";i:1;s:0:\"\";}'),(82, 0, 2, 0, 0, 0, '86.185.76.91', 1371734668, 'LOG_ADMIN_AUTH_SUCCESS', ''),(83, 0, 2, 0, 0, 0, '86.185.76.91', 1371734717, 'LOG_TEMPLATE_CACHE_CLEARED', 'a:2:{i:0;s:7:\"crimson\";i:1;s:14:\"overall_header\";}'),(84, 0, 2, 0, 0, 0, '86.185.76.91', 1371734717, 'LOG_TEMPLATE_EDIT', 'a:2:{i:0;s:7:\"crimson\";i:1;s:19:\"overall_header.html\";}'),(85, 0, 2, 0, 0, 0, '86.185.76.91', 1371734766, 'LOG_TEMPLATE_CACHE_CLEARED', 'a:2:{i:0;s:7:\"crimson\";i:1;s:14:\"overall_header\";}'),(86, 0, 2, 0, 0, 0, '86.185.76.91', 1371734767, 'LOG_TEMPLATE_EDIT', 'a:2:{i:0;s:7:\"crimson\";i:1;s:19:\"overall_header.html\";}'),(87, 0, 2, 0, 0, 0, '86.185.76.91', 1371734790, 'LOG_TEMPLATE_CACHE_CLEARED', 'a:2:{i:0;s:7:\"crimson\";i:1;s:14:\"overall_header\";}'),(88, 0, 2, 0, 0, 0, '86.185.76.91', 1371734790, 'LOG_TEMPLATE_EDIT', 'a:2:{i:0;s:7:\"crimson\";i:1;s:19:\"overall_header.html\";}'),(89, 0, 2, 0, 0, 0, '86.185.76.91', 1371734855, 'LOG_TEMPLATE_CACHE_CLEARED', 'a:2:{i:0;s:7:\"crimson\";i:1;s:14:\"overall_header\";}'),(90, 0, 2, 0, 0, 0, '86.185.76.91', 1371734855, 'LOG_TEMPLATE_EDIT', 'a:2:{i:0;s:7:\"crimson\";i:1;s:19:\"overall_header.html\";}'),(91, 0, 2, 0, 0, 0, '86.185.76.91', 1371734886, 'LOG_TEMPLATE_CACHE_CLEARED', 'a:2:{i:0;s:7:\"crimson\";i:1;s:14:\"overall_header\";}'),(92, 0, 2, 0, 0, 0, '86.185.76.91', 1371734886, 'LOG_TEMPLATE_EDIT', 'a:2:{i:0;s:7:\"crimson\";i:1;s:19:\"overall_header.html\";}'),(93, 0, 2, 0, 0, 0, '86.185.76.91', 1371734924, 'LOG_TEMPLATE_CACHE_CLEARED', 'a:2:{i:0;s:7:\"crimson\";i:1;s:14:\"overall_header\";}'),(94, 0, 2, 0, 0, 0, '86.185.76.91', 1371734924, 'LOG_TEMPLATE_EDIT', 'a:2:{i:0;s:7:\"crimson\";i:1;s:19:\"overall_header.html\";}'),(95, 0, 2, 0, 0, 0, '86.185.76.91', 1371735002, 'LOG_TEMPLATE_CACHE_CLEARED', 'a:2:{i:0;s:7:\"crimson\";i:1;s:14:\"overall_header\";}'),(96, 0, 2, 0, 0, 0, '86.185.76.91', 1371735002, 'LOG_TEMPLATE_EDIT', 'a:2:{i:0;s:7:\"crimson\";i:1;s:19:\"overall_header.html\";}'),(97, 0, 2, 0, 0, 0, '86.185.76.91', 1371735080, 'LOG_TEMPLATE_CACHE_CLEARED', 'a:2:{i:0;s:7:\"crimson\";i:1;s:14:\"overall_header\";}'),(98, 0, 2, 0, 0, 0, '86.185.76.91', 1371735080, 'LOG_TEMPLATE_EDIT', 'a:2:{i:0;s:7:\"crimson\";i:1;s:19:\"overall_header.html\";}'),(99, 0, 2, 0, 0, 0, '86.185.76.91', 1371735264, 'LOG_TEMPLATE_CACHE_CLEARED', 'a:2:{i:0;s:7:\"crimson\";i:1;s:10:\"index_body\";}'),(100, 0, 2, 0, 0, 0, '86.185.76.91', 1371735264, 'LOG_TEMPLATE_EDIT', 'a:2:{i:0;s:7:\"crimson\";i:1;s:15:\"index_body.html\";}'),(101, 0, 2, 0, 0, 0, '86.185.76.91', 1371735834, 'LOG_TEMPLATE_CACHE_CLEARED', 'a:2:{i:0;s:7:\"crimson\";i:1;s:14:\"overall_header\";}'),(102, 0, 2, 0, 0, 0, '86.185.76.91', 1371735834, 'LOG_TEMPLATE_EDIT', 'a:2:{i:0;s:7:\"crimson\";i:1;s:19:\"overall_header.html\";}'),(103, 0, 2, 0, 0, 0, '86.185.76.91', 1371735867, 'LOG_FORUM_DEL_FORUMS', 'a:1:{i:0;s:19:\"Your first category\";}'),(104, 0, 2, 0, 0, 0, '86.185.76.91', 1371735963, 'LOG_FORUM_ADD', 'a:1:{i:0;s:18:\"General Discussion\";}'),(105, 0, 2, 0, 0, 0, '86.185.76.91', 1371736006, 'LOG_FORUM_ADD', 'a:1:{i:0;s:18:\"General Discussion\";}'),(106, 0, 2, 0, 0, 0, '86.185.76.91', 1371736039, 'LOG_FORUM_ADD', 'a:1:{i:0;s:15:\"Rift Discussion\";}'),(107, 0, 2, 0, 0, 0, '86.185.76.91', 1371736130, 'LOG_FORUM_ADD', 'a:1:{i:0;s:17:\"Classes of Telara\";}'),(108, 0, 2, 0, 0, 0, '86.185.76.91', 1371736130, 'LOG_FORUM_COPIED_PERMISSIONS', 'a:2:{i:0;s:15:\"Rift Discussion\";i:1;s:17:\"Classes of Telara\";}'),(109, 0, 2, 0, 0, 0, '86.185.76.91', 1371736147, 'LOG_FORUM_EDIT', 'a:1:{i:0;s:17:\"Classes of Telara\";}'),(110, 0, 2, 0, 0, 0, '86.185.76.91', 1371736187, 'LOG_FORUM_ADD', 'a:1:{i:0;s:16:\"Class Discussion\";}'),(111, 0, 2, 0, 0, 0, '86.185.76.91', 1371736187, 'LOG_FORUM_COPIED_PERMISSIONS', 'a:2:{i:0;s:17:\"Classes of Telara\";i:1;s:16:\"Class Discussion\";}'),(112, 0, 2, 0, 0, 0, '86.185.76.91', 1371736205, 'LOG_FORUM_ADD', 'a:1:{i:0;s:7:\"Warrior\";}'),(113, 0, 2, 0, 0, 0, '86.185.76.91', 1371736205, 'LOG_FORUM_COPIED_PERMISSIONS', 'a:2:{i:0;s:16:\"Class Discussion\";i:1;s:7:\"Warrior\";}'),(114, 0, 2, 0, 0, 0, '86.185.76.91', 1371736214, 'LOG_FORUM_ADD', 'a:1:{i:0;s:5:\"Rogue\";}'),(115, 0, 2, 0, 0, 0, '86.185.76.91', 1371736214, 'LOG_FORUM_COPIED_PERMISSIONS', 'a:2:{i:0;s:16:\"Class Discussion\";i:1;s:5:\"Rogue\";}'),(116, 0, 2, 0, 0, 0, '86.185.76.91', 1371736227, 'LOG_FORUM_ADD', 'a:1:{i:0;s:4:\"Mage\";}'),(117, 0, 2, 0, 0, 0, '86.185.76.91', 1371736227, 'LOG_FORUM_COPIED_PERMISSIONS', 'a:2:{i:0;s:16:\"Class Discussion\";i:1;s:4:\"Mage\";}'),(118, 0, 2, 0, 0, 0, '86.185.76.91', 1371736234, 'LOG_FORUM_ADD', 'a:1:{i:0;s:6:\"Cleric\";}'),(119, 0, 2, 0, 0, 0, '86.185.76.91', 1371736234, 'LOG_FORUM_COPIED_PERMISSIONS', 'a:2:{i:0;s:16:\"Class Discussion\";i:1;s:6:\"Cleric\";}'),(120, 0, 2, 0, 0, 0, '86.185.76.91', 1371736251, 'LOG_FORUM_ADD', 'a:1:{i:0;s:12:\"Class Guides\";}'),(121, 0, 2, 0, 0, 0, '86.185.76.91', 1371736251, 'LOG_FORUM_COPIED_PERMISSIONS', 'a:2:{i:0;s:17:\"Classes of Telara\";i:1;s:12:\"Class Guides\";}'),(122, 0, 2, 0, 0, 0, '86.185.76.91', 1371736259, 'LOG_FORUM_ADD', 'a:1:{i:0;s:7:\"Warrior\";}'),(123, 0, 2, 0, 0, 0, '86.185.76.91', 1371736259, 'LOG_FORUM_COPIED_PERMISSIONS', 'a:2:{i:0;s:12:\"Class Guides\";i:1;s:7:\"Warrior\";}'),(124, 0, 2, 0, 0, 0, '86.185.76.91', 1371736265, 'LOG_FORUM_ADD', 'a:1:{i:0;s:5:\"Rogue\";}'),(125, 0, 2, 0, 0, 0, '86.185.76.91', 1371736265, 'LOG_FORUM_COPIED_PERMISSIONS', 'a:2:{i:0;s:12:\"Class Guides\";i:1;s:5:\"Rogue\";}'),(126, 0, 2, 0, 0, 0, '86.185.76.91', 1371736272, 'LOG_FORUM_ADD', 'a:1:{i:0;s:4:\"Mage\";}'),(127, 0, 2, 0, 0, 0, '86.185.76.91', 1371736272, 'LOG_FORUM_COPIED_PERMISSIONS', 'a:2:{i:0;s:12:\"Class Guides\";i:1;s:4:\"Mage\";}'),(128, 0, 2, 0, 0, 0, '86.185.76.91', 1371736278, 'LOG_FORUM_ADD', 'a:1:{i:0;s:6:\"Cleric\";}'),(129, 0, 2, 0, 0, 0, '86.185.76.91', 1371736278, 'LOG_FORUM_COPIED_PERMISSIONS', 'a:2:{i:0;s:12:\"Class Guides\";i:1;s:6:\"Cleric\";}'),(130, 0, 2, 0, 0, 0, '86.185.76.91', 1371736299, 'LOG_FORUM_ADD', 'a:1:{i:0;s:8:\"Crafting\";}'),(131, 0, 2, 0, 0, 0, '86.185.76.91', 1371736299, 'LOG_FORUM_COPIED_PERMISSIONS', 'a:2:{i:0;s:15:\"Rift Discussion\";i:1;s:8:\"Crafting\";}'),(132, 0, 2, 0, 0, 0, '86.185.76.91', 1371736321, 'LOG_FORUM_EDIT', 'a:1:{i:0;s:8:\"Crafting\";}'),(133, 0, 2, 0, 0, 0, '86.185.76.91', 1371736357, 'LOG_FORUM_ADD', 'a:1:{i:0;s:18:\"Members Discussion\";}'),(134, 0, 2, 0, 0, 0, '86.185.76.91', 1371736422, 'LOG_FORUM_ADD', 'a:1:{i:0;s:18:\"General Discussion\";}'),(135, 0, 2, 0, 0, 0, '86.185.76.91', 1371736422, 'LOG_FORUM_COPIED_PERMISSIONS', 'a:2:{i:0;s:18:\"Members Discussion\";i:1;s:18:\"General Discussion\";}'),(136, 0, 2, 0, 0, 0, '86.185.76.91', 1371736446, 'LOG_FORUM_ADD', 'a:1:{i:0;s:20:\"Member Announcements\";}'),(137, 0, 2, 0, 0, 0, '86.185.76.91', 1371736446, 'LOG_FORUM_COPIED_PERMISSIONS', 'a:2:{i:0;s:18:\"Members Discussion\";i:1;s:20:\"Member Announcements\";}'),(138, 0, 2, 0, 0, 0, '86.185.76.91', 1371736450, 'LOG_FORUM_MOVE_UP', 'a:2:{i:0;s:20:\"Member Announcements\";i:1;s:18:\"General Discussion\";}'),(139, 0, 2, 0, 0, 0, '86.185.76.91', 1371736467, 'LOG_FORUM_ADD', 'a:1:{i:0;s:21:\"General Announcements\";}'),(140, 0, 2, 0, 0, 0, '86.185.76.91', 1371736467, 'LOG_FORUM_COPIED_PERMISSIONS', 'a:2:{i:0;s:18:\"General Discussion\";i:1;s:21:\"General Announcements\";}'),(141, 0, 2, 0, 0, 0, '86.185.76.91', 1371736469, 'LOG_FORUM_MOVE_UP', 'a:2:{i:0;s:21:\"General Announcements\";i:1;s:18:\"General Discussion\";}'),(142, 0, 2, 0, 0, 0, '86.185.76.91', 1371736482, 'LOG_FORUM_ADD', 'a:1:{i:0;s:21:\"Leadership Discussion\";}'),(143, 0, 2, 0, 0, 0, '86.185.76.91', 1371736513, 'LOG_FORUM_ADD', 'a:1:{i:0;s:18:\"General Discussion\";}'),(144, 0, 2, 0, 0, 0, '86.185.76.91', 1371736513, 'LOG_FORUM_COPIED_PERMISSIONS', 'a:2:{i:0;s:21:\"Leadership Discussion\";i:1;s:18:\"General Discussion\";}'),(145, 0, 2, 0, 0, 0, '86.185.76.91', 1371736572, 'LOG_RANK_ADDED', 'a:1:{i:0;s:15:\"Alliance Leader\";}'),(146, 0, 2, 0, 0, 0, '86.185.76.91', 1371736581, 'LOG_RANK_ADDED', 'a:1:{i:0;s:13:\"Event Manager\";}'),(147, 0, 2, 0, 0, 0, '86.185.76.91', 1371736588, 'LOG_RANK_ADDED', 'a:1:{i:0;s:16:\"Alliance Officer\";}'),(148, 0, 2, 0, 0, 0, '86.185.76.91', 1371736597, 'LOG_RANK_ADDED', 'a:1:{i:0;s:15:\"Alliance Member\";}'),(149, 0, 2, 0, 0, 0, '86.185.76.91', 1371736606, 'LOG_RANK_ADDED', 'a:1:{i:0;s:3:\"Elf\";}'),(150, 0, 2, 0, 0, 0, '86.185.76.91', 1371736616, 'LOG_RANK_ADDED', 'a:1:{i:0;s:18:\"Alliance Applicant\";}'),(151, 0, 2, 0, 0, 0, '86.185.76.91', 1371736703, 'LOG_GROUP_CREATED', 'a:1:{i:0;s:15:\"Alliance Leader\";}'),(152, 0, 2, 0, 0, 0, '86.185.76.91', 1371736763, 'LOG_GROUP_CREATED', 'a:1:{i:0;s:16:\"Alliance Officer\";}'),(153, 0, 2, 0, 0, 0, '86.185.76.91', 1371736829, 'LOG_GROUP_CREATED', 'a:1:{i:0;s:15:\"Alliance Member\";}'),(154, 0, 2, 0, 0, 0, '86.185.76.91', 1371736864, 'LOG_GROUP_CREATED', 'a:1:{i:0;s:3:\"Elf\";}'),(155, 0, 2, 0, 0, 0, '86.185.76.91', 1371736903, 'LOG_GROUP_CREATED', 'a:1:{i:0;s:18:\"Alliance Applicant\";}'),(156, 0, 2, 0, 0, 0, '86.185.76.91', 1371736926, 'LOG_GROUP_CREATED', 'a:1:{i:0;s:13:\"Event Manager\";}'),(157, 0, 2, 0, 0, 0, '86.185.76.91', 1371736965, 'LOG_GROUP_CREATED', 'a:1:{i:0;s:7:\"Elfette\";}'),(158, 0, 2, 0, 0, 0, '86.185.76.91', 1371737084, 'LOG_ACL_ADD_GROUP_GLOBAL_U_', 'a:1:{i:0;s:15:\"Alliance Leader\";}'),(159, 0, 2, 0, 0, 0, '86.185.76.91', 1371737147, 'LOG_ACL_ADD_GROUP_GLOBAL_M_', 'a:1:{i:0;s:15:\"Alliance Leader\";}'),(160, 0, 2, 0, 0, 0, '86.185.76.91', 1371737169, 'LOG_ACL_ADD_GROUP_GLOBAL_A_', 'a:1:{i:0;s:15:\"Alliance Leader\";}'),(161, 0, 2, 0, 0, 0, '86.185.76.91', 1371737207, 'LOG_ACL_ADD_GROUP_GLOBAL_U_', 'a:1:{i:0;s:15:\"Alliance Member\";}'),(162, 0, 2, 0, 0, 0, '86.185.76.91', 1371737231, 'LOG_ACL_ADD_GROUP_GLOBAL_U_', 'a:1:{i:0;s:16:\"Alliance Officer\";}'),(163, 0, 2, 0, 0, 0, '86.185.76.91', 1371737246, 'LOG_ACL_ADD_GROUP_GLOBAL_M_', 'a:1:{i:0;s:16:\"Alliance Officer\";}'),(164, 0, 2, 0, 0, 0, '86.185.76.91', 1371737263, 'LOG_ACL_ADD_GROUP_GLOBAL_U_', 'a:1:{i:0;s:18:\"Alliance Applicant\";}'),(165, 0, 2, 0, 0, 0, '86.185.76.91', 1371737273, 'LOG_ACL_ADD_GROUP_GLOBAL_U_', 'a:1:{i:0;s:7:\"Elfette\";}'),(166, 0, 2, 0, 0, 0, '86.185.76.91', 1371737291, 'LOG_ACL_ADD_GROUP_GLOBAL_M_', 'a:1:{i:0;s:7:\"Elfette\";}'),(167, 0, 2, 0, 0, 0, '86.185.76.91', 1371737301, 'LOG_ACL_ADD_GROUP_GLOBAL_A_', 'a:1:{i:0;s:7:\"Elfette\";}'),(168, 0, 2, 0, 0, 0, '86.185.76.91', 1371737321, 'LOG_ACL_ADD_GROUP_GLOBAL_U_', 'a:1:{i:0;s:13:\"Event Manager\";}'),(169, 0, 2, 0, 0, 0, '86.185.76.91', 1371737473, 'LOG_ACL_ADD_GROUP_LOCAL_F_', 'a:2:{i:0;s:304:\"Rift Discussion, General Discussion, General Discussion, Classes of Telara, Class Discussion, Warrior, Rogue, Mage, Cleric, Class Guides, Warrior, Rogue, Mage, Cleric, Crafting, Members Discussion, General Discussion, Member Announcements, General Announcements, Leadership Discussion, General Discussion\";i:1;s:15:\"Alliance Leader\";}'),(170, 0, 2, 0, 0, 0, '86.185.76.91', 1371737504, 'LOG_ACL_ADD_GROUP_LOCAL_F_', 'a:2:{i:0;s:304:\"Rift Discussion, General Discussion, General Discussion, Classes of Telara, Class Discussion, Warrior, Rogue, Mage, Cleric, Class Guides, Warrior, Rogue, Mage, Cleric, Crafting, Members Discussion, General Discussion, Member Announcements, General Announcements, Leadership Discussion, General Discussion\";i:1;s:39:\"<span class=\"sep\">Administrators</span>\";}'),(171, 0, 2, 0, 0, 0, '86.185.76.91', 1371737587, 'LOG_ACL_ADD_GROUP_LOCAL_F_', 'a:2:{i:0;s:304:\"Rift Discussion, General Discussion, General Discussion, Classes of Telara, Class Discussion, Warrior, Rogue, Mage, Cleric, Class Guides, Warrior, Rogue, Mage, Cleric, Crafting, Members Discussion, General Discussion, Member Announcements, General Announcements, Leadership Discussion, General Discussion\";i:1;s:16:\"Alliance Officer\";}'),(172, 0, 2, 0, 0, 0, '86.185.76.91', 1371737627, 'LOG_ACL_ADD_GROUP_LOCAL_M_', 'a:2:{i:0;s:304:\"Rift Discussion, General Discussion, General Discussion, Classes of Telara, Class Discussion, Warrior, Rogue, Mage, Cleric, Class Guides, Warrior, Rogue, Mage, Cleric, Crafting, Members Discussion, General Discussion, Member Announcements, General Announcements, Leadership Discussion, General Discussion\";i:1;s:15:\"Alliance Leader\";}'),(173, 0, 2, 0, 0, 0, '86.185.76.91', 1371737743, 'LOG_ACL_ADD_GROUP_LOCAL_M_', 'a:2:{i:0;s:304:\"Rift Discussion, General Discussion, General Discussion, Classes of Telara, Class Discussion, Warrior, Rogue, Mage, Cleric, Class Guides, Warrior, Rogue, Mage, Cleric, Crafting, Members Discussion, General Discussion, Member Announcements, General Announcements, Leadership Discussion, General Discussion\";i:1;s:16:\"Alliance Officer\";}'),(174, 0, 2, 0, 0, 0, '86.185.76.91', 1371737759, 'LOG_ACL_ADD_GROUP_LOCAL_F_', 'a:2:{i:0;s:304:\"Rift Discussion, General Discussion, General Discussion, Classes of Telara, Class Discussion, Warrior, Rogue, Mage, Cleric, Class Guides, Warrior, Rogue, Mage, Cleric, Crafting, Members Discussion, General Discussion, Member Announcements, General Announcements, Leadership Discussion, General Discussion\";i:1;s:39:\"<span class=\"sep\">Administrators</span>\";}'),(175, 0, 2, 0, 0, 0, '86.185.76.91', 1371737776, 'LOG_ACL_ADD_GROUP_LOCAL_M_', 'a:2:{i:0;s:304:\"Rift Discussion, General Discussion, General Discussion, Classes of Telara, Class Discussion, Warrior, Rogue, Mage, Cleric, Class Guides, Warrior, Rogue, Mage, Cleric, Crafting, Members Discussion, General Discussion, Member Announcements, General Announcements, Leadership Discussion, General Discussion\";i:1;s:39:\"<span class=\"sep\">Administrators</span>\";}'),(176, 0, 2, 0, 0, 0, '86.185.76.91', 1371737886, 'LOG_ACL_ADD_GROUP_LOCAL_F_', 'a:2:{i:0;s:304:\"Rift Discussion, General Discussion, General Discussion, Classes of Telara, Class Discussion, Warrior, Rogue, Mage, Cleric, Class Guides, Warrior, Rogue, Mage, Cleric, Crafting, Members Discussion, General Discussion, Member Announcements, General Announcements, Leadership Discussion, General Discussion\";i:1;s:15:\"Alliance Member\";}'),(177, 0, 2, 0, 0, 0, '86.185.76.91', 1371737935, 'LOG_ACL_ADD_GROUP_LOCAL_F_', 'a:2:{i:0;s:304:\"Rift Discussion, General Discussion, General Discussion, Classes of Telara, Class Discussion, Warrior, Rogue, Mage, Cleric, Class Guides, Warrior, Rogue, Mage, Cleric, Crafting, Members Discussion, General Discussion, Member Announcements, General Announcements, Leadership Discussion, General Discussion\";i:1;s:18:\"Alliance Applicant\";}'),(178, 0, 2, 0, 0, 0, '86.185.76.91', 1371737976, 'LOG_ACL_ADD_GROUP_LOCAL_F_', 'a:2:{i:0;s:304:\"Rift Discussion, General Discussion, General Discussion, Classes of Telara, Class Discussion, Warrior, Rogue, Mage, Cleric, Class Guides, Warrior, Rogue, Mage, Cleric, Crafting, Members Discussion, General Discussion, Member Announcements, General Announcements, Leadership Discussion, General Discussion\";i:1;s:13:\"Event Manager\";}'),(179, 0, 2, 0, 0, 0, '86.185.76.91', 1371738036, 'LOG_ACL_ADD_GROUP_LOCAL_F_', 'a:2:{i:0;s:304:\"Rift Discussion, General Discussion, General Discussion, Classes of Telara, Class Discussion, Warrior, Rogue, Mage, Cleric, Class Guides, Warrior, Rogue, Mage, Cleric, Crafting, Members Discussion, General Discussion, Member Announcements, General Announcements, Leadership Discussion, General Discussion\";i:1;s:41:\"<span class=\"sep\">Registered users</span>\";}'),(180, 0, 2, 0, 0, 0, '86.185.76.91', 1371738051, 'LOG_ACL_ADD_GROUP_LOCAL_F_', 'a:2:{i:0;s:304:\"Rift Discussion, General Discussion, General Discussion, Classes of Telara, Class Discussion, Warrior, Rogue, Mage, Cleric, Class Guides, Warrior, Rogue, Mage, Cleric, Crafting, Members Discussion, General Discussion, Member Announcements, General Announcements, Leadership Discussion, General Discussion\";i:1;s:31:\"<span class=\"sep\">Guests</span>\";}'),(181, 0, 2, 0, 0, 0, '86.185.76.91', 1371738106, 'LOG_ACL_ADD_GROUP_LOCAL_F_', 'a:2:{i:0;s:304:\"Rift Discussion, General Discussion, General Discussion, Classes of Telara, Class Discussion, Warrior, Rogue, Mage, Cleric, Class Guides, Warrior, Rogue, Mage, Cleric, Crafting, Members Discussion, General Discussion, Member Announcements, General Announcements, Leadership Discussion, General Discussion\";i:1;s:29:\"<span class=\"sep\">Bots</span>\";}'),(182, 0, 2, 0, 0, 0, '86.185.76.91', 1371738160, 'LOG_ACL_ADD_GROUP_LOCAL_F_', 'a:2:{i:0;s:304:\"Rift Discussion, General Discussion, General Discussion, Classes of Telara, Class Discussion, Warrior, Rogue, Mage, Cleric, Class Guides, Warrior, Rogue, Mage, Cleric, Crafting, Members Discussion, General Discussion, Member Announcements, General Announcements, Leadership Discussion, General Discussion\";i:1;s:47:\"<span class=\"sep\">Newly registered users</span>\";}'),(183, 0, 2, 0, 0, 0, '86.185.76.91', 1371738247, 'LOG_CONFIG_SETTINGS', ''),(184, 0, 2, 0, 0, 0, '86.185.76.91', 1371738292, 'LOG_CONFIG_AVATAR', ''),(185, 0, 2, 0, 0, 0, '86.185.76.91', 1371738335, 'LOG_CONFIG_SIGNATURE', ''),(186, 0, 2, 0, 0, 0, '86.185.76.91', 1371738383, 'LOG_CONFIG_FEED', ''),(187, 0, 2, 0, 0, 0, '86.185.76.91', 1371738443, 'LOG_CONFIG_REGISTRATION', ''),(188, 0, 2, 0, 0, 0, '86.185.76.91', 1371738492, 'LOG_CONFIG_VISUAL', ''),(189, 0, 2, 0, 0, 0, '86.185.76.91', 1371738499, 'LOG_CONFIG_VISUAL', ''),(190, 0, 2, 0, 0, 0, '86.185.76.91', 1371738640, 'LOG_TEMPLATE_CACHE_CLEARED', 'a:2:{i:0;s:7:\"crimson\";i:1;s:14:\"overall_header\";}'),(191, 0, 2, 0, 0, 0, '86.185.76.91', 1371738640, 'LOG_TEMPLATE_EDIT', 'a:2:{i:0;s:7:\"crimson\";i:1;s:19:\"overall_header.html\";}'),(192, 0, 2, 0, 0, 0, '86.185.76.91', 1371738677, 'LOG_GROUP_UPDATED', 'a:1:{i:0;s:14:\"Administrators\";}'),(193, 0, 2, 0, 0, 0, '86.185.76.91', 1371739006, 'LOG_GROUP_DEFAULTS', 'a:2:{i:0;s:7:\"Elfette\";i:1;s:4:\"Jade\";}'),(194, 0, 2, 0, 0, 0, '86.185.76.91', 1371739006, 'LOG_MODS_ADDED', 'a:2:{i:0;s:7:\"Elfette\";i:1;s:4:\"Jade\";}'),(195, 0, 2, 0, 0, 0, '86.185.76.91', 1371739161, 'LOG_CONFIG_FEATURES', ''),(196, 0, 2, 0, 0, 0, '86.185.76.91', 1371739881, 'LOG_THEME_EDIT', 'a:2:{i:0;s:7:\"crimson\";i:1;s:0:\"\";}'),(197, 0, 2, 0, 0, 0, '86.185.76.91', 1371740022, 'LOG_THEME_EDIT', 'a:2:{i:0;s:7:\"crimson\";i:1;s:0:\"\";}'),(198, 0, 2, 0, 0, 0, '86.185.76.91', 1371740120, 'LOG_THEME_EDIT', 'a:2:{i:0;s:7:\"crimson\";i:1;s:0:\"\";}'),(199, 0, 2, 0, 0, 0, '86.185.76.91', 1371740152, 'LOG_THEME_EDIT', 'a:2:{i:0;s:7:\"crimson\";i:1;s:0:\"\";}'),(200, 0, 2, 0, 0, 0, '86.185.76.91', 1371740218, 'LOG_THEME_EDIT', 'a:2:{i:0;s:7:\"crimson\";i:1;s:0:\"\";}'),(201, 0, 2, 0, 0, 0, '86.185.76.91', 1371740294, 'LOG_THEME_EDIT', 'a:2:{i:0;s:7:\"crimson\";i:1;s:0:\"\";}'),(202, 0, 2, 0, 0, 0, '86.185.76.91', 1371740683, 'LOG_TEMPLATE_ADD_FS', 'a:1:{i:0;s:19:\"Artodia: Ultra Blue\";}'),(203, 0, 2, 0, 0, 0, '86.185.76.91', 1371740683, 'LOG_THEME_ADD_DB', 'a:1:{i:0;s:19:\"Artodia: Ultra Blue\";}'),(204, 0, 2, 0, 0, 0, '86.185.76.91', 1371740683, 'LOG_IMAGESET_ADD_FS', 'a:1:{i:0;s:19:\"Artodia: Ultra Blue\";}'),(205, 0, 2, 0, 0, 0, '86.185.76.91', 1371740683, 'LOG_STYLE_ADD', 'a:1:{i:0;s:19:\"Artodia: Ultra Blue\";}'),(206, 0, 2, 0, 0, 0, '86.185.76.91', 1371740848, 'LOG_ACL_ADD_GROUP_LOCAL_F_', 'a:2:{i:0;s:304:\"Rift Discussion, General Discussion, General Discussion, Classes of Telara, Class Discussion, Warrior, Rogue, Mage, Cleric, Class Guides, Warrior, Rogue, Mage, Cleric, Crafting, Members Discussion, General Discussion, Member Announcements, General Announcements, Leadership Discussion, General Discussion\";i:1;s:31:\"<span class=\"sep\">Guests</span>\";}'),(207, 0, 2, 0, 0, 0, '86.185.76.91', 1371740929, 'LOG_ACL_ADD_GROUP_LOCAL_F_', 'a:2:{i:0;s:304:\"Rift Discussion, General Discussion, General Discussion, Classes of Telara, Class Discussion, Warrior, Rogue, Mage, Cleric, Class Guides, Warrior, Rogue, Mage, Cleric, Crafting, Members Discussion, General Discussion, Member Announcements, General Announcements, Leadership Discussion, General Discussion\";i:1;s:31:\"<span class=\"sep\">Guests</span>\";}'),(208, 0, 2, 0, 0, 0, '86.185.76.91', 1371741019, 'LOG_THEME_EDIT', 'a:2:{i:0;s:19:\"Artodia: Ultra Blue\";i:1;s:0:\"\";}'),(209, 0, 2, 0, 0, 0, '86.185.76.91', 1371741032, 'LOG_THEME_EDIT', 'a:2:{i:0;s:19:\"Artodia: Ultra Blue\";i:1;s:0:\"\";}'),(210, 0, 2, 0, 0, 0, '86.185.76.91', 1371741073, 'LOG_THEME_EDIT', 'a:2:{i:0;s:19:\"Artodia: Ultra Blue\";i:1;s:0:\"\";}'),(211, 0, 2, 0, 0, 0, '86.185.76.91', 1371741293, 'LOG_TEMPLATE_CACHE_CLEARED', 'a:2:{i:0;s:19:\"Artodia: Ultra Blue\";i:1;s:14:\"overall_header\";}'),(212, 0, 2, 0, 0, 0, '86.185.76.91', 1371741294, 'LOG_TEMPLATE_EDIT', 'a:2:{i:0;s:19:\"Artodia: Ultra Blue\";i:1;s:19:\"overall_header.html\";}'),(213, 0, 2, 0, 0, 0, '86.185.76.91', 1371741323, 'LOG_TEMPLATE_CACHE_CLEARED', 'a:2:{i:0;s:19:\"Artodia: Ultra Blue\";i:1;s:14:\"overall_header\";}'),(214, 0, 2, 0, 0, 0, '86.185.76.91', 1371741323, 'LOG_TEMPLATE_EDIT', 'a:2:{i:0;s:19:\"Artodia: Ultra Blue\";i:1;s:19:\"overall_header.html\";}'),(215, 0, 2, 0, 0, 0, '86.185.76.91', 1371741362, 'LOG_THEME_EDIT', 'a:2:{i:0;s:19:\"Artodia: Ultra Blue\";i:1;s:0:\"\";}'),(216, 0, 2, 0, 0, 0, '86.185.76.91', 1371741454, 'LOG_THEME_EDIT', 'a:2:{i:0;s:19:\"Artodia: Ultra Blue\";i:1;s:0:\"\";}'),(217, 0, 2, 0, 0, 0, '86.185.76.91', 1371741481, 'LOG_THEME_EDIT', 'a:2:{i:0;s:19:\"Artodia: Ultra Blue\";i:1;s:0:\"\";}'),(218, 0, 2, 0, 0, 0, '86.185.76.91', 1371741501, 'LOG_THEME_EDIT', 'a:2:{i:0;s:19:\"Artodia: Ultra Blue\";i:1;s:0:\"\";}'),(219, 0, 2, 0, 0, 0, '86.185.76.91', 1371741516, 'LOG_THEME_EDIT', 'a:2:{i:0;s:19:\"Artodia: Ultra Blue\";i:1;s:0:\"\";}'),(220, 0, 2, 0, 0, 0, '86.185.76.91', 1371741605, 'LOG_THEME_EDIT', 'a:2:{i:0;s:19:\"Artodia: Ultra Blue\";i:1;s:0:\"\";}'),(221, 0, 2, 0, 0, 0, '86.185.76.91', 1371741637, 'LOG_THEME_EDIT', 'a:2:{i:0;s:19:\"Artodia: Ultra Blue\";i:1;s:0:\"\";}'),(222, 0, 2, 0, 0, 0, '86.185.76.91', 1371741659, 'LOG_THEME_EDIT', 'a:2:{i:0;s:19:\"Artodia: Ultra Blue\";i:1;s:0:\"\";}'),(223, 0, 2, 0, 0, 0, '86.185.76.91', 1371741678, 'LOG_THEME_EDIT', 'a:2:{i:0;s:19:\"Artodia: Ultra Blue\";i:1;s:0:\"\";}'),(224, 0, 2, 0, 0, 0, '86.185.76.91', 1371741738, 'LOG_THEME_EDIT', 'a:2:{i:0;s:19:\"Artodia: Ultra Blue\";i:1;s:0:\"\";}'),(225, 0, 2, 0, 0, 0, '86.185.76.91', 1371741793, 'LOG_THEME_EDIT', 'a:2:{i:0;s:19:\"Artodia: Ultra Blue\";i:1;s:0:\"\";}'),(226, 0, 2, 0, 0, 0, '86.185.76.91', 1371741821, 'LOG_THEME_EDIT', 'a:2:{i:0;s:19:\"Artodia: Ultra Blue\";i:1;s:0:\"\";}'),(227, 0, 2, 0, 0, 0, '86.185.76.91', 1371741850, 'LOG_THEME_EDIT', 'a:2:{i:0;s:19:\"Artodia: Ultra Blue\";i:1;s:0:\"\";}'),(228, 0, 2, 0, 0, 0, '86.185.76.91', 1371741871, 'LOG_THEME_EDIT', 'a:2:{i:0;s:19:\"Artodia: Ultra Blue\";i:1;s:0:\"\";}'),(229, 0, 2, 0, 0, 0, '86.185.76.91', 1371741919, 'LOG_THEME_EDIT', 'a:2:{i:0;s:19:\"Artodia: Ultra Blue\";i:1;s:0:\"\";}'),(230, 0, 2, 0, 0, 0, '86.185.76.91', 1371741996, 'LOG_THEME_EDIT', 'a:2:{i:0;s:19:\"Artodia: Ultra Blue\";i:1;s:0:\"\";}'),(231, 0, 2, 0, 0, 0, '86.185.76.91', 1371742009, 'LOG_THEME_EDIT', 'a:2:{i:0;s:19:\"Artodia: Ultra Blue\";i:1;s:0:\"\";}'),(232, 0, 2, 0, 0, 0, '86.185.76.91', 1371742025, 'LOG_THEME_EDIT', 'a:2:{i:0;s:19:\"Artodia: Ultra Blue\";i:1;s:0:\"\";}'),(233, 0, 2, 0, 0, 0, '86.185.76.91', 1371742055, 'LOG_THEME_EDIT', 'a:2:{i:0;s:19:\"Artodia: Ultra Blue\";i:1;s:0:\"\";}'),(234, 0, 2, 0, 0, 0, '86.185.76.91', 1371742084, 'LOG_THEME_EDIT', 'a:2:{i:0;s:19:\"Artodia: Ultra Blue\";i:1;s:0:\"\";}'),(235, 0, 2, 0, 0, 0, '86.185.76.91', 1371742093, 'LOG_THEME_EDIT', 'a:2:{i:0;s:19:\"Artodia: Ultra Blue\";i:1;s:0:\"\";}'),(236, 0, 2, 0, 0, 0, '86.185.76.91', 1371742103, 'LOG_THEME_EDIT', 'a:2:{i:0;s:19:\"Artodia: Ultra Blue\";i:1;s:0:\"\";}'),(237, 0, 2, 0, 0, 0, '86.185.76.91', 1371742115, 'LOG_THEME_EDIT', 'a:2:{i:0;s:19:\"Artodia: Ultra Blue\";i:1;s:0:\"\";}'),(238, 0, 2, 0, 0, 0, '86.185.76.91', 1371746168, 'LOG_THEME_EDIT', 'a:2:{i:0;s:19:\"Artodia: Ultra Blue\";i:1;s:0:\"\";}'),(239, 0, 2, 0, 0, 0, '86.185.76.91', 1371746317, 'LOG_STYLE_DELETE', 'a:1:{i:0;s:7:\"crimson\";}'),(240, 0, 2, 0, 0, 0, '86.185.76.91', 1371746327, 'LOG_STYLE_DELETE', 'a:1:{i:0;s:9:\"prosilver\";}'),(241, 0, 2, 0, 0, 0, '86.185.76.91', 1371746394, 'LOG_TEMPLATE_CACHE_CLEARED', 'a:2:{i:0;s:19:\"Artodia: Ultra Blue\";i:1;s:14:\"overall_header\";}'),(242, 0, 2, 0, 0, 0, '86.185.76.91', 1371746394, 'LOG_TEMPLATE_EDIT', 'a:2:{i:0;s:19:\"Artodia: Ultra Blue\";i:1;s:19:\"overall_header.html\";}'),(243, 0, 2, 0, 0, 0, '86.185.76.91', 1371746426, 'LOG_THEME_EDIT', 'a:2:{i:0;s:19:\"Artodia: Ultra Blue\";i:1;s:0:\"\";}'),(244, 0, 2, 0, 0, 0, '86.185.76.91', 1371746467, 'LOG_THEME_EDIT', 'a:2:{i:0;s:19:\"Artodia: Ultra Blue\";i:1;s:0:\"\";}'),(245, 0, 2, 0, 0, 0, '86.185.76.91', 1371746508, 'LOG_THEME_EDIT', 'a:2:{i:0;s:19:\"Artodia: Ultra Blue\";i:1;s:0:\"\";}'),(246, 0, 2, 0, 0, 0, '86.185.76.91', 1371746521, 'LOG_THEME_EDIT', 'a:2:{i:0;s:19:\"Artodia: Ultra Blue\";i:1;s:0:\"\";}'),(247, 0, 2, 0, 0, 0, '86.185.76.91', 1371746535, 'LOG_THEME_EDIT', 'a:2:{i:0;s:19:\"Artodia: Ultra Blue\";i:1;s:0:\"\";}'),(248, 0, 2, 0, 0, 0, '86.185.76.91', 1371746545, 'LOG_THEME_EDIT', 'a:2:{i:0;s:19:\"Artodia: Ultra Blue\";i:1;s:0:\"\";}'),(249, 0, 2, 0, 0, 0, '86.185.76.91', 1371746720, 'LOG_THEME_EDIT', 'a:2:{i:0;s:19:\"Artodia: Ultra Blue\";i:1;s:0:\"\";}'),(250, 0, 2, 0, 0, 0, '86.185.76.91', 1371746774, 'LOG_THEME_EDIT', 'a:2:{i:0;s:19:\"Artodia: Ultra Blue\";i:1;s:0:\"\";}'),(251, 0, 2, 0, 0, 0, '86.185.76.91', 1371746916, 'LOG_TEMPLATE_CACHE_CLEARED', 'a:2:{i:0;s:19:\"Artodia: Ultra Blue\";i:1;s:14:\"overall_footer\";}'),(252, 0, 2, 0, 0, 0, '86.185.76.91', 1371746916, 'LOG_TEMPLATE_EDIT', 'a:2:{i:0;s:19:\"Artodia: Ultra Blue\";i:1;s:19:\"overall_footer.html\";}'),(253, 0, 2, 0, 0, 0, '86.185.76.91', 1371746946, 'LOG_THEME_EDIT', 'a:2:{i:0;s:19:\"Artodia: Ultra Blue\";i:1;s:0:\"\";}'),(254, 0, 2, 0, 0, 0, '86.185.76.91', 1371746975, 'LOG_THEME_EDIT', 'a:2:{i:0;s:19:\"Artodia: Ultra Blue\";i:1;s:0:\"\";}'),(255, 0, 2, 0, 0, 0, '86.185.76.91', 1371747037, 'LOG_TEMPLATE_CACHE_CLEARED', 'a:2:{i:0;s:19:\"Artodia: Ultra Blue\";i:1;s:14:\"overall_footer\";}'),(256, 0, 2, 0, 0, 0, '86.185.76.91', 1371747037, 'LOG_TEMPLATE_EDIT', 'a:2:{i:0;s:19:\"Artodia: Ultra Blue\";i:1;s:19:\"overall_footer.html\";}'),(257, 0, 2, 0, 0, 0, '86.185.76.91', 1371747081, 'LOG_TEMPLATE_CACHE_CLEARED', 'a:2:{i:0;s:19:\"Artodia: Ultra Blue\";i:1;s:14:\"overall_footer\";}'),(258, 0, 2, 0, 0, 0, '86.185.76.91', 1371747081, 'LOG_TEMPLATE_EDIT', 'a:2:{i:0;s:19:\"Artodia: Ultra Blue\";i:1;s:19:\"overall_footer.html\";}'),(259, 0, 2, 0, 0, 0, '86.185.76.91', 1371747115, 'LOG_TEMPLATE_CACHE_CLEARED', 'a:2:{i:0;s:19:\"Artodia: Ultra Blue\";i:1;s:14:\"overall_footer\";}'),(260, 0, 2, 0, 0, 0, '86.185.76.91', 1371747115, 'LOG_TEMPLATE_EDIT', 'a:2:{i:0;s:19:\"Artodia: Ultra Blue\";i:1;s:19:\"overall_footer.html\";}'),(261, 0, 2, 0, 0, 0, '86.185.76.91', 1371747138, 'LOG_TEMPLATE_CACHE_CLEARED', 'a:2:{i:0;s:19:\"Artodia: Ultra Blue\";i:1;s:14:\"overall_footer\";}'),(262, 0, 2, 0, 0, 0, '86.185.76.91', 1371747138, 'LOG_TEMPLATE_EDIT', 'a:2:{i:0;s:19:\"Artodia: Ultra Blue\";i:1;s:19:\"overall_footer.html\";}'),(263, 0, 2, 0, 0, 0, '86.185.76.91', 1371747203, 'LOG_THEME_EDIT', 'a:2:{i:0;s:19:\"Artodia: Ultra Blue\";i:1;s:0:\"\";}'),(264, 0, 2, 0, 0, 0, '86.185.76.91', 1371747255, 'LOG_TEMPLATE_CACHE_CLEARED', 'a:2:{i:0;s:19:\"Artodia: Ultra Blue\";i:1;s:14:\"overall_footer\";}'),(265, 0, 2, 0, 0, 0, '86.185.76.91', 1371747255, 'LOG_TEMPLATE_EDIT', 'a:2:{i:0;s:19:\"Artodia: Ultra Blue\";i:1;s:19:\"overall_footer.html\";}'),(266, 0, 2, 0, 0, 0, '86.185.76.91', 1371747270, 'LOG_TEMPLATE_CACHE_CLEARED', 'a:2:{i:0;s:19:\"Artodia: Ultra Blue\";i:1;s:14:\"overall_footer\";}'),(267, 0, 2, 0, 0, 0, '86.185.76.91', 1371747270, 'LOG_TEMPLATE_EDIT', 'a:2:{i:0;s:19:\"Artodia: Ultra Blue\";i:1;s:19:\"overall_footer.html\";}'),(268, 0, 2, 0, 0, 0, '86.185.76.91', 1371747339, 'LOG_GROUP_UPDATED', 'a:1:{i:0;s:7:\"Elfette\";}'),(269, 0, 2, 0, 0, 0, '86.185.76.91', 1371747376, 'LOG_GROUP_UPDATED', 'a:1:{i:0;s:16:\"Alliance Officer\";}'),(270, 0, 2, 0, 0, 0, '86.185.76.91', 1371747635, 'LOG_TEMPLATE_CACHE_CLEARED', 'a:2:{i:0;s:19:\"Artodia: Ultra Blue\";i:1;s:14:\"overall_footer\";}'),(271, 0, 2, 0, 0, 0, '86.185.76.91', 1371747635, 'LOG_TEMPLATE_EDIT', 'a:2:{i:0;s:19:\"Artodia: Ultra Blue\";i:1;s:19:\"overall_footer.html\";}'),(272, 0, 2, 0, 0, 0, '86.185.76.91', 1371747941, 'LOG_DB_BACKUP', ''),(273, 0, 2, 0, 0, 0, '86.185.76.91', 1371747964, 'LOG_DB_BACKUP', ''),(274, 3, 1, 0, 0, 54, '2.221.141.251', 1371749750, 'LOG_USER_ACTIVE_USER', ''),(275, 0, 2, 0, 0, 0, '86.185.76.91', 1371749819, 'LOG_GROUP_DEFAULTS', 'a:2:{i:0;s:3:\"Elf\";i:1;s:3:\"Joe\";}'),(276, 0, 2, 0, 0, 0, '86.185.76.91', 1371749819, 'LOG_MODS_ADDED', 'a:2:{i:0;s:3:\"Elf\";i:1;s:3:\"Joe\";}'),(277, 0, 2, 0, 0, 0, '86.185.76.91', 1371749833, 'LOG_USERS_ADDED', 'a:2:{i:0;s:15:\"Alliance Leader\";i:1;s:3:\"Joe\";}'),(278, 0, 2, 0, 0, 0, '86.185.76.91', 1371749841, 'LOG_GROUP_PROMOTED', 'a:2:{i:0;s:15:\"Alliance Leader\";i:1;s:3:\"Joe\";}'),(279, 0, 2, 0, 0, 0, '86.185.76.91', 1371750070, 'LOG_TEMPLATE_CACHE_CLEARED', 'a:2:{i:0;s:19:\"Artodia: Ultra Blue\";i:1;s:14:\"scripts_header\";}'),(280, 0, 2, 0, 0, 0, '86.185.76.91', 1371750070, 'LOG_TEMPLATE_EDIT', 'a:2:{i:0;s:19:\"Artodia: Ultra Blue\";i:1;s:19:\"scripts_header.html\";}'),(281, 0, 2, 0, 0, 0, '86.185.76.91', 1371750092, 'LOG_TEMPLATE_CACHE_CLEARED', 'a:2:{i:0;s:19:\"Artodia: Ultra Blue\";i:1;s:14:\"scripts_header\";}'),(282, 0, 2, 0, 0, 0, '86.185.76.91', 1371750092, 'LOG_TEMPLATE_EDIT', 'a:2:{i:0;s:19:\"Artodia: Ultra Blue\";i:1;s:19:\"scripts_header.html\";}'),(283, 0, 2, 0, 0, 0, '86.185.76.91', 1371759147, 'LOG_THEME_EDIT', 'a:2:{i:0;s:19:\"Artodia: Ultra Blue\";i:1;s:0:\"\";}'),(284, 0, 2, 0, 0, 0, '86.185.76.91', 1371816842, 'LOG_TEMPLATE_CACHE_CLEARED', 'a:2:{i:0;s:19:\"Artodia: Ultra Blue\";i:1;s:14:\"overall_header\";}'),(285, 0, 2, 0, 0, 0, '86.185.76.91', 1371816842, 'LOG_TEMPLATE_EDIT', 'a:2:{i:0;s:19:\"Artodia: Ultra Blue\";i:1;s:19:\"overall_header.html\";}'),(286, 0, 2, 0, 0, 0, '86.185.76.91', 1371835373, 'LOG_ADMIN_AUTH_SUCCESS', ''),(287, 0, 2, 0, 0, 0, '86.185.76.91', 1371835394, 'LOG_CONFIG_AVATAR', ''),(288, 0, 2, 0, 0, 0, '86.185.76.91', 1371835498, 'LOG_CONFIG_AVATAR', ''),(289, 0, 2, 0, 0, 0, '86.185.76.91', 1371902307, 'LOG_ADMIN_AUTH_SUCCESS', ''),(290, 0, 2, 0, 0, 0, '86.185.76.91', 1371902401, 'LOG_PROFILE_FIELD_CREATE', 'a:1:{i:0;s:21:\"main_class:Main Class\";}'),(291, 0, 2, 0, 0, 0, '86.185.76.91', 1371902443, 'LOG_PROFILE_FIELD_CREATE', 'a:1:{i:0;s:11:\"level:Level\";}'),(292, 0, 2, 0, 0, 0, '86.185.76.91', 1371902562, 'LOG_PROFILE_FIELD_CREATE', 'a:1:{i:0;s:27:\"hit_toughness:Hit/Toughness\";}'),(293, 1, 54, 21, 2, 0, '2.221.141.251', 1371921980, 'LOG_POST_EDITED', 'a:2:{i:0;s:30:\"Welcome to the new CCA Forums!\";i:1;s:4:\"Jade\";}'),(294, 0, 2, 0, 0, 0, '86.185.76.91', 1372081331, 'LOG_ADMIN_AUTH_SUCCESS', ''),(295, 0, 2, 0, 0, 0, '86.185.76.91', 1372094363, 'LOG_ADMIN_AUTH_SUCCESS', ''),(296, 0, 2, 0, 0, 0, '86.185.76.91', 1372100051, 'LOG_DB_RESTORE', ''),(297, 0, 2, 0, 0, 0, '86.185.76.91', 1372100103, 'LOG_ADMIN_AUTH_SUCCESS', ''),(298, 0, 2, 0, 0, 0, '86.185.76.91', 1372100184, 'LOG_TEMPLATE_CACHE_CLEARED', 'a:2:{i:0;s:19:\"Artodia: Ultra Blue\";i:1;s:14:\"scripts_header\";}'),(299, 0, 2, 0, 0, 0, '86.185.76.91', 1372100184, 'LOG_TEMPLATE_EDIT', 'a:2:{i:0;s:19:\"Artodia: Ultra Blue\";i:1;s:19:\"scripts_header.html\";}'),(300, 0, 2, 0, 0, 0, '86.185.76.91', 1372100200, 'LOG_TEMPLATE_CACHE_CLEARED', 'a:2:{i:0;s:19:\"Artodia: Ultra Blue\";i:1;s:14:\"overall_footer\";}'),(301, 0, 2, 0, 0, 0, '86.185.76.91', 1372100200, 'LOG_TEMPLATE_EDIT', 'a:2:{i:0;s:19:\"Artodia: Ultra Blue\";i:1;s:19:\"overall_footer.html\";}'),(302, 0, 2, 0, 0, 0, '86.185.76.91', 1372100540, 'LOG_DB_BACKUP', ''),(303, 0, 2, 0, 0, 0, '86.185.76.91', 1372100566, 'LOG_CONFIG_SETTINGS', ''),(304, 0, 2, 0, 0, 0, '86.185.76.91', 1372103707, 'LOG_ADMIN_AUTH_SUCCESS', ''),(305, 0, 2, 0, 0, 0, '86.185.76.91', 1372103729, 'LOG_CONFIG_SERVER', ''),(306, 0, 2, 0, 0, 0, '86.185.76.91', 1372103736, 'LOG_CONFIG_COOKIE', ''),(307, 0, 2, 0, 0, 0, '86.185.76.91', 1372103772, 'LOG_TEMPLATE_CACHE_CLEARED', 'a:2:{i:0;s:19:\"Artodia: Ultra Blue\";i:1;s:14:\"overall_header\";}'),(308, 0, 2, 0, 0, 0, '86.185.76.91', 1372103772, 'LOG_TEMPLATE_EDIT', 'a:2:{i:0;s:19:\"Artodia: Ultra Blue\";i:1;s:19:\"overall_header.html\";}'),(309, 1, 2, 21, 2, 0, '86.185.76.91', 1372105364, 'LOG_DELETE_POST', 'a:2:{i:0;s:34:\"Re: Welcome to the new CCA Forums!\";i:1;s:4:\"Jade\";}'),(310, 1, 2, 21, 2, 0, '86.185.76.91', 1372105368, 'LOG_DELETE_POST', 'a:2:{i:0;s:34:\"Re: Welcome to the new CCA Forums!\";i:1;s:3:\"Joe\";}'),(311, 0, 2, 0, 0, 0, '86.185.76.91', 1372105474, 'LOG_ADMIN_AUTH_SUCCESS', ''),(312, 0, 2, 0, 0, 0, '86.185.76.91', 1372105493, 'LOG_GROUP_REMOVE', 'a:2:{i:0;s:7:\"Elfette\";i:1;s:4:\"Jade\";}'),(313, 0, 2, 0, 0, 0, '86.185.76.91', 1372105516, 'LOG_GROUP_DEFAULTS', 'a:2:{i:0;s:14:\"Administrators\";i:1;s:4:\"Jade\";}'),(314, 0, 2, 0, 0, 0, '86.185.76.91', 1372105532, 'LOG_GROUP_UPDATED', 'a:1:{i:0;s:7:\"Elfette\";}'),(315, 0, 2, 0, 0, 0, '86.185.76.91', 1372105540, 'LOG_GROUP_UPDATED', 'a:1:{i:0;s:7:\"Elfette\";}'),(316, 0, 2, 0, 0, 0, '86.185.76.91', 1372108041, 'LOG_GROUP_DEFAULTS', 'a:2:{i:0;s:7:\"Elfette\";i:1;s:4:\"Jade\";}'),(317, 0, 2, 0, 0, 0, '86.185.76.91', 1372108041, 'LOG_MODS_ADDED', 'a:2:{i:0;s:7:\"Elfette\";i:1;s:4:\"Jade\";}'),(318, 0, 2, 0, 0, 0, '86.185.76.91', 1372120628, 'LOG_GROUP_UPDATED', 'a:1:{i:0;s:3:\"Elf\";}'),(319, 0, 2, 0, 0, 0, '86.185.76.91', 1372120778, 'LOG_GROUP_DEFAULTS', 'a:2:{i:0;s:15:\"Alliance Leader\";i:1;s:8:\"Epidemic\";}'),(320, 0, 2, 0, 0, 0, '86.185.76.91', 1372120778, 'LOG_MODS_ADDED', 'a:2:{i:0;s:15:\"Alliance Leader\";i:1;s:8:\"Epidemic\";}'),(321, 0, 2, 0, 0, 0, '86.185.76.91', 1372120802, 'LOG_USER_ACTIVE', 'a:1:{i:0;s:8:\"Epidemic\";}'),(322, 3, 2, 0, 0, 55, '86.185.76.91', 1372120802, 'LOG_USER_ACTIVE_USER', ''),(323, 0, 2, 0, 0, 0, '86.185.76.91', 1372120840, 'LOG_CONFIG_REGISTRATION', ''),(324, 0, 2, 0, 0, 0, '86.185.76.91', 1372156039, 'LOG_FORUM_ADD', 'a:1:{i:0;s:20:\"Raids &amp; Dungeons\";}'),(325, 0, 2, 0, 0, 0, '86.185.76.91', 1372156039, 'LOG_FORUM_COPIED_PERMISSIONS', 'a:2:{i:0;s:15:\"Rift Discussion\";i:1;s:20:\"Raids &amp; Dungeons\";}'),(326, 0, 2, 0, 0, 0, '86.185.76.91', 1372156059, 'LOG_FORUM_EDIT', 'a:1:{i:0;s:20:\"Raids &amp; Dungeons\";}'),(327, 0, 2, 0, 0, 0, '86.185.76.91', 1372156067, 'LOG_FORUM_EDIT', 'a:1:{i:0;s:20:\"Raids &amp; Dungeons\";}'),(328, 3, 1, 0, 0, 55, '94.172.164.33', 1372165599, 'LOG_USER_NEW_PASSWORD', 'a:1:{i:0;s:8:\"Epidemic\";}'),(329, 0, 55, 0, 0, 0, '94.172.164.33', 1372166416, 'LOG_ADMIN_AUTH_SUCCESS', ''),(330, 3, 1, 0, 0, 55, '94.172.164.33', 1372175690, 'LOG_USER_NEW_PASSWORD', 'a:1:{i:0;s:8:\"Epidemic\";}'),(331, 0, 2, 0, 0, 0, '109.157.12.214', 1372176957, 'LOG_ADMIN_AUTH_SUCCESS', ''),(332, 3, 1, 0, 0, 56, '68.47.199.174', 1372385593, 'LOG_USER_ACTIVE_USER', ''),(333, 3, 1, 0, 0, 57, '68.47.199.174', 1372553317, 'LOG_USER_ACTIVE_USER', ''),(334, 0, 2, 0, 0, 0, '109.157.12.214', 1372702091, 'LOG_ADMIN_AUTH_SUCCESS', ''),(335, 0, 2, 0, 0, 0, '109.157.12.214', 1372732168, 'LOG_CONFIG_SETTINGS', ''),(336, 0, 2, 0, 0, 0, '109.157.12.214', 1372732190, 'LOG_CONFIG_SETTINGS', ''),(337, 0, 2, 0, 0, 0, '109.157.12.214', 1372732632, 'LOG_CONFIG_SETTINGS', ''),(338, 0, 2, 0, 0, 0, '109.157.12.214', 1372732643, 'LOG_PURGE_CACHE', ''),(339, 0, 2, 0, 0, 0, '109.157.12.214', 1372859279, 'LOG_ADMIN_AUTH_SUCCESS', ''),(340, 0, 2, 0, 0, 0, '109.157.12.214', 1372869826, 'LOG_TEMPLATE_CACHE_CLEARED', 'a:2:{i:0;s:19:\"Artodia: Ultra Blue\";i:1;s:14:\"overall_header\";}'),(341, 0, 2, 0, 0, 0, '109.157.12.214', 1372869826, 'LOG_TEMPLATE_EDIT', 'a:2:{i:0;s:19:\"Artodia: Ultra Blue\";i:1;s:19:\"overall_header.html\";}'),(342, 3, 1, 0, 0, 58, '89.182.37.240', 1372886157, 'LOG_USER_ACTIVE_USER', ''),(343, 0, 2, 0, 0, 0, '109.157.12.214', 1372955334, 'LOG_ADMIN_AUTH_SUCCESS', ''),(344, 0, 2, 0, 0, 0, '109.157.12.214', 1372958104, 'LOG_PROFILE_FIELD_CREATE', 'a:1:{i:0;s:18:\"alt_one:Alt Name 1\";}'),(345, 0, 2, 0, 0, 0, '109.157.12.214', 1372958128, 'LOG_PROFILE_FIELD_CREATE', 'a:1:{i:0;s:18:\"alt_two:Alt Name 2\";}'),(346, 0, 2, 0, 0, 0, '109.157.12.214', 1372958167, 'LOG_PROFILE_FIELD_CREATE', 'a:1:{i:0;s:20:\"alt_three:Alt Name 3\";}'),(347, 0, 2, 0, 0, 0, '109.157.12.214', 1372958316, 'LOG_PROFILE_FIELD_EDIT', 'a:1:{i:0;s:18:\"alt_one:Alt Name 1\";}'),(348, 0, 2, 0, 0, 0, '109.157.12.214', 1372958325, 'LOG_PROFILE_FIELD_EDIT', 'a:1:{i:0;s:18:\"alt_two:Alt Name 2\";}'),(349, 0, 2, 0, 0, 0, '109.157.12.214', 1372958331, 'LOG_PROFILE_FIELD_EDIT', 'a:1:{i:0;s:20:\"alt_three:Alt Name 3\";}'),(350, 0, 2, 0, 0, 0, '109.157.12.214', 1372958339, 'LOG_PROFILE_FIELD_EDIT', 'a:1:{i:0;s:27:\"hit_toughness:Hit/Toughness\";}'),(351, 0, 2, 0, 0, 0, '109.157.12.214', 1372958349, 'LOG_PROFILE_FIELD_EDIT', 'a:1:{i:0;s:27:\"hit_toughness:Hit/Toughness\";}'),(352, 0, 2, 0, 0, 0, '109.157.12.214', 1372958373, 'LOG_PROFILE_FIELD_REMOVED', 'a:1:{i:0;s:10:\"main_class\";}'),(353, 0, 2, 0, 0, 0, '109.157.12.214', 1372958422, 'LOG_PROFILE_FIELD_CREATE', 'a:1:{i:0;s:21:\"main_class:main_class\";}'),(354, 0, 2, 0, 0, 0, '109.157.12.214', 1373056169, 'LOG_GROUP_DEFAULTS', 'a:2:{i:0;s:15:\"Alliance Leader\";i:1;s:5:\"Nalon\";}'),(355, 0, 2, 0, 0, 0, '109.157.12.214', 1373056169, 'LOG_MODS_ADDED', 'a:2:{i:0;s:15:\"Alliance Leader\";i:1;s:5:\"Nalon\";}'),(356, 0, 2, 0, 0, 0, '109.157.12.214', 1373056256, 'LOG_ACL_ADD_FORUM_LOCAL_F_', 'a:2:{i:0;s:326:\"Rift Discussion, General Discussion, General Discussion, Classes of Telara, Class Discussion, Warrior, Rogue, Mage, Cleric, Class Guides, Warrior, Rogue, Mage, Cleric, Crafting, Members Discussion, General Discussion, Member Announcements, General Announcements, Leadership Discussion, General Discussion, Raids &amp; Dungeons\";i:1;s:47:\"<span class=\"sep\">Newly registered users</span>\";}'),(357, 0, 2, 0, 0, 0, '109.157.12.214', 1373056285, 'LOG_CONFIG_REGISTRATION', ''),(358, 3, 2, 0, 0, 54, '109.157.12.214', 1373131387, 'LOG_USER_NEW_PASSWORD', 'a:1:{i:0;s:3:\"Joe\";}'),(359, 0, 2, 0, 0, 0, '109.157.12.214', 1373131387, 'LOG_USER_USER_UPDATE', 'a:1:{i:0;s:3:\"Joe\";}'),(360, 0, 54, 0, 0, 0, '77.102.180.216', 1373232911, 'LOG_ADMIN_AUTH_SUCCESS', ''),(361, 0, 2, 0, 0, 0, '86.185.78.168', 1373549426, 'LOG_ADMIN_AUTH_SUCCESS', ''),(362, 0, 2, 0, 0, 0, '86.185.78.168', 1373549593, 'LOG_THEME_EDIT', 'a:2:{i:0;s:19:\"Artodia: Ultra Blue\";i:1;s:0:\"\";}'),(363, 0, 2, 0, 0, 0, '86.185.78.168', 1373549721, 'LOG_TEMPLATE_CACHE_CLEARED', 'a:2:{i:0;s:19:\"Artodia: Ultra Blue\";i:1;s:14:\"overall_header\";}'),(364, 0, 2, 0, 0, 0, '86.185.78.168', 1373549721, 'LOG_TEMPLATE_EDIT', 'a:2:{i:0;s:19:\"Artodia: Ultra Blue\";i:1;s:19:\"overall_header.html\";}'),(365, 0, 2, 0, 0, 0, '86.185.78.168', 1373549753, 'LOG_TEMPLATE_CACHE_CLEARED', 'a:2:{i:0;s:19:\"Artodia: Ultra Blue\";i:1;s:14:\"overall_footer\";}'),(366, 0, 2, 0, 0, 0, '86.185.78.168', 1373549753, 'LOG_TEMPLATE_EDIT', 'a:2:{i:0;s:19:\"Artodia: Ultra Blue\";i:1;s:19:\"overall_footer.html\";}'),(367, 0, 2, 0, 0, 0, '86.185.78.168', 1373549775, 'LOG_PURGE_CACHE', ''),(368, 0, 2, 0, 0, 0, '86.185.78.168', 1373549838, 'LOG_TEMPLATE_CACHE_CLEARED', 'a:2:{i:0;s:19:\"Artodia: Ultra Blue\";i:1;s:9:\"All files\";}'),(369, 0, 2, 0, 0, 0, '86.185.78.168', 1373549841, 'LOG_THEME_REFRESHED', 'a:1:{i:0;s:19:\"Artodia: Ultra Blue\";}'),(370, 0, 2, 0, 0, 0, '86.185.78.168', 1373549844, 'LOG_IMAGESET_REFRESHED', 'a:1:{i:0;s:19:\"Artodia: Ultra Blue\";}'),(371, 0, 2, 0, 0, 0, '86.185.78.168', 1373549895, 'LOG_TEMPLATE_CACHE_CLEARED', 'a:2:{i:0;s:19:\"Artodia: Ultra Blue\";i:1;s:14:\"scripts_header\";}'),(372, 0, 2, 0, 0, 0, '86.185.78.168', 1373549895, 'LOG_TEMPLATE_EDIT', 'a:2:{i:0;s:19:\"Artodia: Ultra Blue\";i:1;s:19:\"scripts_header.html\";}'),(373, 0, 2, 0, 0, 0, '86.185.78.168', 1373549901, 'LOG_TEMPLATE_CACHE_CLEARED', 'a:2:{i:0;s:19:\"Artodia: Ultra Blue\";i:1;s:9:\"All files\";}'),(374, 0, 2, 0, 0, 0, '86.185.78.168', 1373549904, 'LOG_TEMPLATE_CACHE_CLEARED', 'a:2:{i:0;s:9:\"prosilver\";i:1;s:9:\"All files\";}'),(375, 0, 2, 0, 0, 0, '86.185.78.168', 1373549914, 'LOG_THEME_REFRESHED', 'a:1:{i:0;s:19:\"Artodia: Ultra Blue\";}'),(376, 0, 2, 0, 0, 0, '86.185.78.168', 1373549968, 'LOG_THEME_EDIT', 'a:2:{i:0;s:19:\"Artodia: Ultra Blue\";i:1;s:0:\"\";}'),(377, 0, 2, 0, 0, 0, '86.185.78.168', 1373549974, 'LOG_THEME_REFRESHED', 'a:1:{i:0;s:19:\"Artodia: Ultra Blue\";}'),(378, 0, 2, 0, 0, 0, '86.185.78.168', 1373550018, 'LOG_THEME_EDIT', 'a:2:{i:0;s:19:\"Artodia: Ultra Blue\";i:1;s:0:\"\";}'),(379, 0, 2, 0, 0, 0, '86.185.78.168', 1373550068, 'LOG_THEME_EDIT', 'a:2:{i:0;s:19:\"Artodia: Ultra Blue\";i:1;s:0:\"\";}'),(380, 0, 2, 0, 0, 0, '86.185.78.168', 1373550144, 'LOG_THEME_EDIT', 'a:2:{i:0;s:19:\"Artodia: Ultra Blue\";i:1;s:0:\"\";}'),(381, 0, 2, 0, 0, 0, '86.185.78.168', 1373550159, 'LOG_THEME_EDIT', 'a:2:{i:0;s:19:\"Artodia: Ultra Blue\";i:1;s:0:\"\";}'),(382, 0, 2, 0, 0, 0, '86.185.78.168', 1373550233, 'LOG_THEME_EDIT', 'a:2:{i:0;s:19:\"Artodia: Ultra Blue\";i:1;s:0:\"\";}'),(383, 0, 2, 0, 0, 0, '86.185.78.168', 1373550280, 'LOG_THEME_EDIT', 'a:2:{i:0;s:19:\"Artodia: Ultra Blue\";i:1;s:0:\"\";}'),(384, 0, 2, 0, 0, 0, '86.185.78.168', 1373550318, 'LOG_THEME_EDIT', 'a:2:{i:0;s:19:\"Artodia: Ultra Blue\";i:1;s:0:\"\";}'),(385, 0, 2, 0, 0, 0, '86.185.78.168', 1373550366, 'LOG_THEME_EDIT', 'a:2:{i:0;s:19:\"Artodia: Ultra Blue\";i:1;s:0:\"\";}'),(386, 0, 2, 0, 0, 0, '86.185.78.168', 1373550421, 'LOG_THEME_EDIT', 'a:2:{i:0;s:19:\"Artodia: Ultra Blue\";i:1;s:0:\"\";}'),(387, 0, 2, 0, 0, 0, '86.185.78.168', 1373550451, 'LOG_THEME_EDIT', 'a:2:{i:0;s:19:\"Artodia: Ultra Blue\";i:1;s:0:\"\";}'),(388, 0, 2, 0, 0, 0, '86.185.78.168', 1373550466, 'LOG_TEMPLATE_CACHE_CLEARED', 'a:2:{i:0;s:19:\"Artodia: Ultra Blue\";i:1;s:14:\"overall_header\";}'),(389, 0, 2, 0, 0, 0, '86.185.78.168', 1373550466, 'LOG_TEMPLATE_EDIT', 'a:2:{i:0;s:19:\"Artodia: Ultra Blue\";i:1;s:19:\"overall_header.html\";}'),(390, 0, 2, 0, 0, 0, '86.185.78.168', 1373550545, 'LOG_TEMPLATE_CACHE_CLEARED', 'a:2:{i:0;s:19:\"Artodia: Ultra Blue\";i:1;s:14:\"overall_header\";}'),(391, 0, 2, 0, 0, 0, '86.185.78.168', 1373550545, 'LOG_TEMPLATE_EDIT', 'a:2:{i:0;s:19:\"Artodia: Ultra Blue\";i:1;s:19:\"overall_header.html\";}'),(392, 0, 2, 0, 0, 0, '86.185.78.168', 1373550690, 'LOG_THEME_EDIT', 'a:2:{i:0;s:19:\"Artodia: Ultra Blue\";i:1;s:0:\"\";}'),(393, 0, 2, 0, 0, 0, '86.185.78.168', 1373550727, 'LOG_THEME_EDIT', 'a:2:{i:0;s:19:\"Artodia: Ultra Blue\";i:1;s:0:\"\";}'),(394, 0, 2, 0, 0, 0, '86.185.78.168', 1373550753, 'LOG_TEMPLATE_CACHE_CLEARED', 'a:2:{i:0;s:19:\"Artodia: Ultra Blue\";i:1;s:14:\"overall_header\";}'),(395, 0, 2, 0, 0, 0, '86.185.78.168', 1373550753, 'LOG_TEMPLATE_EDIT', 'a:2:{i:0;s:19:\"Artodia: Ultra Blue\";i:1;s:19:\"overall_header.html\";}'),(396, 0, 2, 0, 0, 0, '86.185.78.168', 1373550762, 'LOG_TEMPLATE_CACHE_CLEARED', 'a:2:{i:0;s:19:\"Artodia: Ultra Blue\";i:1;s:14:\"overall_footer\";}'),(397, 0, 2, 0, 0, 0, '86.185.78.168', 1373550762, 'LOG_TEMPLATE_EDIT', 'a:2:{i:0;s:19:\"Artodia: Ultra Blue\";i:1;s:19:\"overall_footer.html\";}'),(398, 0, 2, 0, 0, 0, '86.185.78.168', 1373550820, 'LOG_THEME_EDIT', 'a:2:{i:0;s:19:\"Artodia: Ultra Blue\";i:1;s:0:\"\";}'),(399, 0, 2, 0, 0, 0, '86.185.78.168', 1373550863, 'LOG_THEME_EDIT', 'a:2:{i:0;s:19:\"Artodia: Ultra Blue\";i:1;s:0:\"\";}'),(400, 0, 2, 0, 0, 0, '86.185.78.168', 1373550945, 'LOG_THEME_EDIT', 'a:2:{i:0;s:19:\"Artodia: Ultra Blue\";i:1;s:0:\"\";}'),(401, 0, 2, 0, 0, 0, '86.185.78.168', 1373551069, 'LOG_THEME_EDIT', 'a:2:{i:0;s:19:\"Artodia: Ultra Blue\";i:1;s:0:\"\";}'),(402, 0, 2, 0, 0, 0, '86.185.78.168', 1373551128, 'LOG_THEME_EDIT', 'a:2:{i:0;s:19:\"Artodia: Ultra Blue\";i:1;s:0:\"\";}'),(403, 0, 2, 0, 0, 0, '86.185.78.168', 1373551239, 'LOG_CONFIG_SECURITY', ''),(404, 0, 2, 0, 0, 0, '86.185.78.168', 1373551260, 'LOG_TEMPLATE_CACHE_CLEARED', 'a:2:{i:0;s:19:\"Artodia: Ultra Blue\";i:1;s:14:\"overall_footer\";}'),(405, 0, 2, 0, 0, 0, '86.185.78.168', 1373551260, 'LOG_TEMPLATE_EDIT', 'a:2:{i:0;s:19:\"Artodia: Ultra Blue\";i:1;s:19:\"overall_footer.html\";}'),(406, 0, 2, 0, 0, 0, '86.185.78.168', 1373551272, 'LOG_TEMPLATE_CACHE_CLEARED', 'a:2:{i:0;s:19:\"Artodia: Ultra Blue\";i:1;s:14:\"overall_footer\";}'),(407, 0, 2, 0, 0, 0, '86.185.78.168', 1373551272, 'LOG_TEMPLATE_EDIT', 'a:2:{i:0;s:19:\"Artodia: Ultra Blue\";i:1;s:19:\"overall_footer.html\";}'),(408, 0, 2, 0, 0, 0, '86.185.78.168', 1373551457, 'LOG_TEMPLATE_CACHE_CLEARED', 'a:2:{i:0;s:19:\"Artodia: Ultra Blue\";i:1;s:14:\"overall_header\";}'),(409, 0, 2, 0, 0, 0, '86.185.78.168', 1373551457, 'LOG_TEMPLATE_EDIT', 'a:2:{i:0;s:19:\"Artodia: Ultra Blue\";i:1;s:19:\"overall_header.html\";}'),(410, 0, 2, 0, 0, 0, '86.185.78.168', 1373551475, 'LOG_TEMPLATE_CACHE_CLEARED', 'a:2:{i:0;s:19:\"Artodia: Ultra Blue\";i:1;s:14:\"overall_header\";}'),(411, 0, 2, 0, 0, 0, '86.185.78.168', 1373551475, 'LOG_TEMPLATE_EDIT', 'a:2:{i:0;s:19:\"Artodia: Ultra Blue\";i:1;s:19:\"overall_header.html\";}'),(412, 0, 2, 0, 0, 0, '86.185.78.168', 1373551575, 'LOG_TEMPLATE_CACHE_CLEARED', 'a:2:{i:0;s:19:\"Artodia: Ultra Blue\";i:1;s:14:\"scripts_footer\";}'),(413, 0, 2, 0, 0, 0, '86.185.78.168', 1373551575, 'LOG_TEMPLATE_EDIT', 'a:2:{i:0;s:19:\"Artodia: Ultra Blue\";i:1;s:19:\"scripts_footer.html\";}'),(414, 0, 2, 0, 0, 0, '86.185.78.168', 1373552700, 'LOG_TEMPLATE_CACHE_CLEARED', 'a:2:{i:0;s:19:\"Artodia: Ultra Blue\";i:1;s:14:\"overall_header\";}'),(415, 0, 2, 0, 0, 0, '86.185.78.168', 1373552700, 'LOG_TEMPLATE_EDIT', 'a:2:{i:0;s:19:\"Artodia: Ultra Blue\";i:1;s:19:\"overall_header.html\";}'),(416, 0, 2, 0, 0, 0, '86.185.78.168', 1373552955, 'LOG_STYLE_EXPORT', 'a:1:{i:0;s:19:\"Artodia: Ultra Blue\";}'),(417, 0, 2, 0, 0, 0, '86.185.78.168', 1373553632, 'LOG_CONFIG_EMAIL', ''),(418, 0, 2, 0, 0, 0, '86.185.78.168', 1373553639, 'LOG_CONFIG_EMAIL', ''),(419, 0, 2, 0, 0, 0, '86.185.78.168', 1373557218, 'LOG_GROUP_UPDATED', 'a:1:{i:0;s:7:\"Elfette\";}'),(420, 0, 2, 0, 0, 0, '86.185.78.168', 1373557228, 'LOG_GROUP_UPDATED', 'a:1:{i:0;s:7:\"Elfette\";}'),(421, 0, 2, 0, 0, 0, '86.185.78.168', 1373557315, 'LOG_USERS_PENDING', 'a:2:{i:0;s:15:\"Alliance Member\";i:1;s:4:\"Jade\";}'),(422, 3, 2, 0, 0, 2, '86.185.78.168', 1373557315, 'LOG_USER_GROUP_JOIN_PENDING', 'a:1:{i:0;s:15:\"Alliance Member\";}'),(423, 0, 2, 0, 0, 0, '86.185.78.168', 1373557333, 'LOG_USERS_APPROVED', 'a:2:{i:0;s:15:\"Alliance Member\";i:1;s:4:\"Jade\";}'),(424, 0, 2, 0, 0, 0, '86.185.78.168', 1373557417, 'LOG_MODS_ADDED', 'a:2:{i:0;s:16:\"Alliance Officer\";i:1;s:8:\"Epidemic\";}'),(425, 0, 2, 0, 0, 0, '86.185.78.168', 1373557438, 'LOG_MODS_ADDED', 'a:2:{i:0;s:13:\"Event Manager\";i:1;s:8:\"Epidemic\";}'),(426, 0, 2, 0, 0, 0, '86.185.78.168', 1373557447, 'LOG_MODS_ADDED', 'a:2:{i:0;s:18:\"Alliance Applicant\";i:1;s:8:\"Epidemic\";}'),(427, 0, 2, 0, 0, 0, '86.185.78.168', 1373557464, 'LOG_GROUP_UPDATED', 'a:1:{i:0;s:3:\"Elf\";}'),(428, 0, 2, 0, 0, 0, '86.185.78.168', 1373557469, 'LOG_GROUP_UPDATED', 'a:1:{i:0;s:7:\"Elfette\";}'),(429, 0, 2, 0, 0, 0, '86.185.78.168', 1373557612, 'LOG_PROFILE_FIELD_EDIT', 'a:1:{i:0;s:21:\"main_class:Main Class\";}'),(430, 0, 55, 0, 0, 0, '94.172.164.33', 1373557644, 'LOG_ADMIN_AUTH_SUCCESS', ''),(431, 0, 2, 0, 0, 0, '86.185.78.168', 1373557796, 'LOG_PROFILE_FIELD_EDIT', 'a:1:{i:0;s:25:\"hit_toughness:Information\";}'),(432, 0, 2, 0, 0, 0, '86.185.78.168', 1373557964, 'LOG_PROFILE_FIELD_CREATE', 'a:1:{i:0;s:34:\"main_char_name:Main Character Name\";}'),(433, 0, 2, 0, 0, 0, '86.185.78.168', 1373560318, 'LOG_PROFILE_FIELD_CREATE', 'a:1:{i:0;s:25:\"alt_one_class:Alt 1 Class\";}'),(434, 0, 2, 0, 0, 0, '86.185.78.168', 1373560354, 'LOG_PROFILE_FIELD_CREATE', 'a:1:{i:0;s:25:\"alt_two_class:Alt 2 Class\";}'),(435, 0, 2, 0, 0, 0, '86.185.78.168', 1373560381, 'LOG_PROFILE_FIELD_CREATE', 'a:1:{i:0;s:27:\"alt_three_class:Alt 3 Class\";}'),(436, 0, 2, 0, 0, 0, '86.185.78.168', 1373563295, 'LOG_FORUM_COPIED_PERMISSIONS', 'a:2:{i:0;s:18:\"General Discussion\";i:1;s:15:\"Rift Discussion\";}'),(437, 0, 2, 0, 0, 0, '86.185.78.168', 1373563302, 'LOG_FORUM_COPIED_PERMISSIONS', 'a:2:{i:0;s:18:\"General Discussion\";i:1;s:17:\"Classes of Telara\";}'),(438, 0, 2, 0, 0, 0, '86.185.78.168', 1373563307, 'LOG_FORUM_COPIED_PERMISSIONS', 'a:2:{i:0;s:18:\"General Discussion\";i:1;s:16:\"Class Discussion\";}'),(439, 0, 2, 0, 0, 0, '86.185.78.168', 1373563317, 'LOG_FORUM_COPIED_PERMISSIONS', 'a:2:{i:0;s:18:\"General Discussion\";i:1;s:12:\"Class Guides\";}'),(440, 0, 2, 0, 0, 0, '86.185.78.168', 1373563339, 'LOG_FORUM_COPIED_PERMISSIONS', 'a:2:{i:0;s:18:\"General Discussion\";i:1;s:8:\"Crafting\";}'),(441, 0, 2, 0, 0, 0, '86.185.78.168', 1373563345, 'LOG_FORUM_COPIED_PERMISSIONS', 'a:2:{i:0;s:18:\"General Discussion\";i:1;s:20:\"Raids &amp; Dungeons\";}'),(442, 0, 2, 0, 0, 0, '86.185.78.168', 1373565055, 'LOG_MODS_ADDED', 'a:2:{i:0;s:16:\"Alliance Officer\";i:1;s:5:\"Nalon\";}'),(443, 0, 58, 0, 0, 0, '89.183.18.224', 1373565075, 'LOG_ADMIN_AUTH_SUCCESS', ''),(444, 0, 2, 0, 0, 0, '86.185.78.168', 1373565097, 'LOG_MODS_ADDED', 'a:2:{i:0;s:13:\"Event Manager\";i:1;s:5:\"Nalon\";}'),(445, 0, 58, 0, 0, 0, '89.183.18.224', 1373565115, 'LOG_USER_ACTIVE', 'a:1:{i:0;s:7:\"Silenae\";}'),(738, 0, 2, 0, 0, 0, '86.157.175.19', 1375651762, 'LOG_GROUP_DEFAULTS', 'a:2:{i:0;s:15:\"Alliance Member\";i:1;s:8:\"Shpongle\";}'),(447, 0, 2, 0, 0, 0, '86.185.78.168', 1373565131, 'LOG_MODS_ADDED', 'a:2:{i:0;s:15:\"Alliance Member\";i:1;s:5:\"Nalon\";}'),(448, 0, 2, 0, 0, 0, '86.185.78.168', 1373565139, 'LOG_MODS_ADDED', 'a:2:{i:0;s:15:\"Alliance Member\";i:1;s:8:\"Epidemic\";}'),(449, 0, 2, 0, 0, 0, '86.185.78.168', 1373565147, 'LOG_MODS_ADDED', 'a:2:{i:0;s:18:\"Alliance Applicant\";i:1;s:5:\"Nalon\";}'),(450, 0, 1, 0, 0, 0, '89.183.18.224', 1373565217, 'LOG_USERS_PENDING', 'a:2:{i:0;s:15:\"Alliance Member\";i:1;s:7:\"Silenae\";}'),(737, 0, 2, 0, 0, 0, '86.157.175.19', 1375651713, 'LOG_USER_DELETED', 'a:1:{i:0;s:7:\"Silenae\";}'),(452, 0, 58, 0, 0, 0, '89.183.18.224', 1373565231, 'LOG_USERS_APPROVED', 'a:2:{i:0;s:15:\"Alliance Member\";i:1;s:7:\"Silenae\";}'),(453, 0, 58, 0, 0, 0, '89.183.18.224', 1373565392, 'LOG_GROUP_DEFAULTS', 'a:2:{i:0;s:15:\"Alliance Member\";i:1;s:7:\"Silenae\";}'),(454, 0, 2, 0, 0, 0, '86.185.78.168', 1373567423, 'LOG_ACL_TRANSFER_PERMISSIONS', 'a:1:{i:0;s:7:\"Silenae\";}'),(455, 0, 2, 0, 0, 0, '86.185.78.168', 1373567445, 'LOG_ACL_RESTORE_PERMISSIONS', 'a:1:{i:0;s:7:\"Silenae\";}'),(456, 0, 2, 0, 0, 0, '86.185.78.168', 1373567476, 'LOG_ACL_ADD_FORUM_LOCAL_F_', 'a:2:{i:0;s:60:\"Members Discussion, General Discussion, Member Announcements\";i:1;s:15:\"Alliance Member\";}'),(457, 0, 2, 0, 0, 0, '86.185.78.168', 1373567556, 'LOG_GROUP_UPDATED', 'a:1:{i:0;s:17:\"Global moderators\";}'),(458, 0, 2, 0, 0, 0, '86.185.78.168', 1373567891, 'LOG_TEMPLATE_CACHE_CLEARED', 'a:2:{i:0;s:19:\"Artodia: Ultra Blue\";i:1;s:14:\"overall_header\";}'),(459, 0, 2, 0, 0, 0, '86.185.78.168', 1373567891, 'LOG_TEMPLATE_EDIT', 'a:2:{i:0;s:19:\"Artodia: Ultra Blue\";i:1;s:19:\"overall_header.html\";}'),(460, 0, 2, 0, 0, 0, '86.185.78.168', 1373567975, 'LOG_RANK_ADDED', 'a:1:{i:0;s:15:\"Alliance Raider\";}'),(461, 0, 2, 0, 0, 0, '86.185.78.168', 1373568006, 'LOG_GROUP_CREATED', 'a:1:{i:0;s:15:\"Alliance Raider\";}'),(462, 0, 2, 0, 0, 0, '86.185.78.168', 1373568024, 'LOG_MODS_ADDED', 'a:2:{i:0;s:15:\"Alliance Raider\";i:1;s:21:\"Jade, Nalon, Epidemic\";}'),(463, 0, 2, 0, 0, 0, '86.185.78.168', 1373568072, 'LOG_TEMPLATE_CACHE_CLEARED', 'a:2:{i:0;s:19:\"Artodia: Ultra Blue\";i:1;s:14:\"overall_header\";}'),(464, 0, 2, 0, 0, 0, '86.185.78.168', 1373568072, 'LOG_TEMPLATE_EDIT', 'a:2:{i:0;s:19:\"Artodia: Ultra Blue\";i:1;s:19:\"overall_header.html\";}'),(465, 0, 2, 0, 0, 0, '86.185.78.168', 1373572017, 'LOG_CONFIG_MESSAGE', ''),(466, 0, 2, 0, 0, 0, '86.185.78.168', 1373572245, 'LOG_CONFIG_EMAIL', ''),(467, 0, 2, 0, 0, 0, '86.185.78.168', 1373572339, 'LOG_GROUP_REMOVE', 'a:2:{i:0;s:13:\"Event Manager\";i:1;s:15:\"Epidemic, Nalon\";}'),(468, 0, 2, 0, 0, 0, '86.185.78.168', 1373572359, 'LOG_GROUP_REMOVE', 'a:2:{i:0;s:16:\"Alliance Officer\";i:1;s:15:\"Epidemic, Nalon\";}'),(469, 0, 2, 0, 0, 0, '86.185.78.168', 1373572371, 'LOG_GROUP_REMOVE', 'a:2:{i:0;s:15:\"Alliance Member\";i:1;s:15:\"Epidemic, Nalon\";}'),(470, 0, 2, 0, 0, 0, '86.185.78.168', 1373572381, 'LOG_GROUP_REMOVE', 'a:2:{i:0;s:18:\"Alliance Applicant\";i:1;s:15:\"Epidemic, Nalon\";}'),(471, 0, 2, 0, 0, 0, '86.185.78.168', 1373573962, 'LOG_MODS_ADDED', 'a:2:{i:0;s:18:\"Alliance Applicant\";i:1;s:4:\"Jade\";}'),(472, 0, 2, 0, 0, 0, '86.185.78.168', 1373573972, 'LOG_MODS_ADDED', 'a:2:{i:0;s:16:\"Alliance Officer\";i:1;s:4:\"Jade\";}'),(473, 0, 2, 0, 0, 0, '86.185.78.168', 1373573982, 'LOG_MODS_ADDED', 'a:2:{i:0;s:13:\"Event Manager\";i:1;s:4:\"Jade\";}'),(474, 0, 2, 0, 0, 0, '86.185.78.168', 1373574094, 'LOG_MODS_ADDED', 'a:2:{i:0;s:15:\"Alliance Member\";i:1;s:20:\"Nalon, Epidemic, Joe\";}'),(475, 0, 2, 0, 0, 0, '86.185.78.168', 1373574147, 'LOG_GROUP_REMOVE', 'a:2:{i:0;s:18:\"Alliance Applicant\";i:1;s:4:\"Jade\";}'),(476, 0, 2, 0, 0, 0, '86.185.78.168', 1373574174, 'LOG_GROUP_REMOVE', 'a:2:{i:0;s:13:\"Event Manager\";i:1;s:4:\"Jade\";}'),(477, 0, 2, 0, 0, 0, '86.185.78.168', 1373574184, 'LOG_GROUP_REMOVE', 'a:2:{i:0;s:16:\"Alliance Officer\";i:1;s:4:\"Jade\";}'),(478, 0, 2, 0, 0, 0, '86.185.78.168', 1373574412, 'LOG_CONFIG_EMAIL', ''),(479, 1, 2, 24, 7, 0, '86.185.78.168', 1373576147, 'LOG_DELETE_POST', 'a:2:{i:0;s:15:\"New Raid Posted\";i:1;s:4:\"Jade\";}'),(480, 0, 2, 0, 0, 0, '86.185.78.168', 1373576250, 'LOG_CONFIG_EMAIL', ''),(481, 0, 2, 0, 0, 0, '86.185.78.168', 1373576527, 'LOG_CONFIG_EMAIL', ''),(482, 1, 2, 24, 7, 0, '86.185.78.168', 1373576544, 'LOG_LOCK', 'a:1:{i:0;s:26:\"[Raids] - Subscribe to Me!\";}'),(483, 0, 2, 0, 0, 0, '86.185.78.168', 1373576685, 'LOG_CONFIG_EMAIL', ''),(484, 1, 2, 24, 7, 0, '86.185.78.168', 1373576710, 'LOG_DELETE_POST', 'a:2:{i:0;s:15:\"New Raid Posted\";i:1;s:4:\"Jade\";}'),(485, 0, 2, 0, 0, 0, '86.185.78.168', 1373582668, 'LOG_CONFIG_EMAIL', ''),(486, 0, 2, 0, 0, 0, '86.185.78.168', 1373583405, 'LOG_CONFIG_EMAIL', ''),(487, 0, 2, 0, 0, 0, '86.185.78.168', 1373583694, 'LOG_DB_BACKUP', ''),(488, 1, 2, 24, 7, 0, '86.185.78.168', 1373583732, 'LOG_DELETE_POST', 'a:2:{i:0;s:30:\"Re: [Raids] - Subscribe to Me!\";i:1;s:4:\"Jade\";}'),(489, 0, 2, 0, 0, 0, '86.185.78.168', 1374009279, 'LOG_ADMIN_AUTH_SUCCESS', ''),(490, 0, 2, 0, 0, 0, '86.185.78.168', 1374009313, 'LOG_TEMPLATE_CACHE_CLEARED', 'a:2:{i:0;s:19:\"Artodia: Ultra Blue\";i:1;s:14:\"overall_header\";}'),(491, 0, 2, 0, 0, 0, '86.185.78.168', 1374009313, 'LOG_TEMPLATE_EDIT', 'a:2:{i:0;s:19:\"Artodia: Ultra Blue\";i:1;s:19:\"overall_header.html\";}'),(492, 3, 1, 0, 0, 60, '90.207.194.183', 1374009332, 'LOG_USER_ACTIVE_USER', ''),(493, 0, 2, 0, 0, 0, '86.185.78.168', 1374009337, 'LOG_USER_INACTIVE', 'a:1:{i:0;s:8:\"Peculiar\";}'),(494, 3, 2, 0, 0, 60, '86.185.78.168', 1374009337, 'LOG_USER_INACTIVE_USER', ''),(495, 0, 2, 0, 0, 0, '86.185.78.168', 1374009349, 'LOG_GROUP_DEFAULTS', 'a:2:{i:0;s:15:\"Alliance Leader\";i:1;s:8:\"Peculiar\";}'),(496, 0, 2, 0, 0, 0, '86.185.78.168', 1374009349, 'LOG_MODS_ADDED', 'a:2:{i:0;s:15:\"Alliance Leader\";i:1;s:8:\"Peculiar\";}'),(497, 0, 2, 0, 0, 0, '86.185.78.168', 1374009388, 'LOG_USER_ACTIVE', 'a:1:{i:0;s:8:\"Peculiar\";}'),(498, 3, 2, 0, 0, 60, '86.185.78.168', 1374009388, 'LOG_USER_ACTIVE_USER', ''),(499, 3, 1, 0, 0, 55, '94.172.164.33', 1374049110, 'LOG_USER_NEW_PASSWORD', 'a:1:{i:0;s:8:\"Epidemic\";}'),(500, 3, 55, 0, 0, 55, '94.172.164.33', 1374049358, 'LOG_USER_NEW_PASSWORD', 'a:1:{i:0;s:8:\"Epidemic\";}'),(501, 3, 1, 0, 0, 61, '31.76.95.219', 1374058977, 'LOG_USER_ACTIVE_USER', ''),(502, 0, 2, 0, 0, 0, '109.158.4.30', 1374100862, 'LOG_ADMIN_AUTH_SUCCESS', ''),(503, 0, 2, 0, 0, 0, '109.158.4.30', 1374100883, 'LOG_USER_ACTIVE', 'a:1:{i:0;s:7:\"Kalador\";}'),(504, 3, 2, 0, 0, 62, '109.158.4.30', 1374100883, 'LOG_USER_ACTIVE_USER', ''),(505, 0, 2, 0, 0, 0, '109.158.4.30', 1374100896, 'LOG_GROUP_DEFAULTS', 'a:2:{i:0;s:15:\"Alliance Leader\";i:1;s:7:\"Kalador\";}'),(506, 0, 2, 0, 0, 0, '109.158.4.30', 1374100896, 'LOG_MODS_ADDED', 'a:2:{i:0;s:15:\"Alliance Leader\";i:1;s:7:\"Kalador\";}'),(507, 0, 2, 0, 0, 0, '86.153.207.93', 1374442693, 'LOG_ADMIN_AUTH_SUCCESS', ''),(508, 0, 2, 0, 0, 0, '86.153.207.93', 1374442713, 'LOG_TEMPLATE_CACHE_CLEARED', 'a:2:{i:0;s:19:\"Artodia: Ultra Blue\";i:1;s:14:\"overall_header\";}'),(509, 0, 2, 0, 0, 0, '86.153.207.93', 1374442713, 'LOG_TEMPLATE_EDIT', 'a:2:{i:0;s:19:\"Artodia: Ultra Blue\";i:1;s:19:\"overall_header.html\";}'),(510, 0, 2, 0, 0, 0, '86.153.207.93', 1374442725, 'LOG_THEME_EDIT', 'a:2:{i:0;s:19:\"Artodia: Ultra Blue\";i:1;s:0:\"\";}'),(511, 0, 2, 0, 0, 0, '86.153.207.93', 1374442756, 'LOG_THEME_EDIT', 'a:2:{i:0;s:19:\"Artodia: Ultra Blue\";i:1;s:0:\"\";}'),(512, 0, 2, 0, 0, 0, '86.153.207.93', 1374442806, 'LOG_THEME_EDIT', 'a:2:{i:0;s:19:\"Artodia: Ultra Blue\";i:1;s:0:\"\";}'),(513, 0, 2, 0, 0, 0, '86.153.207.93', 1374498454, 'LOG_PURGE_CACHE', ''),(514, 0, 2, 0, 0, 0, '86.153.207.93', 1374498480, 'LOG_TEMPLATE_CACHE_CLEARED', 'a:2:{i:0;s:19:\"Artodia: Ultra Blue\";i:1;s:14:\"overall_header\";}'),(515, 0, 2, 0, 0, 0, '86.153.207.93', 1374498480, 'LOG_TEMPLATE_EDIT', 'a:2:{i:0;s:19:\"Artodia: Ultra Blue\";i:1;s:19:\"overall_header.html\";}'),(516, 0, 2, 0, 0, 0, '86.153.207.93', 1374498486, 'LOG_PURGE_CACHE', ''),(517, 1, 54, 24, 7, 0, '77.102.180.216', 1374602416, 'LOG_POST_EDITED', 'a:2:{i:0;s:15:\"New Raid Posted\";i:1;s:8:\"Epidemic\";}'),(518, 0, 2, 0, 0, 0, '86.153.207.93', 1374602462, 'LOG_ADMIN_AUTH_SUCCESS', ''),(519, 0, 2, 0, 0, 0, '86.153.207.93', 1375021283, 'LOG_ADMIN_AUTH_SUCCESS', ''),(520, 0, 2, 0, 0, 0, '86.153.207.93', 1375021390, 'LOG_TEMPLATE_CACHE_CLEARED', 'a:2:{i:0;s:19:\"Artodia: Ultra Blue\";i:1;s:14:\"overall_header\";}'),(521, 0, 2, 0, 0, 0, '86.153.207.93', 1375021390, 'LOG_TEMPLATE_EDIT', 'a:2:{i:0;s:19:\"Artodia: Ultra Blue\";i:1;s:19:\"overall_header.html\";}'),(522, 0, 2, 0, 0, 0, '86.153.207.93', 1375021432, 'LOG_CONFIG_SECURITY', ''),(523, 0, 2, 0, 0, 0, '86.153.207.93', 1375021530, 'LOG_TEMPLATE_CACHE_CLEARED', 'a:2:{i:0;s:19:\"Artodia: Ultra Blue\";i:1;s:14:\"overall_header\";}'),(524, 0, 2, 0, 0, 0, '86.153.207.93', 1375021530, 'LOG_TEMPLATE_EDIT', 'a:2:{i:0;s:19:\"Artodia: Ultra Blue\";i:1;s:19:\"overall_header.html\";}'),(525, 0, 2, 0, 0, 0, '86.153.207.93', 1375021554, 'LOG_TEMPLATE_CACHE_CLEARED', 'a:2:{i:0;s:19:\"Artodia: Ultra Blue\";i:1;s:14:\"overall_header\";}'),(526, 0, 2, 0, 0, 0, '86.153.207.93', 1375021554, 'LOG_TEMPLATE_EDIT', 'a:2:{i:0;s:19:\"Artodia: Ultra Blue\";i:1;s:19:\"overall_header.html\";}'),(527, 0, 2, 0, 0, 0, '86.153.207.93', 1375021636, 'LOG_TEMPLATE_CACHE_CLEARED', 'a:2:{i:0;s:19:\"Artodia: Ultra Blue\";i:1;s:14:\"overall_header\";}'),(528, 0, 2, 0, 0, 0, '86.153.207.93', 1375021636, 'LOG_TEMPLATE_EDIT', 'a:2:{i:0;s:19:\"Artodia: Ultra Blue\";i:1;s:19:\"overall_header.html\";}'),(529, 0, 2, 0, 0, 0, '86.153.207.93', 1375022189, 'LOG_TEMPLATE_CACHE_CLEARED', 'a:2:{i:0;s:19:\"Artodia: Ultra Blue\";i:1;s:14:\"overall_header\";}'),(530, 0, 2, 0, 0, 0, '86.153.207.93', 1375022189, 'LOG_TEMPLATE_EDIT', 'a:2:{i:0;s:19:\"Artodia: Ultra Blue\";i:1;s:19:\"overall_header.html\";}'),(531, 0, 2, 0, 0, 0, '86.153.207.93', 1375022216, 'LOG_TEMPLATE_CACHE_CLEARED', 'a:2:{i:0;s:19:\"Artodia: Ultra Blue\";i:1;s:14:\"overall_footer\";}'),(532, 0, 2, 0, 0, 0, '86.153.207.93', 1375022216, 'LOG_TEMPLATE_EDIT', 'a:2:{i:0;s:19:\"Artodia: Ultra Blue\";i:1;s:19:\"overall_footer.html\";}'),(533, 0, 2, 0, 0, 0, '86.153.207.93', 1375022485, 'LOG_TEMPLATE_CACHE_CLEARED', 'a:2:{i:0;s:19:\"Artodia: Ultra Blue\";i:1;s:9:\"All files\";}'),(534, 0, 2, 0, 0, 0, '86.153.207.93', 1375022491, 'LOG_THEME_REFRESHED', 'a:1:{i:0;s:19:\"Artodia: Ultra Blue\";}'),(535, 0, 2, 0, 0, 0, '86.153.207.93', 1375022495, 'LOG_IMAGESET_REFRESHED', 'a:1:{i:0;s:19:\"Artodia: Ultra Blue\";}'),(536, 0, 2, 0, 0, 0, '86.153.207.93', 1375022506, 'LOG_TEMPLATE_CACHE_CLEARED', 'a:2:{i:0;s:19:\"Artodia: Ultra Blue\";i:1;s:9:\"All files\";}'),(537, 0, 2, 0, 0, 0, '86.153.207.93', 1375022597, 'LOG_TEMPLATE_CACHE_CLEARED', 'a:2:{i:0;s:19:\"Artodia: Ultra Blue\";i:1;s:14:\"overall_header\";}'),(538, 0, 2, 0, 0, 0, '86.153.207.93', 1375022597, 'LOG_TEMPLATE_EDIT', 'a:2:{i:0;s:19:\"Artodia: Ultra Blue\";i:1;s:19:\"overall_header.html\";}'),(539, 0, 2, 0, 0, 0, '86.153.207.93', 1375022606, 'LOG_TEMPLATE_CACHE_CLEARED', 'a:2:{i:0;s:19:\"Artodia: Ultra Blue\";i:1;s:14:\"overall_footer\";}'),(540, 0, 2, 0, 0, 0, '86.153.207.93', 1375022606, 'LOG_TEMPLATE_EDIT', 'a:2:{i:0;s:19:\"Artodia: Ultra Blue\";i:1;s:19:\"overall_footer.html\";}'),(541, 0, 2, 0, 0, 0, '86.153.207.93', 1375022697, 'LOG_TEMPLATE_CACHE_CLEARED', 'a:2:{i:0;s:19:\"Artodia: Ultra Blue\";i:1;s:14:\"overall_header\";}'),(542, 0, 2, 0, 0, 0, '86.153.207.93', 1375022697, 'LOG_TEMPLATE_EDIT', 'a:2:{i:0;s:19:\"Artodia: Ultra Blue\";i:1;s:19:\"overall_header.html\";}'),(543, 0, 2, 0, 0, 0, '86.153.207.93', 1375022753, 'LOG_THEME_EDIT', 'a:2:{i:0;s:19:\"Artodia: Ultra Blue\";i:1;s:0:\"\";}'),(544, 0, 2, 0, 0, 0, '86.153.207.93', 1375022787, 'LOG_TEMPLATE_CACHE_CLEARED', 'a:2:{i:0;s:19:\"Artodia: Ultra Blue\";i:1;s:14:\"overall_header\";}'),(545, 0, 2, 0, 0, 0, '86.153.207.93', 1375022787, 'LOG_TEMPLATE_EDIT', 'a:2:{i:0;s:19:\"Artodia: Ultra Blue\";i:1;s:19:\"overall_header.html\";}'),(546, 0, 2, 0, 0, 0, '86.153.207.93', 1375023436, 'LOG_TEMPLATE_CACHE_CLEARED', 'a:2:{i:0;s:19:\"Artodia: Ultra Blue\";i:1;s:14:\"overall_header\";}'),(547, 0, 2, 0, 0, 0, '86.153.207.93', 1375023436, 'LOG_TEMPLATE_EDIT', 'a:2:{i:0;s:19:\"Artodia: Ultra Blue\";i:1;s:19:\"overall_header.html\";}'),(548, 0, 2, 0, 0, 0, '86.153.207.93', 1375023455, 'LOG_TEMPLATE_CACHE_CLEARED', 'a:2:{i:0;s:19:\"Artodia: Ultra Blue\";i:1;s:14:\"overall_header\";}'),(549, 0, 2, 0, 0, 0, '86.153.207.93', 1375023455, 'LOG_TEMPLATE_EDIT', 'a:2:{i:0;s:19:\"Artodia: Ultra Blue\";i:1;s:19:\"overall_header.html\";}'),(550, 0, 2, 0, 0, 0, '86.153.207.93', 1375023480, 'LOG_TEMPLATE_CACHE_CLEARED', 'a:2:{i:0;s:19:\"Artodia: Ultra Blue\";i:1;s:14:\"overall_header\";}'),(551, 0, 2, 0, 0, 0, '86.153.207.93', 1375023480, 'LOG_TEMPLATE_EDIT', 'a:2:{i:0;s:19:\"Artodia: Ultra Blue\";i:1;s:19:\"overall_header.html\";}'),(552, 0, 2, 0, 0, 0, '86.153.207.93', 1375023581, 'LOG_TEMPLATE_CACHE_CLEARED', 'a:2:{i:0;s:19:\"Artodia: Ultra Blue\";i:1;s:14:\"overall_header\";}'),(553, 0, 2, 0, 0, 0, '86.153.207.93', 1375023581, 'LOG_TEMPLATE_EDIT', 'a:2:{i:0;s:19:\"Artodia: Ultra Blue\";i:1;s:19:\"overall_header.html\";}'),(554, 0, 2, 0, 0, 0, '86.153.207.93', 1375023599, 'LOG_TEMPLATE_CACHE_CLEARED', 'a:2:{i:0;s:19:\"Artodia: Ultra Blue\";i:1;s:14:\"overall_footer\";}'),(555, 0, 2, 0, 0, 0, '86.153.207.93', 1375023599, 'LOG_TEMPLATE_EDIT', 'a:2:{i:0;s:19:\"Artodia: Ultra Blue\";i:1;s:19:\"overall_footer.html\";}'),(556, 0, 2, 0, 0, 0, '86.153.207.93', 1375023915, 'LOG_TEMPLATE_CACHE_CLEARED', 'a:2:{i:0;s:19:\"Artodia: Ultra Blue\";i:1;s:14:\"overall_header\";}'),(557, 0, 2, 0, 0, 0, '86.153.207.93', 1375023915, 'LOG_TEMPLATE_EDIT', 'a:2:{i:0;s:19:\"Artodia: Ultra Blue\";i:1;s:19:\"overall_header.html\";}'),(558, 0, 2, 0, 0, 0, '86.153.207.93', 1375023941, 'LOG_TEMPLATE_CACHE_CLEARED', 'a:2:{i:0;s:19:\"Artodia: Ultra Blue\";i:1;s:14:\"overall_header\";}'),(559, 0, 2, 0, 0, 0, '86.153.207.93', 1375023941, 'LOG_TEMPLATE_EDIT', 'a:2:{i:0;s:19:\"Artodia: Ultra Blue\";i:1;s:19:\"overall_header.html\";}'),(560, 0, 2, 0, 0, 0, '86.153.207.93', 1375023990, 'LOG_THEME_EDIT', 'a:2:{i:0;s:19:\"Artodia: Ultra Blue\";i:1;s:0:\"\";}'),(561, 0, 2, 0, 0, 0, '86.153.207.93', 1375024119, 'LOG_TEMPLATE_CACHE_CLEARED', 'a:2:{i:0;s:19:\"Artodia: Ultra Blue\";i:1;s:14:\"overall_header\";}'),(562, 0, 2, 0, 0, 0, '86.153.207.93', 1375024119, 'LOG_TEMPLATE_EDIT', 'a:2:{i:0;s:19:\"Artodia: Ultra Blue\";i:1;s:19:\"overall_header.html\";}'),(563, 0, 2, 0, 0, 0, '86.153.207.93', 1375024538, 'LOG_TEMPLATE_CACHE_CLEARED', 'a:2:{i:0;s:19:\"Artodia: Ultra Blue\";i:1;s:14:\"overall_header\";}'),(564, 0, 2, 0, 0, 0, '86.153.207.93', 1375024538, 'LOG_TEMPLATE_EDIT', 'a:2:{i:0;s:19:\"Artodia: Ultra Blue\";i:1;s:19:\"overall_header.html\";}'),(565, 0, 2, 0, 0, 0, '86.153.207.93', 1375024548, 'LOG_TEMPLATE_CACHE_CLEARED', 'a:2:{i:0;s:19:\"Artodia: Ultra Blue\";i:1;s:14:\"overall_footer\";}'),(566, 0, 2, 0, 0, 0, '86.153.207.93', 1375024548, 'LOG_TEMPLATE_EDIT', 'a:2:{i:0;s:19:\"Artodia: Ultra Blue\";i:1;s:19:\"overall_footer.html\";}'),(567, 0, 2, 0, 0, 0, '86.153.207.93', 1375024705, 'LOG_THEME_EDIT', 'a:2:{i:0;s:19:\"Artodia: Ultra Blue\";i:1;s:0:\"\";}'),(568, 0, 2, 0, 0, 0, '86.153.207.93', 1375024776, 'LOG_THEME_EDIT', 'a:2:{i:0;s:19:\"Artodia: Ultra Blue\";i:1;s:0:\"\";}'),(569, 0, 2, 0, 0, 0, '86.153.207.93', 1375024843, 'LOG_THEME_EDIT', 'a:2:{i:0;s:19:\"Artodia: Ultra Blue\";i:1;s:0:\"\";}'),(570, 0, 2, 0, 0, 0, '86.153.207.93', 1375024856, 'LOG_THEME_EDIT', 'a:2:{i:0;s:19:\"Artodia: Ultra Blue\";i:1;s:0:\"\";}'),(571, 0, 2, 0, 0, 0, '86.153.207.93', 1375024912, 'LOG_THEME_EDIT', 'a:2:{i:0;s:19:\"Artodia: Ultra Blue\";i:1;s:0:\"\";}'),(572, 0, 2, 0, 0, 0, '86.153.207.93', 1375024944, 'LOG_THEME_EDIT', 'a:2:{i:0;s:19:\"Artodia: Ultra Blue\";i:1;s:0:\"\";}'),(573, 0, 2, 0, 0, 0, '86.153.207.93', 1375025013, 'LOG_THEME_EDIT', 'a:2:{i:0;s:19:\"Artodia: Ultra Blue\";i:1;s:0:\"\";}'),(574, 0, 2, 0, 0, 0, '86.153.207.93', 1375025056, 'LOG_TEMPLATE_CACHE_CLEARED', 'a:2:{i:0;s:19:\"Artodia: Ultra Blue\";i:1;s:14:\"overall_footer\";}'),(575, 0, 2, 0, 0, 0, '86.153.207.93', 1375025056, 'LOG_TEMPLATE_EDIT', 'a:2:{i:0;s:19:\"Artodia: Ultra Blue\";i:1;s:19:\"overall_footer.html\";}'),(576, 0, 2, 0, 0, 0, '86.153.207.93', 1375025268, 'LOG_THEME_EDIT', 'a:2:{i:0;s:19:\"Artodia: Ultra Blue\";i:1;s:0:\"\";}'),(577, 0, 2, 0, 0, 0, '86.153.207.93', 1375025299, 'LOG_TEMPLATE_CACHE_CLEARED', 'a:2:{i:0;s:19:\"Artodia: Ultra Blue\";i:1;s:14:\"overall_footer\";}'),(578, 0, 2, 0, 0, 0, '86.153.207.93', 1375025299, 'LOG_TEMPLATE_EDIT', 'a:2:{i:0;s:19:\"Artodia: Ultra Blue\";i:1;s:19:\"overall_footer.html\";}'),(579, 0, 2, 0, 0, 0, '86.153.207.93', 1375025354, 'LOG_TEMPLATE_CACHE_CLEARED', 'a:2:{i:0;s:19:\"Artodia: Ultra Blue\";i:1;s:14:\"overall_footer\";}'),(580, 0, 2, 0, 0, 0, '86.153.207.93', 1375025354, 'LOG_TEMPLATE_EDIT', 'a:2:{i:0;s:19:\"Artodia: Ultra Blue\";i:1;s:19:\"overall_footer.html\";}'),(581, 0, 2, 0, 0, 0, '86.153.207.93', 1375025392, 'LOG_TEMPLATE_CACHE_CLEARED', 'a:2:{i:0;s:19:\"Artodia: Ultra Blue\";i:1;s:14:\"overall_header\";}'),(582, 0, 2, 0, 0, 0, '86.153.207.93', 1375025392, 'LOG_TEMPLATE_EDIT', 'a:2:{i:0;s:19:\"Artodia: Ultra Blue\";i:1;s:19:\"overall_header.html\";}'),(583, 0, 2, 0, 0, 0, '86.153.207.93', 1375025470, 'LOG_TEMPLATE_CACHE_CLEARED', 'a:2:{i:0;s:19:\"Artodia: Ultra Blue\";i:1;s:14:\"overall_header\";}'),(584, 0, 2, 0, 0, 0, '86.153.207.93', 1375025470, 'LOG_TEMPLATE_EDIT', 'a:2:{i:0;s:19:\"Artodia: Ultra Blue\";i:1;s:19:\"overall_header.html\";}'),(585, 0, 2, 0, 0, 0, '86.153.207.93', 1375025591, 'LOG_TEMPLATE_CACHE_CLEARED', 'a:2:{i:0;s:19:\"Artodia: Ultra Blue\";i:1;s:14:\"overall_header\";}'),(586, 0, 2, 0, 0, 0, '86.153.207.93', 1375025591, 'LOG_TEMPLATE_EDIT', 'a:2:{i:0;s:19:\"Artodia: Ultra Blue\";i:1;s:19:\"overall_header.html\";}'),(587, 0, 2, 0, 0, 0, '86.153.207.93', 1375025604, 'LOG_TEMPLATE_CACHE_CLEARED', 'a:2:{i:0;s:19:\"Artodia: Ultra Blue\";i:1;s:14:\"overall_header\";}'),(588, 0, 2, 0, 0, 0, '86.153.207.93', 1375025604, 'LOG_TEMPLATE_EDIT', 'a:2:{i:0;s:19:\"Artodia: Ultra Blue\";i:1;s:19:\"overall_header.html\";}'),(589, 0, 2, 0, 0, 0, '86.153.207.93', 1375025777, 'LOG_TEMPLATE_ADD_FS', 'a:1:{i:0;s:7:\"proBoot\";}'),(590, 0, 2, 0, 0, 0, '86.153.207.93', 1375025777, 'LOG_THEME_ADD_DB', 'a:1:{i:0;s:7:\"proBoot\";}'),(591, 0, 2, 0, 0, 0, '86.153.207.93', 1375025777, 'LOG_IMAGESET_ADD_FS', 'a:1:{i:0;s:7:\"proBoot\";}'),(592, 0, 2, 0, 0, 0, '86.153.207.93', 1375025777, 'LOG_STYLE_ADD', 'a:1:{i:0;s:7:\"proBoot\";}'),(593, 0, 2, 0, 0, 0, '86.153.207.93', 1375025855, 'LOG_TEMPLATE_CACHE_CLEARED', 'a:2:{i:0;s:7:\"proBoot\";i:1;s:14:\"overall_header\";}'),(594, 0, 2, 0, 0, 0, '86.153.207.93', 1375025855, 'LOG_TEMPLATE_EDIT', 'a:2:{i:0;s:7:\"proBoot\";i:1;s:19:\"overall_header.html\";}'),(595, 0, 2, 0, 0, 0, '86.153.207.93', 1375025893, 'LOG_TEMPLATE_CACHE_CLEARED', 'a:2:{i:0;s:7:\"proBoot\";i:1;s:14:\"overall_header\";}'),(596, 0, 2, 0, 0, 0, '86.153.207.93', 1375025893, 'LOG_TEMPLATE_EDIT', 'a:2:{i:0;s:7:\"proBoot\";i:1;s:19:\"overall_header.html\";}'),(597, 0, 2, 0, 0, 0, '86.153.207.93', 1375025921, 'LOG_TEMPLATE_CACHE_CLEARED', 'a:2:{i:0;s:7:\"proBoot\";i:1;s:14:\"overall_header\";}'),(598, 0, 2, 0, 0, 0, '86.153.207.93', 1375025921, 'LOG_TEMPLATE_EDIT', 'a:2:{i:0;s:7:\"proBoot\";i:1;s:19:\"overall_header.html\";}'),(599, 0, 2, 0, 0, 0, '86.153.207.93', 1375025934, 'LOG_TEMPLATE_CACHE_CLEARED', 'a:2:{i:0;s:7:\"proBoot\";i:1;s:14:\"overall_header\";}'),(600, 0, 2, 0, 0, 0, '86.153.207.93', 1375025934, 'LOG_TEMPLATE_EDIT', 'a:2:{i:0;s:7:\"proBoot\";i:1;s:19:\"overall_header.html\";}'),(601, 0, 2, 0, 0, 0, '86.153.207.93', 1375026302, 'LOG_TEMPLATE_CACHE_CLEARED', 'a:2:{i:0;s:7:\"proBoot\";i:1;s:14:\"overall_header\";}'),(602, 0, 2, 0, 0, 0, '86.153.207.93', 1375026302, 'LOG_TEMPLATE_EDIT', 'a:2:{i:0;s:7:\"proBoot\";i:1;s:19:\"overall_header.html\";}'),(603, 0, 2, 0, 0, 0, '86.153.207.93', 1375026332, 'LOG_TEMPLATE_CACHE_CLEARED', 'a:2:{i:0;s:7:\"proBoot\";i:1;s:14:\"overall_header\";}'),(604, 0, 2, 0, 0, 0, '86.153.207.93', 1375026332, 'LOG_TEMPLATE_EDIT', 'a:2:{i:0;s:7:\"proBoot\";i:1;s:19:\"overall_header.html\";}'),(605, 0, 2, 0, 0, 0, '86.153.207.93', 1375026400, 'LOG_TEMPLATE_CACHE_CLEARED', 'a:2:{i:0;s:7:\"proBoot\";i:1;s:14:\"overall_header\";}'),(606, 0, 2, 0, 0, 0, '86.153.207.93', 1375026400, 'LOG_TEMPLATE_EDIT', 'a:2:{i:0;s:7:\"proBoot\";i:1;s:19:\"overall_header.html\";}'),(607, 0, 2, 0, 0, 0, '86.153.207.93', 1375026423, 'LOG_TEMPLATE_CACHE_CLEARED', 'a:2:{i:0;s:7:\"proBoot\";i:1;s:14:\"overall_header\";}'),(608, 0, 2, 0, 0, 0, '86.153.207.93', 1375026423, 'LOG_TEMPLATE_EDIT', 'a:2:{i:0;s:7:\"proBoot\";i:1;s:19:\"overall_header.html\";}'),(609, 0, 2, 0, 0, 0, '86.153.207.93', 1375026453, 'LOG_THEME_EDIT', 'a:2:{i:0;s:7:\"proBoot\";i:1;s:0:\"\";}'),(610, 0, 2, 0, 0, 0, '86.153.207.93', 1375026627, 'LOG_TEMPLATE_ADD_FS', 'a:1:{i:0;s:15:\"Artodia: Deluxe\";}'),(611, 0, 2, 0, 0, 0, '86.153.207.93', 1375026627, 'LOG_THEME_ADD_DB', 'a:1:{i:0;s:15:\"Artodia: Deluxe\";}'),(612, 0, 2, 0, 0, 0, '86.153.207.93', 1375026627, 'LOG_IMAGESET_ADD_FS', 'a:1:{i:0;s:15:\"Artodia: Deluxe\";}'),(613, 0, 2, 0, 0, 0, '86.153.207.93', 1375026627, 'LOG_STYLE_ADD', 'a:1:{i:0;s:15:\"Artodia: Deluxe\";}'),(614, 0, 2, 0, 0, 0, '86.153.207.93', 1375026676, 'LOG_TEMPLATE_CACHE_CLEARED', 'a:2:{i:0;s:15:\"Artodia: Deluxe\";i:1;s:14:\"overall_header\";}'),(615, 0, 2, 0, 0, 0, '86.153.207.93', 1375026676, 'LOG_TEMPLATE_EDIT', 'a:2:{i:0;s:15:\"Artodia: Deluxe\";i:1;s:19:\"overall_header.html\";}'),(616, 0, 2, 0, 0, 0, '86.153.207.93', 1375026753, 'LOG_THEME_EDIT', 'a:2:{i:0;s:15:\"Artodia: Deluxe\";i:1;s:0:\"\";}'),(617, 0, 2, 0, 0, 0, '86.153.207.93', 1375026766, 'LOG_THEME_EDIT', 'a:2:{i:0;s:15:\"Artodia: Deluxe\";i:1;s:0:\"\";}'),(618, 0, 2, 0, 0, 0, '86.153.207.93', 1375026795, 'LOG_THEME_EDIT', 'a:2:{i:0;s:15:\"Artodia: Deluxe\";i:1;s:0:\"\";}'),(619, 0, 2, 0, 0, 0, '86.153.207.93', 1375026856, 'LOG_THEME_EDIT', 'a:2:{i:0;s:15:\"Artodia: Deluxe\";i:1;s:0:\"\";}'),(620, 0, 2, 0, 0, 0, '86.153.207.93', 1375026869, 'LOG_THEME_EDIT', 'a:2:{i:0;s:15:\"Artodia: Deluxe\";i:1;s:0:\"\";}'),(621, 0, 2, 0, 0, 0, '86.153.207.93', 1375026891, 'LOG_THEME_EDIT', 'a:2:{i:0;s:15:\"Artodia: Deluxe\";i:1;s:0:\"\";}'),(622, 0, 2, 0, 0, 0, '86.153.207.93', 1375026904, 'LOG_THEME_EDIT', 'a:2:{i:0;s:15:\"Artodia: Deluxe\";i:1;s:0:\"\";}'),(623, 0, 2, 0, 0, 0, '86.153.207.93', 1375026916, 'LOG_THEME_EDIT', 'a:2:{i:0;s:15:\"Artodia: Deluxe\";i:1;s:0:\"\";}'),(624, 0, 2, 0, 0, 0, '86.153.207.93', 1375026942, 'LOG_THEME_EDIT', 'a:2:{i:0;s:15:\"Artodia: Deluxe\";i:1;s:0:\"\";}'),(625, 0, 2, 0, 0, 0, '86.153.207.93', 1375026976, 'LOG_TEMPLATE_CACHE_CLEARED', 'a:2:{i:0;s:15:\"Artodia: Deluxe\";i:1;s:14:\"overall_footer\";}'),(626, 0, 2, 0, 0, 0, '86.153.207.93', 1375026976, 'LOG_TEMPLATE_EDIT', 'a:2:{i:0;s:15:\"Artodia: Deluxe\";i:1;s:19:\"overall_footer.html\";}'),(627, 0, 2, 0, 0, 0, '86.153.207.93', 1375027128, 'LOG_TEMPLATE_CACHE_CLEARED', 'a:2:{i:0;s:15:\"Artodia: Deluxe\";i:1;s:14:\"overall_header\";}'),(628, 0, 2, 0, 0, 0, '86.153.207.93', 1375027128, 'LOG_TEMPLATE_EDIT', 'a:2:{i:0;s:15:\"Artodia: Deluxe\";i:1;s:19:\"overall_header.html\";}'),(629, 0, 2, 0, 0, 0, '86.153.207.93', 1375027170, 'LOG_TEMPLATE_CACHE_CLEARED', 'a:2:{i:0;s:15:\"Artodia: Deluxe\";i:1;s:14:\"overall_footer\";}'),(630, 0, 2, 0, 0, 0, '86.153.207.93', 1375027170, 'LOG_TEMPLATE_EDIT', 'a:2:{i:0;s:15:\"Artodia: Deluxe\";i:1;s:19:\"overall_footer.html\";}'),(631, 0, 2, 0, 0, 0, '86.153.207.93', 1375027209, 'LOG_TEMPLATE_CACHE_CLEARED', 'a:2:{i:0;s:15:\"Artodia: Deluxe\";i:1;s:14:\"overall_header\";}'),(632, 0, 2, 0, 0, 0, '86.153.207.93', 1375027209, 'LOG_TEMPLATE_EDIT', 'a:2:{i:0;s:15:\"Artodia: Deluxe\";i:1;s:19:\"overall_header.html\";}'),(633, 0, 2, 0, 0, 0, '86.153.207.93', 1375027224, 'LOG_TEMPLATE_CACHE_CLEARED', 'a:2:{i:0;s:15:\"Artodia: Deluxe\";i:1;s:14:\"overall_footer\";}'),(634, 0, 2, 0, 0, 0, '86.153.207.93', 1375027224, 'LOG_TEMPLATE_EDIT', 'a:2:{i:0;s:15:\"Artodia: Deluxe\";i:1;s:19:\"overall_footer.html\";}'),(635, 0, 2, 0, 0, 0, '86.153.207.93', 1375027232, 'LOG_TEMPLATE_CACHE_CLEARED', 'a:2:{i:0;s:15:\"Artodia: Deluxe\";i:1;s:14:\"overall_footer\";}'),(636, 0, 2, 0, 0, 0, '86.153.207.93', 1375027232, 'LOG_TEMPLATE_EDIT', 'a:2:{i:0;s:15:\"Artodia: Deluxe\";i:1;s:19:\"overall_footer.html\";}'),(637, 0, 2, 0, 0, 0, '86.153.207.93', 1375027242, 'LOG_TEMPLATE_CACHE_CLEARED', 'a:2:{i:0;s:15:\"Artodia: Deluxe\";i:1;s:14:\"overall_footer\";}'),(638, 0, 2, 0, 0, 0, '86.153.207.93', 1375027242, 'LOG_TEMPLATE_EDIT', 'a:2:{i:0;s:15:\"Artodia: Deluxe\";i:1;s:19:\"overall_footer.html\";}'),(639, 0, 2, 0, 0, 0, '86.153.207.93', 1375027250, 'LOG_TEMPLATE_CACHE_CLEARED', 'a:2:{i:0;s:15:\"Artodia: Deluxe\";i:1;s:14:\"overall_footer\";}'),(640, 0, 2, 0, 0, 0, '86.153.207.93', 1375027250, 'LOG_TEMPLATE_EDIT', 'a:2:{i:0;s:15:\"Artodia: Deluxe\";i:1;s:19:\"overall_footer.html\";}'),(641, 0, 2, 0, 0, 0, '86.153.207.93', 1375027259, 'LOG_TEMPLATE_CACHE_CLEARED', 'a:2:{i:0;s:15:\"Artodia: Deluxe\";i:1;s:14:\"overall_footer\";}'),(642, 0, 2, 0, 0, 0, '86.153.207.93', 1375027259, 'LOG_TEMPLATE_EDIT', 'a:2:{i:0;s:15:\"Artodia: Deluxe\";i:1;s:19:\"overall_footer.html\";}'),(643, 0, 2, 0, 0, 0, '86.153.207.93', 1375027284, 'LOG_TEMPLATE_CACHE_CLEARED', 'a:2:{i:0;s:15:\"Artodia: Deluxe\";i:1;s:14:\"overall_footer\";}'),(644, 0, 2, 0, 0, 0, '86.153.207.93', 1375027284, 'LOG_TEMPLATE_EDIT', 'a:2:{i:0;s:15:\"Artodia: Deluxe\";i:1;s:19:\"overall_footer.html\";}'),(645, 0, 2, 0, 0, 0, '86.153.207.93', 1375027312, 'LOG_TEMPLATE_CACHE_CLEARED', 'a:2:{i:0;s:15:\"Artodia: Deluxe\";i:1;s:14:\"overall_header\";}'),(646, 0, 2, 0, 0, 0, '86.153.207.93', 1375027312, 'LOG_TEMPLATE_EDIT', 'a:2:{i:0;s:15:\"Artodia: Deluxe\";i:1;s:19:\"overall_header.html\";}'),(647, 0, 2, 0, 0, 0, '86.153.207.93', 1375027359, 'LOG_TEMPLATE_CACHE_CLEARED', 'a:2:{i:0;s:15:\"Artodia: Deluxe\";i:1;s:14:\"overall_header\";}'),(648, 0, 2, 0, 0, 0, '86.153.207.93', 1375027359, 'LOG_TEMPLATE_EDIT', 'a:2:{i:0;s:15:\"Artodia: Deluxe\";i:1;s:19:\"overall_header.html\";}'),(649, 0, 2, 0, 0, 0, '86.153.207.93', 1375027374, 'LOG_TEMPLATE_CACHE_CLEARED', 'a:2:{i:0;s:15:\"Artodia: Deluxe\";i:1;s:14:\"overall_header\";}'),(650, 0, 2, 0, 0, 0, '86.153.207.93', 1375027374, 'LOG_TEMPLATE_EDIT', 'a:2:{i:0;s:15:\"Artodia: Deluxe\";i:1;s:19:\"overall_header.html\";}'),(651, 0, 2, 0, 0, 0, '86.153.207.93', 1375027398, 'LOG_TEMPLATE_CACHE_CLEARED', 'a:2:{i:0;s:15:\"Artodia: Deluxe\";i:1;s:14:\"overall_header\";}'),(652, 0, 2, 0, 0, 0, '86.153.207.93', 1375027398, 'LOG_TEMPLATE_EDIT', 'a:2:{i:0;s:15:\"Artodia: Deluxe\";i:1;s:19:\"overall_header.html\";}'),(653, 0, 2, 0, 0, 0, '86.153.207.93', 1375027431, 'LOG_TEMPLATE_CACHE_CLEARED', 'a:2:{i:0;s:15:\"Artodia: Deluxe\";i:1;s:14:\"overall_header\";}'),(654, 0, 2, 0, 0, 0, '86.153.207.93', 1375027431, 'LOG_TEMPLATE_EDIT', 'a:2:{i:0;s:15:\"Artodia: Deluxe\";i:1;s:19:\"overall_header.html\";}'),(655, 0, 2, 0, 0, 0, '86.153.207.93', 1375027967, 'LOG_TEMPLATE_CACHE_CLEARED', 'a:2:{i:0;s:15:\"Artodia: Deluxe\";i:1;s:14:\"overall_header\";}'),(656, 0, 2, 0, 0, 0, '86.153.207.93', 1375027967, 'LOG_TEMPLATE_EDIT', 'a:2:{i:0;s:15:\"Artodia: Deluxe\";i:1;s:19:\"overall_header.html\";}'),(657, 0, 2, 0, 0, 0, '86.153.207.93', 1375028140, 'LOG_THEME_EDIT', 'a:2:{i:0;s:15:\"Artodia: Deluxe\";i:1;s:0:\"\";}'),(658, 0, 2, 0, 0, 0, '86.153.207.93', 1375028299, 'LOG_THEME_EDIT', 'a:2:{i:0;s:15:\"Artodia: Deluxe\";i:1;s:0:\"\";}'),(659, 0, 2, 0, 0, 0, '86.153.207.93', 1375028415, 'LOG_TEMPLATE_CACHE_CLEARED', 'a:2:{i:0;s:15:\"Artodia: Deluxe\";i:1;s:14:\"overall_header\";}'),(660, 0, 2, 0, 0, 0, '86.153.207.93', 1375028415, 'LOG_TEMPLATE_EDIT', 'a:2:{i:0;s:15:\"Artodia: Deluxe\";i:1;s:19:\"overall_header.html\";}'),(661, 0, 2, 0, 0, 0, '86.153.207.93', 1375028483, 'LOG_TEMPLATE_CACHE_CLEARED', 'a:2:{i:0;s:15:\"Artodia: Deluxe\";i:1;s:14:\"overall_header\";}'),(662, 0, 2, 0, 0, 0, '86.153.207.93', 1375028483, 'LOG_TEMPLATE_EDIT', 'a:2:{i:0;s:15:\"Artodia: Deluxe\";i:1;s:19:\"overall_header.html\";}'),(663, 0, 2, 0, 0, 0, '86.153.207.93', 1375028539, 'LOG_THEME_EDIT', 'a:2:{i:0;s:15:\"Artodia: Deluxe\";i:1;s:0:\"\";}'),(664, 0, 2, 0, 0, 0, '86.153.207.93', 1375028614, 'LOG_TEMPLATE_CACHE_CLEARED', 'a:2:{i:0;s:15:\"Artodia: Deluxe\";i:1;s:14:\"overall_header\";}'),(665, 0, 2, 0, 0, 0, '86.153.207.93', 1375028614, 'LOG_TEMPLATE_EDIT', 'a:2:{i:0;s:15:\"Artodia: Deluxe\";i:1;s:19:\"overall_header.html\";}'),(666, 0, 2, 0, 0, 0, '86.153.207.93', 1375028646, 'LOG_TEMPLATE_CACHE_CLEARED', 'a:2:{i:0;s:15:\"Artodia: Deluxe\";i:1;s:14:\"overall_header\";}'),(667, 0, 2, 0, 0, 0, '86.153.207.93', 1375028646, 'LOG_TEMPLATE_EDIT', 'a:2:{i:0;s:15:\"Artodia: Deluxe\";i:1;s:19:\"overall_header.html\";}'),(668, 0, 2, 0, 0, 0, '86.153.207.93', 1375028703, 'LOG_TEMPLATE_CACHE_CLEARED', 'a:2:{i:0;s:15:\"Artodia: Deluxe\";i:1;s:14:\"overall_header\";}'),(669, 0, 2, 0, 0, 0, '86.153.207.93', 1375028703, 'LOG_TEMPLATE_EDIT', 'a:2:{i:0;s:15:\"Artodia: Deluxe\";i:1;s:19:\"overall_header.html\";}'),(670, 0, 2, 0, 0, 0, '86.153.207.93', 1375028749, 'LOG_TEMPLATE_CACHE_CLEARED', 'a:2:{i:0;s:15:\"Artodia: Deluxe\";i:1;s:14:\"overall_header\";}'),(671, 0, 2, 0, 0, 0, '86.153.207.93', 1375028749, 'LOG_TEMPLATE_EDIT', 'a:2:{i:0;s:15:\"Artodia: Deluxe\";i:1;s:19:\"overall_header.html\";}'),(672, 0, 2, 0, 0, 0, '86.153.207.93', 1375028761, 'LOG_TEMPLATE_CACHE_CLEARED', 'a:2:{i:0;s:15:\"Artodia: Deluxe\";i:1;s:14:\"overall_header\";}'),(673, 0, 2, 0, 0, 0, '86.153.207.93', 1375028761, 'LOG_TEMPLATE_EDIT', 'a:2:{i:0;s:15:\"Artodia: Deluxe\";i:1;s:19:\"overall_header.html\";}'),(674, 0, 2, 0, 0, 0, '86.153.207.93', 1375028828, 'LOG_THEME_EDIT', 'a:2:{i:0;s:15:\"Artodia: Deluxe\";i:1;s:0:\"\";}'),(675, 1, 2, 21, 5, 0, '86.153.207.93', 1375030199, 'LOG_DELETE_TOPIC', 'a:2:{i:0;s:25:\"[Important] - DST Setting\";i:1;s:4:\"Jade\";}'),(676, 3, 1, 0, 0, 55, '94.172.164.33', 1375051274, 'LOG_USER_NEW_PASSWORD', 'a:1:{i:0;s:8:\"Epidemic\";}'),(677, 3, 55, 0, 0, 55, '94.172.164.33', 1375052166, 'LOG_USER_NEW_PASSWORD', 'a:1:{i:0;s:8:\"Epidemic\";}'),(678, 3, 55, 0, 0, 55, '94.172.164.33', 1375052166, 'LOG_USER_UPDATE_EMAIL', 'a:3:{i:0;s:8:\"Epidemic\";i:1;s:27:\"martin.bell@gcx-hosting.com\";i:2;s:20:\"martin@dreflex.co.uk\";}'),(679, 3, 1, 0, 0, 55, '94.172.164.33', 1375055030, 'LOG_USER_ACTIVE_USER', ''),(680, 1, 2, 24, 7, 0, '86.153.207.93', 1375055538, 'LOG_DELETE_POST', 'a:2:{i:0;s:15:\"New Raid Posted\";i:1;s:4:\"Jade\";}'),(681, 1, 2, 24, 7, 0, '86.153.207.93', 1375055546, 'LOG_DELETE_POST', 'a:2:{i:0;s:15:\"New Raid Posted\";i:1;s:8:\"Peculiar\";}'),(682, 1, 2, 24, 7, 0, '86.153.207.93', 1375055550, 'LOG_DELETE_POST', 'a:2:{i:0;s:15:\"New Raid Posted\";i:1;s:3:\"Joe\";}'),(683, 1, 2, 24, 7, 0, '86.153.207.93', 1375055555, 'LOG_DELETE_POST', 'a:2:{i:0;s:15:\"New Raid Posted\";i:1;s:8:\"Epidemic\";}'),(684, 0, 2, 0, 0, 0, '86.153.207.93', 1375107656, 'LOG_ADMIN_AUTH_SUCCESS', ''),(685, 0, 2, 0, 0, 0, '86.153.207.93', 1375107667, 'LOG_TEMPLATE_ADD_FS', 'a:1:{i:0;s:8:\"modestus\";}'),(686, 0, 2, 0, 0, 0, '86.153.207.93', 1375107667, 'LOG_THEME_ADD_DB', 'a:1:{i:0;s:8:\"modestus\";}'),(687, 0, 2, 0, 0, 0, '86.153.207.93', 1375107667, 'LOG_IMAGESET_ADD_FS', 'a:1:{i:0;s:8:\"modestus\";}'),(688, 0, 2, 0, 0, 0, '86.153.207.93', 1375107667, 'LOG_STYLE_ADD', 'a:1:{i:0;s:8:\"modestus\";}'),(689, 0, 2, 0, 0, 0, '86.153.207.93', 1375107677, 'LOG_STYLE_EDIT_DETAILS', 'a:1:{i:0;s:8:\"modestus\";}'),(690, 0, 2, 0, 0, 0, '86.153.207.93', 1375107899, 'LOG_TEMPLATE_CACHE_CLEARED', 'a:2:{i:0;s:8:\"modestus\";i:1;s:14:\"overall_header\";}'),(691, 0, 2, 0, 0, 0, '86.153.207.93', 1375107899, 'LOG_TEMPLATE_EDIT', 'a:2:{i:0;s:8:\"modestus\";i:1;s:19:\"overall_header.html\";}'),(692, 0, 2, 0, 0, 0, '86.153.207.93', 1375108067, 'LOG_TEMPLATE_CACHE_CLEARED', 'a:2:{i:0;s:8:\"modestus\";i:1;s:14:\"overall_header\";}'),(693, 0, 2, 0, 0, 0, '86.153.207.93', 1375108067, 'LOG_TEMPLATE_EDIT', 'a:2:{i:0;s:8:\"modestus\";i:1;s:19:\"overall_header.html\";}'),(694, 0, 2, 0, 0, 0, '86.153.207.93', 1375108088, 'LOG_TEMPLATE_CACHE_CLEARED', 'a:2:{i:0;s:8:\"modestus\";i:1;s:14:\"overall_header\";}'),(695, 0, 2, 0, 0, 0, '86.153.207.93', 1375108088, 'LOG_TEMPLATE_EDIT', 'a:2:{i:0;s:8:\"modestus\";i:1;s:19:\"overall_header.html\";}'),(696, 0, 2, 0, 0, 0, '86.153.207.93', 1375108146, 'LOG_TEMPLATE_CACHE_CLEARED', 'a:2:{i:0;s:8:\"modestus\";i:1;s:14:\"overall_header\";}'),(697, 0, 2, 0, 0, 0, '86.153.207.93', 1375108146, 'LOG_TEMPLATE_EDIT', 'a:2:{i:0;s:8:\"modestus\";i:1;s:19:\"overall_header.html\";}'),(698, 0, 2, 0, 0, 0, '86.153.207.93', 1375108169, 'LOG_TEMPLATE_CACHE_CLEARED', 'a:2:{i:0;s:8:\"modestus\";i:1;s:14:\"overall_header\";}'),(699, 0, 2, 0, 0, 0, '86.153.207.93', 1375108169, 'LOG_TEMPLATE_EDIT', 'a:2:{i:0;s:8:\"modestus\";i:1;s:19:\"overall_header.html\";}'),(700, 0, 2, 0, 0, 0, '86.153.207.93', 1375108202, 'LOG_TEMPLATE_CACHE_CLEARED', 'a:2:{i:0;s:8:\"modestus\";i:1;s:14:\"overall_header\";}'),(701, 0, 2, 0, 0, 0, '86.153.207.93', 1375108202, 'LOG_TEMPLATE_EDIT', 'a:2:{i:0;s:8:\"modestus\";i:1;s:19:\"overall_header.html\";}'),(702, 0, 2, 0, 0, 0, '86.153.207.93', 1375108226, 'LOG_TEMPLATE_CACHE_CLEARED', 'a:2:{i:0;s:8:\"modestus\";i:1;s:14:\"overall_header\";}'),(703, 0, 2, 0, 0, 0, '86.153.207.93', 1375108226, 'LOG_TEMPLATE_EDIT', 'a:2:{i:0;s:8:\"modestus\";i:1;s:19:\"overall_header.html\";}'),(704, 0, 2, 0, 0, 0, '86.153.207.93', 1375108246, 'LOG_TEMPLATE_CACHE_CLEARED', 'a:2:{i:0;s:8:\"modestus\";i:1;s:14:\"overall_header\";}'),(705, 0, 2, 0, 0, 0, '86.153.207.93', 1375108246, 'LOG_TEMPLATE_EDIT', 'a:2:{i:0;s:8:\"modestus\";i:1;s:19:\"overall_header.html\";}'),(706, 0, 2, 0, 0, 0, '86.153.207.93', 1375108256, 'LOG_TEMPLATE_CACHE_CLEARED', 'a:2:{i:0;s:8:\"modestus\";i:1;s:14:\"overall_header\";}'),(707, 0, 2, 0, 0, 0, '86.153.207.93', 1375108256, 'LOG_TEMPLATE_EDIT', 'a:2:{i:0;s:8:\"modestus\";i:1;s:19:\"overall_header.html\";}'),(708, 0, 2, 0, 0, 0, '86.153.207.93', 1375110069, 'LOG_THEME_EDIT', 'a:2:{i:0;s:8:\"modestus\";i:1;s:0:\"\";}'),(709, 0, 2, 0, 0, 0, '86.153.207.93', 1375110145, 'LOG_THEME_EDIT', 'a:2:{i:0;s:8:\"modestus\";i:1;s:0:\"\";}'),(710, 0, 2, 0, 0, 0, '86.153.207.93', 1375110161, 'LOG_TEMPLATE_CACHE_CLEARED', 'a:2:{i:0;s:8:\"modestus\";i:1;s:14:\"overall_header\";}'),(711, 0, 2, 0, 0, 0, '86.153.207.93', 1375110161, 'LOG_TEMPLATE_EDIT', 'a:2:{i:0;s:8:\"modestus\";i:1;s:19:\"overall_header.html\";}'),(712, 0, 2, 0, 0, 0, '86.153.207.93', 1375110176, 'LOG_TEMPLATE_CACHE_CLEARED', 'a:2:{i:0;s:8:\"modestus\";i:1;s:14:\"overall_header\";}'),(713, 0, 2, 0, 0, 0, '86.153.207.93', 1375110176, 'LOG_TEMPLATE_EDIT', 'a:2:{i:0;s:8:\"modestus\";i:1;s:19:\"overall_header.html\";}'),(714, 0, 2, 0, 0, 0, '86.153.207.93', 1375110194, 'LOG_THEME_EDIT', 'a:2:{i:0;s:8:\"modestus\";i:1;s:0:\"\";}'),(715, 1, 2, 24, 7, 0, '86.153.207.93', 1375110255, 'LOG_DELETE_POST', 'a:2:{i:0;s:19:\"Re: New Raid Posted\";i:1;s:8:\"Epidemic\";}'),(716, 0, 2, 0, 0, 0, '86.153.207.93', 1375112386, 'LOG_CONFIG_EMAIL', ''),(717, 0, 2, 0, 0, 0, '86.153.207.93', 1375112727, 'LOG_ADMIN_AUTH_SUCCESS', ''),(718, 0, 2, 0, 0, 0, '86.153.207.93', 1375112753, 'LOG_PROFILE_FIELD_EDIT', 'a:1:{i:0;s:34:\"main_char_name:Main Character Name\";}'),(719, 0, 2, 0, 0, 0, '86.153.207.93', 1375112759, 'LOG_PROFILE_FIELD_EDIT', 'a:1:{i:0;s:11:\"level:Level\";}'),(720, 0, 2, 0, 0, 0, '86.153.207.93', 1375112764, 'LOG_PROFILE_FIELD_EDIT', 'a:1:{i:0;s:21:\"main_class:Main Class\";}'),(721, 0, 2, 0, 0, 0, '86.153.207.93', 1375112773, 'LOG_PROFILE_FIELD_EDIT', 'a:1:{i:0;s:25:\"hit_toughness:Information\";}'),(722, 0, 2, 0, 0, 0, '86.153.207.93', 1375112797, 'LOG_PROFILE_FIELD_EDIT', 'a:1:{i:0;s:30:\"alt_one:(1) Alt Character Name\";}'),(723, 0, 2, 0, 0, 0, '86.153.207.93', 1375112808, 'LOG_PROFILE_FIELD_EDIT', 'a:1:{i:0;s:37:\"alt_one_class:(1) Alt Character Class\";}'),(724, 0, 2, 0, 0, 0, '86.153.207.93', 1375112815, 'LOG_PROFILE_FIELD_EDIT', 'a:1:{i:0;s:30:\"alt_two:(2) Alt Character Name\";}'),(725, 0, 2, 0, 0, 0, '86.153.207.93', 1375112828, 'LOG_PROFILE_FIELD_EDIT', 'a:1:{i:0;s:37:\"alt_two_class:(2) Alt Character Class\";}'),(726, 0, 2, 0, 0, 0, '86.153.207.93', 1375112834, 'LOG_PROFILE_FIELD_EDIT', 'a:1:{i:0;s:32:\"alt_three:(3) Alt Character Name\";}'),(727, 0, 2, 0, 0, 0, '86.153.207.93', 1375112858, 'LOG_PROFILE_FIELD_EDIT', 'a:1:{i:0;s:39:\"alt_three_class:(3) Alt Character Class\";}'),(728, 1, 2, 4, 3, 0, '86.153.207.93', 1375129469, 'LOG_DELETE_TOPIC', 'a:2:{i:0;s:29:\"Applying for Group Membership\";i:1;s:4:\"Jade\";}'),(729, 1, 2, 24, 7, 0, '86.153.207.93', 1375206497, 'LOG_DELETE_POST', 'a:2:{i:0;s:15:\"New Raid Posted\";i:1;s:4:\"Jade\";}'),(730, 1, 2, 24, 7, 0, '86.153.207.93', 1375214509, 'LOG_DELETE_POST', 'a:2:{i:0;s:15:\"New Raid Posted\";i:1;s:4:\"Jade\";}'),(731, 0, 2, 0, 0, 0, '86.157.175.19', 1375638030, 'LOG_ADMIN_AUTH_SUCCESS', ''),(732, 3, 2, 0, 0, 2, '86.157.175.19', 1375638056, 'LOG_USER_UPDATE_NAME', 'a:2:{i:0;s:4:\"Jade\";i:1;s:7:\"Neekasa\";}'),(733, 0, 2, 0, 0, 0, '86.157.175.19', 1375638056, 'LOG_USER_USER_UPDATE', 'a:1:{i:0;s:7:\"Neekasa\";}'),(734, 1, 2, 24, 7, 0, '86.157.175.19', 1375648752, 'LOG_DELETE_POST', 'a:2:{i:0;s:15:\"New Raid Posted\";i:1;s:5:\"Nalon\";}'),(735, 3, 1, 0, 0, 63, '212.159.114.169', 1375650575, 'LOG_USER_ACTIVE_USER', ''),(736, 0, 2, 0, 0, 0, '86.157.175.19', 1375650950, 'LOG_GROUP_PROMOTED', 'a:2:{i:0;s:15:\"Alliance Member\";i:1;s:7:\"Neekasa\";}'),(739, 0, 2, 0, 0, 0, '86.157.175.19', 1375651762, 'LOG_USERS_ADDED', 'a:2:{i:0;s:15:\"Alliance Member\";i:1;s:8:\"Shpongle\";}'),(740, 3, 1, 0, 0, 64, '109.150.52.195', 1375664608, 'LOG_USER_ACTIVE_USER', ''),(741, 0, 2, 0, 0, 0, '86.157.175.19', 1375665150, 'LOG_THEME_ADD_DB', 'a:1:{i:0;s:6:\"quasar\";}'),(742, 0, 2, 0, 0, 0, '86.157.175.19', 1375665162, 'LOG_TEMPLATE_ADD_FS', 'a:1:{i:0;s:6:\"quasar\";}'),(743, 0, 2, 0, 0, 0, '86.157.175.19', 1375665170, 'LOG_IMAGESET_ADD_FS', 'a:1:{i:0;s:6:\"quasar\";}'),(744, 0, 2, 0, 0, 0, '86.157.175.19', 1375665170, 'LOG_STYLE_ADD', 'a:1:{i:0;s:6:\"quasar\";}'),(745, 0, 2, 0, 0, 0, '86.157.175.19', 1375665260, 'LOG_STYLE_DELETE', 'a:1:{i:0;s:7:\"proBoot\";}'),(746, 0, 2, 0, 0, 0, '86.157.175.19', 1375665285, 'LOG_STYLE_EDIT_DETAILS', 'a:1:{i:0;s:8:\"modestus\";}'),(747, 0, 2, 0, 0, 0, '86.157.175.19', 1375665297, 'LOG_THEME_ADD_DB', 'a:1:{i:0;s:9:\"prosilver\";}'),(748, 0, 2, 0, 0, 0, '86.157.175.19', 1375665297, 'LOG_IMAGESET_ADD_FS', 'a:1:{i:0;s:9:\"prosilver\";}'),(749, 0, 2, 0, 0, 0, '86.157.175.19', 1375665297, 'LOG_STYLE_ADD', 'a:1:{i:0;s:9:\"prosilver\";}'),(750, 0, 2, 0, 0, 0, '86.157.175.19', 1375665308, 'LOG_TEMPLATE_ADD_FS', 'a:1:{i:0;s:7:\"proBoot\";}'),(751, 0, 2, 0, 0, 0, '86.157.175.19', 1375665308, 'LOG_THEME_ADD_DB', 'a:1:{i:0;s:7:\"proBoot\";}'),(752, 0, 2, 0, 0, 0, '86.157.175.19', 1375665308, 'LOG_IMAGESET_ADD_FS', 'a:1:{i:0;s:7:\"proBoot\";}'),(753, 0, 2, 0, 0, 0, '86.157.175.19', 1375665308, 'LOG_STYLE_ADD', 'a:1:{i:0;s:7:\"proBoot\";}'),(754, 0, 2, 0, 0, 0, '86.157.175.19', 1375665318, 'LOG_STYLE_DELETE', 'a:1:{i:0;s:6:\"quasar\";}'),(755, 0, 2, 0, 0, 0, '86.157.175.19', 1375665328, 'LOG_STYLE_DELETE', 'a:1:{i:0;s:9:\"prosilver\";}'),(756, 0, 2, 0, 0, 0, '86.157.175.19', 1375665333, 'LOG_STYLE_DELETE', 'a:1:{i:0;s:19:\"Artodia: Ultra Blue\";}'),(757, 0, 2, 0, 0, 0, '86.157.175.19', 1375665336, 'LOG_STYLE_DELETE', 'a:1:{i:0;s:15:\"Artodia: Deluxe\";}'),(758, 0, 2, 0, 0, 0, '86.157.175.19', 1375665346, 'LOG_STYLE_DELETE', 'a:1:{i:0;s:7:\"proBoot\";}'),(759, 0, 2, 0, 0, 0, '86.157.175.19', 1375665365, 'LOG_TEMPLATE_ADD_FS', 'a:1:{i:0;s:6:\"quasar\";}'),(760, 0, 2, 0, 0, 0, '86.157.175.19', 1375665365, 'LOG_THEME_ADD_DB', 'a:1:{i:0;s:6:\"quasar\";}'),(761, 0, 2, 0, 0, 0, '86.157.175.19', 1375665365, 'LOG_IMAGESET_ADD_FS', 'a:1:{i:0;s:6:\"quasar\";}'),(762, 0, 2, 0, 0, 0, '86.157.175.19', 1375665365, 'LOG_STYLE_ADD', 'a:1:{i:0;s:6:\"quasar\";}'),(763, 0, 2, 0, 0, 0, '86.157.175.19', 1375665525, 'LOG_MODULE_ADD', 'a:1:{i:0;s:20:\"Global configuration\";}'),(764, 0, 2, 0, 0, 0, '86.157.175.19', 1375665537, 'LOG_MODULE_ADD', 'a:1:{i:0;s:6:\"Quasar\";}'),(765, 0, 2, 0, 0, 0, '86.157.175.19', 1375665553, 'LOG_MODULE_ENABLE', 'a:1:{i:0;s:20:\"Global configuration\";}'),(766, 0, 2, 0, 0, 0, '86.157.175.19', 1375665554, 'LOG_MODULE_ENABLE', 'a:1:{i:0;s:6:\"Quasar\";}'),(767, 0, 2, 0, 0, 0, '86.157.175.19', 1375665601, 'LOG_CONFIG_QUASAR', ''),(768, 0, 2, 0, 0, 0, '86.157.175.19', 1375665615, 'LOG_CONFIG_QUASAR', ''),(769, 0, 2, 0, 0, 0, '86.157.175.19', 1375665642, 'LOG_CONFIG_GLOBAL_CONF', ''),(770, 0, 2, 0, 0, 0, '86.157.175.19', 1375665653, 'LOG_CONFIG_QUASAR', ''),(771, 0, 2, 0, 0, 0, '86.157.175.19', 1375665710, 'LOG_CONFIG_QUASAR', ''),(772, 0, 2, 0, 0, 0, '86.157.175.19', 1375665719, 'LOG_CONFIG_QUASAR', ''),(773, 0, 2, 0, 0, 0, '86.157.175.19', 1375665727, 'LOG_CONFIG_QUASAR', ''),(774, 0, 2, 0, 0, 0, '86.157.175.19', 1375665737, 'LOG_CONFIG_QUASAR', ''),(775, 0, 2, 0, 0, 0, '86.157.175.19', 1375665744, 'LOG_CONFIG_QUASAR', ''),(776, 0, 2, 0, 0, 0, '86.157.175.19', 1375665752, 'LOG_CONFIG_QUASAR', ''),(777, 0, 2, 0, 0, 0, '86.157.175.19', 1375665799, 'LOG_MODULE_EDIT', 'a:1:{i:0;s:20:\"Global configuration\";}'),(778, 0, 2, 0, 0, 0, '86.157.175.19', 1375665809, 'LOG_MODULE_EDIT', 'a:1:{i:0;s:6:\"Quasar\";}'),(779, 0, 2, 0, 0, 0, '86.157.175.19', 1375665819, 'LOG_MODULE_ADD', 'a:1:{i:0;s:11:\"Afterburner\";}'),(780, 0, 2, 0, 0, 0, '86.157.175.19', 1375665827, 'LOG_MODULE_ADD', 'a:1:{i:0;s:6:\"Quasar\";}'),(781, 0, 2, 0, 0, 0, '86.157.175.19', 1375665834, 'LOG_MODULE_ADD', 'a:1:{i:0;s:20:\"Global configuration\";}'),(782, 0, 2, 0, 0, 0, '86.157.175.19', 1375665848, 'LOG_MODULE_ADD', 'a:1:{i:0;s:8:\"Modestus\";}'),(783, 0, 2, 0, 0, 0, '86.157.175.19', 1375665854, 'LOG_MODULE_ADD', 'a:1:{i:0;s:6:\"Grunge\";}'),(784, 0, 2, 0, 0, 0, '86.157.175.19', 1375665856, 'LOG_MODULE_ENABLE', 'a:1:{i:0;s:11:\"Afterburner\";}'),(785, 0, 2, 0, 0, 0, '86.157.175.19', 1375665857, 'LOG_MODULE_ENABLE', 'a:1:{i:0;s:6:\"Quasar\";}'),(786, 0, 2, 0, 0, 0, '86.157.175.19', 1375665858, 'LOG_MODULE_ENABLE', 'a:1:{i:0;s:20:\"Global configuration\";}'),(787, 0, 2, 0, 0, 0, '86.157.175.19', 1375665858, 'LOG_MODULE_ENABLE', 'a:1:{i:0;s:8:\"Modestus\";}'),(788, 0, 2, 0, 0, 0, '86.157.175.19', 1375665859, 'LOG_MODULE_ENABLE', 'a:1:{i:0;s:6:\"Grunge\";}'),(789, 0, 2, 0, 0, 0, '86.157.175.19', 1375665884, 'LOG_CONFIG_QUASAR', ''),(790, 0, 2, 0, 0, 0, '86.157.175.19', 1375665899, 'LOG_CONFIG_QUASAR', ''),(791, 0, 2, 0, 0, 0, '86.157.175.19', 1375665914, 'LOG_PURGE_CACHE', '');

# Table: phpbb_login_attempts
DROP TABLE IF EXISTS phpbb_login_attempts;
CREATE TABLE `phpbb_login_attempts` (
  `attempt_ip` varchar(40) COLLATE utf8_bin NOT NULL DEFAULT '',
  `attempt_browser` varchar(150) COLLATE utf8_bin NOT NULL DEFAULT '',
  `attempt_forwarded_for` varchar(255) COLLATE utf8_bin NOT NULL DEFAULT '',
  `attempt_time` int(11) unsigned NOT NULL DEFAULT '0',
  `user_id` mediumint(8) unsigned NOT NULL DEFAULT '0',
  `username` varchar(255) COLLATE utf8_bin NOT NULL DEFAULT '0',
  `username_clean` varchar(255) COLLATE utf8_bin NOT NULL DEFAULT '0',
  KEY `att_ip` (`attempt_ip`,`attempt_time`),
  KEY `att_for` (`attempt_forwarded_for`,`attempt_time`),
  KEY `att_time` (`attempt_time`),
  KEY `user_id` (`user_id`)
) ENGINE=MyISAM DEFAULT CHARSET=utf8 COLLATE=utf8_bin;

INSERT INTO phpbb_login_attempts (attempt_ip, attempt_browser, attempt_forwarded_for, attempt_time, user_id, username, username_clean) VALUES ('94.153.8.77', 'Mozilla/5.0 (Windows NT 6.1; rv:10.0.2) Gecko/20100101 Firefox/10.0.2', '', 1375663139, 0, 'Unlalitty', 'unlalitty'),('173.208.213.42', 'Opera/9.80 (Windows NT 6.1; WOW64) Presto/2.12.388 Version/12.11', '', 1375663490, 0, 'coediainsaddy', 'coediainsaddy'),('46.118.117.3', 'Mozilla/5.0 (Windows NT 6.1; rv:14.0) Gecko/20100101 Firefox/14.0.1', '', 1375664511, 0, 'Gagoeffelve', 'gagoeffelve'),('220.160.192.123', 'Mozilla/5.0 (Windows NT 6.0; rv:17.0) Gecko/20100101 Firefox/17.0', '', 1375658397, 0, 'IndetteSelo', 'indetteselo'),('89.178.231.191', 'Mozilla/5.0 (Windows NT 5.1) AppleWebKit/535.19 (KHTML, like Gecko) Chrome/18.0.1025.1634 Safari/535.19 YI', '', 1375658435, 0, 'LypeMypeZer', 'lypemypezer'),('46.118.117.3', 'Mozilla/5.0 (Windows NT 5.1) AppleWebKit/536.11 (KHTML, like Gecko) Chrome/20.0.1132.57 Safari/536.11', '', 1375658460, 0, 'feflylymn', 'feflylymn'),('94.153.8.77', 'Mozilla/5.0 (Windows NT 5.1; rv:8.0) Gecko/20100101 Firefox/8.0', '', 1375658572, 0, 'NotrhimiNig', 'notrhiminig'),('173.208.213.42', 'Opera/9.80 (Windows NT 6.1; Win64; x64) Presto/2.12.388 Version/12.10', '', 1375659778, 0, 'Unjucouch', 'unjucouch'),('5.167.180.168', 'Opera/9.80 (Windows NT 6.0; U; ru) Presto/2.10.289 Version/12.02', '', 1375660622, 0, 'AdmismBemSsit', 'admismbemssit'),('173.208.213.42', 'Opera/9.80 (Windows NT 5.1; U; ru) Presto/2.10.289 Version/12.01', '', 1375661034, 0, 'Keyclewrevy', 'keyclewrevy'),('173.208.213.42', 'Mozilla/5.0 (Windows NT 6.2; WOW64) AppleWebKit/537.11 (KHTML, like Gecko) Chrome/23.0.1271.64 Safari/537.11', '', 1375661154, 0, 'MowBoaxybax', 'mowboaxybax'),('5.167.180.168', 'Mozilla/5.0 (Windows NT 6.1; WOW64) AppleWebKit/537.4 (KHTML, like Gecko) Chrome/22.0.1229.79 Safari/537.4', '', 1375662206, 0, 'AdmismBemSsit', 'admismbemssit'),('178.90.160.220', 'Mozilla/4.0 (compatible; MSIE 6.0; Windows NT 5.1; SV1)', '', 1375664756, 0, 'Azartsite', 'azartsite'),('173.208.213.42', 'Mozilla/5.0 (Windows NT 5.1; rv:16.0) Gecko/20100101 Firefox/16.0', '', 1375664975, 0, 'Dartsmuts', 'dartsmuts'),('5.167.180.168', 'Opera/9.80 (Windows NT 6.1; U; ru) Presto/2.10.229 Version/11.61', '', 1375664995, 0, 'AdmismBemSsit', 'admismbemssit'),('173.208.213.42', 'Mozilla/5.0 (Windows NT 6.1) AppleWebKit/537.11 (KHTML, like Gecko) Chrome/23.0.1271.64 Safari/537.11', '', 1375648813, 0, 'coediainsaddy', 'coediainsaddy'),('173.208.213.42', 'Mozilla/5.0 (Windows NT 6.1) AppleWebKit/537.11 (KHTML, like Gecko) Chrome/23.0.1271.64 Safari/537.11', '', 1375648858, 0, 'coediainsaddy', 'coediainsaddy'),('198.27.78.203', 'Opera/9.80 (Windows NT 6.1; WOW64; U; ru) Presto/2.10.289 Version/12.02', '', 1375648893, 0, 'carpinteyrogxp', 'carpinteyrogxp'),('5.254.142.74', 'Mozilla/5.0 (Windows NT 6.1; WOW64; rv:16.0) Gecko/20100101 Firefox/16.0', '', 1375665075, 0, 'masturbations', 'masturbations'),('173.208.213.42', 'Mozilla/5.0 (Macintosh; Intel Mac OS X 10_8_2) AppleWebKit/537.1 (KHTML, like Gecko) Chrome/21.0.1180.82 Safari/537.1', '', 1375646572, 0, 'Joiluepcreece', 'joiluepcreece'),('198.100.152.157', 'Mozilla/5.0 (Windows NT 6.1; rv:10.0) Gecko/20100101 Firefox/10.0', '', 1375642356, 0, 'injubynut', 'injubynut'),('5.167.180.168', 'Mozilla/5.0 (Windows NT 6.1) AppleWebKit/535.19 (KHTML, like Gecko) Chrome/18.0.1025.1634 Safari/535.19 YE', '', 1375644498, 0, 'AdmismBemSsit', 'admismbemssit'),('173.208.213.42', 'Mozilla/5.0 (Windows NT 6.1; WOW64; rv:17.0) Gecko/17.0 Firefox/17.0', '', 1375644523, 0, 'enticeshive', 'enticeshive'),('5.254.130.100', 'Opera/9.80 (Windows NT 6.1; MRA 6.0 (build 5970)) Presto/2.12.388 Version/12.11', '', 1375644926, 0, 'boutiquesm', 'boutiquesm'),('173.208.213.42', 'Mozilla/5.0 (Windows NT 6.0; WOW64) AppleWebKit/537.11 (KHTML, like Gecko) Chrome/23.0.1271.64 Safari/537.11', '', 1375662784, 0, 'Coograrce', 'coograrce'),('176.33.175.133', 'Mozilla/5.0 (iPad; CPU OS 6_0 like Mac OS X) AppleWebKit/536.26 (KHTML, like Gecko) Version/6.0 Mobile/10A403 Safari/8536.25', '', 1375641709, 0, 'BOFSTOOLI', 'bofstooli');

# Table: phpbb_moderator_cache
DROP TABLE IF EXISTS phpbb_moderator_cache;
CREATE TABLE `phpbb_moderator_cache` (
  `forum_id` mediumint(8) unsigned NOT NULL DEFAULT '0',
  `user_id` mediumint(8) unsigned NOT NULL DEFAULT '0',
  `username` varchar(255) COLLATE utf8_bin NOT NULL DEFAULT '',
  `group_id` mediumint(8) unsigned NOT NULL DEFAULT '0',
  `group_name` varchar(255) COLLATE utf8_bin NOT NULL DEFAULT '',
  `display_on_index` tinyint(1) unsigned NOT NULL DEFAULT '1',
  KEY `disp_idx` (`display_on_index`),
  KEY `forum_id` (`forum_id`)
) ENGINE=MyISAM DEFAULT CHARSET=utf8 COLLATE=utf8_bin;

INSERT INTO phpbb_moderator_cache (forum_id, user_id, username, group_id, group_name, display_on_index) VALUES (0, 0, '', 8, 'Alliance Leader', 1),(3, 0, '', 8, 'Alliance Leader', 1),(4, 0, '', 8, 'Alliance Leader', 1),(5, 0, '', 8, 'Alliance Leader', 1),(6, 0, '', 8, 'Alliance Leader', 1),(7, 0, '', 8, 'Alliance Leader', 1),(8, 0, '', 8, 'Alliance Leader', 1),(9, 0, '', 8, 'Alliance Leader', 1),(10, 0, '', 8, 'Alliance Leader', 1),(11, 0, '', 8, 'Alliance Leader', 1),(12, 0, '', 8, 'Alliance Leader', 1),(13, 0, '', 8, 'Alliance Leader', 1),(14, 0, '', 8, 'Alliance Leader', 1),(15, 0, '', 8, 'Alliance Leader', 1),(16, 0, '', 8, 'Alliance Leader', 1),(17, 0, '', 8, 'Alliance Leader', 1),(18, 0, '', 8, 'Alliance Leader', 1),(19, 0, '', 8, 'Alliance Leader', 1),(20, 0, '', 8, 'Alliance Leader', 1),(21, 0, '', 8, 'Alliance Leader', 1),(22, 0, '', 8, 'Alliance Leader', 1),(23, 0, '', 8, 'Alliance Leader', 1),(24, 0, '', 8, 'Alliance Leader', 1),(3, 0, '', 9, 'Alliance Officer', 1),(4, 0, '', 9, 'Alliance Officer', 1),(5, 0, '', 9, 'Alliance Officer', 1),(6, 0, '', 9, 'Alliance Officer', 1),(7, 0, '', 9, 'Alliance Officer', 1),(8, 0, '', 9, 'Alliance Officer', 1),(9, 0, '', 9, 'Alliance Officer', 1),(10, 0, '', 9, 'Alliance Officer', 1),(11, 0, '', 9, 'Alliance Officer', 1),(12, 0, '', 9, 'Alliance Officer', 1),(13, 0, '', 9, 'Alliance Officer', 1),(14, 0, '', 9, 'Alliance Officer', 1),(15, 0, '', 9, 'Alliance Officer', 1),(16, 0, '', 9, 'Alliance Officer', 1),(17, 0, '', 9, 'Alliance Officer', 1),(18, 0, '', 9, 'Alliance Officer', 1),(19, 0, '', 9, 'Alliance Officer', 1),(20, 0, '', 9, 'Alliance Officer', 1),(21, 0, '', 9, 'Alliance Officer', 1),(22, 0, '', 9, 'Alliance Officer', 1),(23, 0, '', 9, 'Alliance Officer', 1),(24, 0, '', 9, 'Alliance Officer', 1),(0, 0, '', 9, 'Alliance Officer', 1);

# Table: phpbb_modules
DROP TABLE IF EXISTS phpbb_modules;
CREATE TABLE `phpbb_modules` (
  `module_id` mediumint(8) unsigned NOT NULL AUTO_INCREMENT,
  `module_enabled` tinyint(1) unsigned NOT NULL DEFAULT '1',
  `module_display` tinyint(1) unsigned NOT NULL DEFAULT '1',
  `module_basename` varchar(255) COLLATE utf8_bin NOT NULL DEFAULT '',
  `module_class` varchar(10) COLLATE utf8_bin NOT NULL DEFAULT '',
  `parent_id` mediumint(8) unsigned NOT NULL DEFAULT '0',
  `left_id` mediumint(8) unsigned NOT NULL DEFAULT '0',
  `right_id` mediumint(8) unsigned NOT NULL DEFAULT '0',
  `module_langname` varchar(255) COLLATE utf8_bin NOT NULL DEFAULT '',
  `module_mode` varchar(255) COLLATE utf8_bin NOT NULL DEFAULT '',
  `module_auth` varchar(255) COLLATE utf8_bin NOT NULL DEFAULT '',
  PRIMARY KEY (`module_id`),
  KEY `left_right_id` (`left_id`,`right_id`),
  KEY `module_enabled` (`module_enabled`),
  KEY `class_left_id` (`module_class`,`left_id`)
) ENGINE=MyISAM AUTO_INCREMENT=206 DEFAULT CHARSET=utf8 COLLATE=utf8_bin;

INSERT INTO phpbb_modules (module_id, module_enabled, module_display, module_basename, module_class, parent_id, left_id, right_id, module_langname, module_mode, module_auth) VALUES (1, 1, 1, '', 'acp', 0, 1, 64, 'ACP_CAT_GENERAL', '', ''),(2, 1, 1, '', 'acp', 1, 4, 17, 'ACP_QUICK_ACCESS', '', ''),(3, 1, 1, '', 'acp', 1, 18, 41, 'ACP_BOARD_CONFIGURATION', '', ''),(4, 1, 1, '', 'acp', 1, 42, 49, 'ACP_CLIENT_COMMUNICATION', '', ''),(5, 1, 1, '', 'acp', 1, 50, 63, 'ACP_SERVER_CONFIGURATION', '', ''),(6, 1, 1, '', 'acp', 0, 65, 84, 'ACP_CAT_FORUMS', '', ''),(7, 1, 1, '', 'acp', 6, 66, 71, 'ACP_MANAGE_FORUMS', '', ''),(8, 1, 1, '', 'acp', 6, 72, 83, 'ACP_FORUM_BASED_PERMISSIONS', '', ''),(9, 1, 1, '', 'acp', 0, 85, 110, 'ACP_CAT_POSTING', '', ''),(10, 1, 1, '', 'acp', 9, 86, 99, 'ACP_MESSAGES', '', ''),(11, 1, 1, '', 'acp', 9, 100, 109, 'ACP_ATTACHMENTS', '', ''),(12, 1, 1, '', 'acp', 0, 111, 166, 'ACP_CAT_USERGROUP', '', ''),(13, 1, 1, '', 'acp', 12, 112, 145, 'ACP_CAT_USERS', '', ''),(14, 1, 1, '', 'acp', 12, 146, 153, 'ACP_GROUPS', '', ''),(15, 1, 1, '', 'acp', 12, 154, 165, 'ACP_USER_SECURITY', '', ''),(16, 1, 1, '', 'acp', 0, 167, 216, 'ACP_CAT_PERMISSIONS', '', ''),(17, 1, 1, '', 'acp', 16, 170, 179, 'ACP_GLOBAL_PERMISSIONS', '', ''),(18, 1, 1, '', 'acp', 16, 180, 191, 'ACP_FORUM_BASED_PERMISSIONS', '', ''),(19, 1, 1, '', 'acp', 16, 192, 201, 'ACP_PERMISSION_ROLES', '', ''),(20, 1, 1, '', 'acp', 16, 202, 215, 'ACP_PERMISSION_MASKS', '', ''),(21, 1, 1, '', 'acp', 0, 217, 230, 'ACP_CAT_STYLES', '', ''),(22, 1, 1, '', 'acp', 21, 218, 221, 'ACP_STYLE_MANAGEMENT', '', ''),(23, 1, 1, '', 'acp', 21, 222, 229, 'ACP_STYLE_COMPONENTS', '', ''),(24, 1, 1, '', 'acp', 0, 231, 250, 'ACP_CAT_MAINTENANCE', '', ''),(25, 1, 1, '', 'acp', 24, 232, 241, 'ACP_FORUM_LOGS', '', ''),(26, 1, 1, '', 'acp', 24, 242, 249, 'ACP_CAT_DATABASE', '', ''),(27, 1, 1, '', 'acp', 0, 251, 276, 'ACP_CAT_SYSTEM', '', ''),(28, 1, 1, '', 'acp', 27, 252, 255, 'ACP_AUTOMATION', '', ''),(29, 1, 1, '', 'acp', 27, 256, 267, 'ACP_GENERAL_TASKS', '', ''),(30, 1, 1, '', 'acp', 27, 268, 275, 'ACP_MODULE_MANAGEMENT', '', ''),(31, 1, 1, '', 'acp', 0, 277, 278, 'ACP_CAT_DOT_MODS', '', ''),(32, 1, 1, 'attachments', 'acp', 3, 19, 20, 'ACP_ATTACHMENT_SETTINGS', 'attach', 'acl_a_attach'),(33, 1, 1, 'attachments', 'acp', 11, 101, 102, 'ACP_ATTACHMENT_SETTINGS', 'attach', 'acl_a_attach'),(34, 1, 1, 'attachments', 'acp', 11, 103, 104, 'ACP_MANAGE_EXTENSIONS', 'extensions', 'acl_a_attach'),(35, 1, 1, 'attachments', 'acp', 11, 105, 106, 'ACP_EXTENSION_GROUPS', 'ext_groups', 'acl_a_attach'),(36, 1, 1, 'attachments', 'acp', 11, 107, 108, 'ACP_ORPHAN_ATTACHMENTS', 'orphan', 'acl_a_attach'),(37, 1, 1, 'ban', 'acp', 15, 155, 156, 'ACP_BAN_EMAILS', 'email', 'acl_a_ban'),(38, 1, 1, 'ban', 'acp', 15, 157, 158, 'ACP_BAN_IPS', 'ip', 'acl_a_ban'),(39, 1, 1, 'ban', 'acp', 15, 159, 160, 'ACP_BAN_USERNAMES', 'user', 'acl_a_ban'),(40, 1, 1, 'bbcodes', 'acp', 10, 87, 88, 'ACP_BBCODES', 'bbcodes', 'acl_a_bbcode'),(41, 1, 1, 'board', 'acp', 3, 21, 22, 'ACP_BOARD_SETTINGS', 'settings', 'acl_a_board'),(42, 1, 1, 'board', 'acp', 3, 23, 24, 'ACP_BOARD_FEATURES', 'features', 'acl_a_board'),(43, 1, 1, 'board', 'acp', 3, 25, 26, 'ACP_AVATAR_SETTINGS', 'avatar', 'acl_a_board'),(44, 1, 1, 'board', 'acp', 3, 27, 28, 'ACP_MESSAGE_SETTINGS', 'message', 'acl_a_board'),(45, 1, 1, 'board', 'acp', 10, 89, 90, 'ACP_MESSAGE_SETTINGS', 'message', 'acl_a_board'),(46, 1, 1, 'board', 'acp', 3, 29, 30, 'ACP_POST_SETTINGS', 'post', 'acl_a_board'),(47, 1, 1, 'board', 'acp', 10, 91, 92, 'ACP_POST_SETTINGS', 'post', 'acl_a_board'),(48, 1, 1, 'board', 'acp', 3, 31, 32, 'ACP_SIGNATURE_SETTINGS', 'signature', 'acl_a_board'),(49, 1, 1, 'board', 'acp', 3, 33, 34, 'ACP_FEED_SETTINGS', 'feed', 'acl_a_board'),(50, 1, 1, 'board', 'acp', 3, 35, 36, 'ACP_REGISTER_SETTINGS', 'registration', 'acl_a_board'),(51, 1, 1, 'board', 'acp', 4, 43, 44, 'ACP_AUTH_SETTINGS', 'auth', 'acl_a_server'),(52, 1, 1, 'board', 'acp', 4, 45, 46, 'ACP_EMAIL_SETTINGS', 'email', 'acl_a_server'),(53, 1, 1, 'board', 'acp', 5, 51, 52, 'ACP_COOKIE_SETTINGS', 'cookie', 'acl_a_server'),(54, 1, 1, 'board', 'acp', 5, 53, 54, 'ACP_SERVER_SETTINGS', 'server', 'acl_a_server'),(55, 1, 1, 'board', 'acp', 5, 55, 56, 'ACP_SECURITY_SETTINGS', 'security', 'acl_a_server'),(56, 1, 1, 'board', 'acp', 5, 57, 58, 'ACP_LOAD_SETTINGS', 'load', 'acl_a_server'),(57, 1, 1, 'bots', 'acp', 29, 257, 258, 'ACP_BOTS', 'bots', 'acl_a_bots'),(58, 1, 1, 'captcha', 'acp', 3, 37, 38, 'ACP_VC_SETTINGS', 'visual', 'acl_a_board'),(59, 1, 0, 'captcha', 'acp', 3, 39, 40, 'ACP_VC_CAPTCHA_DISPLAY', 'img', 'acl_a_board'),(60, 1, 1, 'database', 'acp', 26, 243, 244, 'ACP_BACKUP', 'backup', 'acl_a_backup'),(61, 1, 1, 'database', 'acp', 26, 245, 246, 'ACP_RESTORE', 'restore', 'acl_a_backup'),(62, 1, 1, 'disallow', 'acp', 15, 161, 162, 'ACP_DISALLOW_USERNAMES', 'usernames', 'acl_a_names'),(63, 1, 1, 'email', 'acp', 29, 259, 260, 'ACP_MASS_EMAIL', 'email', 'acl_a_email && cfg_email_enable'),(64, 1, 1, 'forums', 'acp', 7, 67, 68, 'ACP_MANAGE_FORUMS', 'manage', 'acl_a_forum'),(65, 1, 1, 'groups', 'acp', 14, 147, 148, 'ACP_GROUPS_MANAGE', 'manage', 'acl_a_group'),(66, 1, 1, 'icons', 'acp', 10, 93, 94, 'ACP_ICONS', 'icons', 'acl_a_icons'),(67, 1, 1, 'icons', 'acp', 10, 95, 96, 'ACP_SMILIES', 'smilies', 'acl_a_icons'),(68, 1, 1, 'inactive', 'acp', 13, 115, 116, 'ACP_INACTIVE_USERS', 'list', 'acl_a_user'),(69, 1, 1, 'jabber', 'acp', 4, 47, 48, 'ACP_JABBER_SETTINGS', 'settings', 'acl_a_jabber'),(70, 1, 1, 'language', 'acp', 29, 261, 262, 'ACP_LANGUAGE_PACKS', 'lang_packs', 'acl_a_language'),(71, 1, 1, 'logs', 'acp', 25, 233, 234, 'ACP_ADMIN_LOGS', 'admin', 'acl_a_viewlogs'),(72, 1, 1, 'logs', 'acp', 25, 235, 236, 'ACP_MOD_LOGS', 'mod', 'acl_a_viewlogs'),(73, 1, 1, 'logs', 'acp', 25, 237, 238, 'ACP_USERS_LOGS', 'users', 'acl_a_viewlogs'),(74, 1, 1, 'logs', 'acp', 25, 239, 240, 'ACP_CRITICAL_LOGS', 'critical', 'acl_a_viewlogs'),(75, 1, 1, 'main', 'acp', 1, 2, 3, 'ACP_INDEX', 'main', ''),(76, 1, 1, 'modules', 'acp', 30, 269, 270, 'ACP', 'acp', 'acl_a_modules'),(77, 1, 1, 'modules', 'acp', 30, 271, 272, 'UCP', 'ucp', 'acl_a_modules'),(78, 1, 1, 'modules', 'acp', 30, 273, 274, 'MCP', 'mcp', 'acl_a_modules'),(79, 1, 1, 'permission_roles', 'acp', 19, 193, 194, 'ACP_ADMIN_ROLES', 'admin_roles', 'acl_a_roles && acl_a_aauth'),(80, 1, 1, 'permission_roles', 'acp', 19, 195, 196, 'ACP_USER_ROLES', 'user_roles', 'acl_a_roles && acl_a_uauth'),(81, 1, 1, 'permission_roles', 'acp', 19, 197, 198, 'ACP_MOD_ROLES', 'mod_roles', 'acl_a_roles && acl_a_mauth'),(82, 1, 1, 'permission_roles', 'acp', 19, 199, 200, 'ACP_FORUM_ROLES', 'forum_roles', 'acl_a_roles && acl_a_fauth'),(83, 1, 1, 'permissions', 'acp', 16, 168, 169, 'ACP_PERMISSIONS', 'intro', 'acl_a_authusers || acl_a_authgroups || acl_a_viewauth'),(84, 1, 0, 'permissions', 'acp', 20, 203, 204, 'ACP_PERMISSION_TRACE', 'trace', 'acl_a_viewauth'),(85, 1, 1, 'permissions', 'acp', 18, 181, 182, 'ACP_FORUM_PERMISSIONS', 'setting_forum_local', 'acl_a_fauth && (acl_a_authusers || acl_a_authgroups)'),(86, 1, 1, 'permissions', 'acp', 18, 183, 184, 'ACP_FORUM_PERMISSIONS_COPY', 'setting_forum_copy', 'acl_a_fauth && acl_a_authusers && acl_a_authgroups && acl_a_mauth'),(87, 1, 1, 'permissions', 'acp', 18, 185, 186, 'ACP_FORUM_MODERATORS', 'setting_mod_local', 'acl_a_mauth && (acl_a_authusers || acl_a_authgroups)'),(88, 1, 1, 'permissions', 'acp', 17, 171, 172, 'ACP_USERS_PERMISSIONS', 'setting_user_global', 'acl_a_authusers && (acl_a_aauth || acl_a_mauth || acl_a_uauth)'),(89, 1, 1, 'permissions', 'acp', 13, 117, 118, 'ACP_USERS_PERMISSIONS', 'setting_user_global', 'acl_a_authusers && (acl_a_aauth || acl_a_mauth || acl_a_uauth)'),(90, 1, 1, 'permissions', 'acp', 18, 187, 188, 'ACP_USERS_FORUM_PERMISSIONS', 'setting_user_local', 'acl_a_authusers && (acl_a_mauth || acl_a_fauth)'),(91, 1, 1, 'permissions', 'acp', 13, 119, 120, 'ACP_USERS_FORUM_PERMISSIONS', 'setting_user_local', 'acl_a_authusers && (acl_a_mauth || acl_a_fauth)'),(92, 1, 1, 'permissions', 'acp', 17, 173, 174, 'ACP_GROUPS_PERMISSIONS', 'setting_group_global', 'acl_a_authgroups && (acl_a_aauth || acl_a_mauth || acl_a_uauth)'),(93, 1, 1, 'permissions', 'acp', 14, 149, 150, 'ACP_GROUPS_PERMISSIONS', 'setting_group_global', 'acl_a_authgroups && (acl_a_aauth || acl_a_mauth || acl_a_uauth)'),(94, 1, 1, 'permissions', 'acp', 18, 189, 190, 'ACP_GROUPS_FORUM_PERMISSIONS', 'setting_group_local', 'acl_a_authgroups && (acl_a_mauth || acl_a_fauth)'),(95, 1, 1, 'permissions', 'acp', 14, 151, 152, 'ACP_GROUPS_FORUM_PERMISSIONS', 'setting_group_local', 'acl_a_authgroups && (acl_a_mauth || acl_a_fauth)'),(96, 1, 1, 'permissions', 'acp', 17, 175, 176, 'ACP_ADMINISTRATORS', 'setting_admin_global', 'acl_a_aauth && (acl_a_authusers || acl_a_authgroups)'),(97, 1, 1, 'permissions', 'acp', 17, 177, 178, 'ACP_GLOBAL_MODERATORS', 'setting_mod_global', 'acl_a_mauth && (acl_a_authusers || acl_a_authgroups)'),(98, 1, 1, 'permissions', 'acp', 20, 205, 206, 'ACP_VIEW_ADMIN_PERMISSIONS', 'view_admin_global', 'acl_a_viewauth'),(99, 1, 1, 'permissions', 'acp', 20, 207, 208, 'ACP_VIEW_USER_PERMISSIONS', 'view_user_global', 'acl_a_viewauth'),(100, 1, 1, 'permissions', 'acp', 20, 209, 210, 'ACP_VIEW_GLOBAL_MOD_PERMISSIONS', 'view_mod_global', 'acl_a_viewauth'),(101, 1, 1, 'permissions', 'acp', 20, 211, 212, 'ACP_VIEW_FORUM_MOD_PERMISSIONS', 'view_mod_local', 'acl_a_viewauth'),(102, 1, 1, 'permissions', 'acp', 20, 213, 214, 'ACP_VIEW_FORUM_PERMISSIONS', 'view_forum_local', 'acl_a_viewauth'),(103, 1, 1, 'php_info', 'acp', 29, 263, 264, 'ACP_PHP_INFO', 'info', 'acl_a_phpinfo'),(104, 1, 1, 'profile', 'acp', 13, 121, 122, 'ACP_CUSTOM_PROFILE_FIELDS', 'profile', 'acl_a_profile'),(105, 1, 1, 'prune', 'acp', 7, 69, 70, 'ACP_PRUNE_FORUMS', 'forums', 'acl_a_prune'),(106, 1, 1, 'prune', 'acp', 15, 163, 164, 'ACP_PRUNE_USERS', 'users', 'acl_a_userdel'),(107, 1, 1, 'ranks', 'acp', 13, 123, 124, 'ACP_MANAGE_RANKS', 'ranks', 'acl_a_ranks'),(108, 1, 1, 'reasons', 'acp', 29, 265, 266, 'ACP_MANAGE_REASONS', 'main', 'acl_a_reasons'),(109, 1, 1, 'search', 'acp', 5, 59, 60, 'ACP_SEARCH_SETTINGS', 'settings', 'acl_a_search'),(110, 1, 1, 'search', 'acp', 26, 247, 248, 'ACP_SEARCH_INDEX', 'index', 'acl_a_search'),(111, 1, 1, 'send_statistics', 'acp', 5, 61, 62, 'ACP_SEND_STATISTICS', 'send_statistics', 'acl_a_server'),(112, 1, 1, 'styles', 'acp', 22, 219, 220, 'ACP_STYLES', 'style', 'acl_a_styles'),(113, 1, 1, 'styles', 'acp', 23, 223, 224, 'ACP_TEMPLATES', 'template', 'acl_a_styles'),(114, 1, 1, 'styles', 'acp', 23, 225, 226, 'ACP_THEMES', 'theme', 'acl_a_styles'),(115, 1, 1, 'styles', 'acp', 23, 227, 228, 'ACP_IMAGESETS', 'imageset', 'acl_a_styles'),(116, 1, 1, 'update', 'acp', 28, 253, 254, 'ACP_VERSION_CHECK', 'version_check', 'acl_a_board'),(117, 1, 1, 'users', 'acp', 13, 113, 114, 'ACP_MANAGE_USERS', 'overview', 'acl_a_user'),(118, 1, 0, 'users', 'acp', 13, 125, 126, 'ACP_USER_FEEDBACK', 'feedback', 'acl_a_user'),(119, 1, 0, 'users', 'acp', 13, 127, 128, 'ACP_USER_WARNINGS', 'warnings', 'acl_a_user'),(120, 1, 0, 'users', 'acp', 13, 129, 130, 'ACP_USER_PROFILE', 'profile', 'acl_a_user'),(121, 1, 0, 'users', 'acp', 13, 131, 132, 'ACP_USER_PREFS', 'prefs', 'acl_a_user'),(122, 1, 0, 'users', 'acp', 13, 133, 134, 'ACP_USER_AVATAR', 'avatar', 'acl_a_user'),(123, 1, 0, 'users', 'acp', 13, 135, 136, 'ACP_USER_RANK', 'rank', 'acl_a_user'),(124, 1, 0, 'users', 'acp', 13, 137, 138, 'ACP_USER_SIG', 'sig', 'acl_a_user'),(125, 1, 0, 'users', 'acp', 13, 139, 140, 'ACP_USER_GROUPS', 'groups', 'acl_a_user && acl_a_group'),(126, 1, 0, 'users', 'acp', 13, 141, 142, 'ACP_USER_PERM', 'perm', 'acl_a_user && acl_a_viewauth'),(127, 1, 0, 'users', 'acp', 13, 143, 144, 'ACP_USER_ATTACH', 'attach', 'acl_a_user'),(128, 1, 1, 'words', 'acp', 10, 97, 98, 'ACP_WORDS', 'words', 'acl_a_words'),(129, 1, 1, 'users', 'acp', 2, 5, 6, 'ACP_MANAGE_USERS', 'overview', 'acl_a_user'),(130, 1, 1, 'groups', 'acp', 2, 7, 8, 'ACP_GROUPS_MANAGE', 'manage', 'acl_a_group'),(131, 1, 1, 'forums', 'acp', 2, 9, 10, 'ACP_MANAGE_FORUMS', 'manage', 'acl_a_forum'),(132, 1, 1, 'logs', 'acp', 2, 11, 12, 'ACP_MOD_LOGS', 'mod', 'acl_a_viewlogs'),(133, 1, 1, 'bots', 'acp', 2, 13, 14, 'ACP_BOTS', 'bots', 'acl_a_bots'),(134, 1, 1, 'php_info', 'acp', 2, 15, 16, 'ACP_PHP_INFO', 'info', 'acl_a_phpinfo'),(135, 1, 1, 'permissions', 'acp', 8, 73, 74, 'ACP_FORUM_PERMISSIONS', 'setting_forum_local', 'acl_a_fauth && (acl_a_authusers || acl_a_authgroups)'),(136, 1, 1, 'permissions', 'acp', 8, 75, 76, 'ACP_FORUM_PERMISSIONS_COPY', 'setting_forum_copy', 'acl_a_fauth && acl_a_authusers && acl_a_authgroups && acl_a_mauth'),(137, 1, 1, 'permissions', 'acp', 8, 77, 78, 'ACP_FORUM_MODERATORS', 'setting_mod_local', 'acl_a_mauth && (acl_a_authusers || acl_a_authgroups)'),(138, 1, 1, 'permissions', 'acp', 8, 79, 80, 'ACP_USERS_FORUM_PERMISSIONS', 'setting_user_local', 'acl_a_authusers && (acl_a_mauth || acl_a_fauth)'),(139, 1, 1, 'permissions', 'acp', 8, 81, 82, 'ACP_GROUPS_FORUM_PERMISSIONS', 'setting_group_local', 'acl_a_authgroups && (acl_a_mauth || acl_a_fauth)'),(140, 1, 1, '', 'mcp', 0, 1, 10, 'MCP_MAIN', '', ''),(141, 1, 1, '', 'mcp', 0, 11, 18, 'MCP_QUEUE', '', ''),(142, 1, 1, '', 'mcp', 0, 19, 32, 'MCP_REPORTS', '', ''),(143, 1, 1, '', 'mcp', 0, 33, 38, 'MCP_NOTES', '', ''),(144, 1, 1, '', 'mcp', 0, 39, 48, 'MCP_WARN', '', ''),(145, 1, 1, '', 'mcp', 0, 49, 56, 'MCP_LOGS', '', ''),(146, 1, 1, '', 'mcp', 0, 57, 64, 'MCP_BAN', '', ''),(147, 1, 1, 'ban', 'mcp', 146, 58, 59, 'MCP_BAN_USERNAMES', 'user', 'acl_m_ban'),(148, 1, 1, 'ban', 'mcp', 146, 60, 61, 'MCP_BAN_IPS', 'ip', 'acl_m_ban'),(149, 1, 1, 'ban', 'mcp', 146, 62, 63, 'MCP_BAN_EMAILS', 'email', 'acl_m_ban'),(150, 1, 1, 'logs', 'mcp', 145, 50, 51, 'MCP_LOGS_FRONT', 'front', 'acl_m_ || aclf_m_'),(151, 1, 1, 'logs', 'mcp', 145, 52, 53, 'MCP_LOGS_FORUM_VIEW', 'forum_logs', 'acl_m_,$id'),(152, 1, 1, 'logs', 'mcp', 145, 54, 55, 'MCP_LOGS_TOPIC_VIEW', 'topic_logs', 'acl_m_,$id'),(153, 1, 1, 'main', 'mcp', 140, 2, 3, 'MCP_MAIN_FRONT', 'front', ''),(154, 1, 1, 'main', 'mcp', 140, 4, 5, 'MCP_MAIN_FORUM_VIEW', 'forum_view', 'acl_m_,$id'),(155, 1, 1, 'main', 'mcp', 140, 6, 7, 'MCP_MAIN_TOPIC_VIEW', 'topic_view', 'acl_m_,$id'),(156, 1, 1, 'main', 'mcp', 140, 8, 9, 'MCP_MAIN_POST_DETAILS', 'post_details', 'acl_m_,$id || (!$id && aclf_m_)'),(157, 1, 1, 'notes', 'mcp', 143, 34, 35, 'MCP_NOTES_FRONT', 'front', ''),(158, 1, 1, 'notes', 'mcp', 143, 36, 37, 'MCP_NOTES_USER', 'user_notes', ''),(159, 1, 1, 'pm_reports', 'mcp', 142, 20, 21, 'MCP_PM_REPORTS_OPEN', 'pm_reports', 'aclf_m_report'),(160, 1, 1, 'pm_reports', 'mcp', 142, 22, 23, 'MCP_PM_REPORTS_CLOSED', 'pm_reports_closed', 'aclf_m_report'),(161, 1, 1, 'pm_reports', 'mcp', 142, 24, 25, 'MCP_PM_REPORT_DETAILS', 'pm_report_details', 'aclf_m_report'),(162, 1, 1, 'queue', 'mcp', 141, 12, 13, 'MCP_QUEUE_UNAPPROVED_TOPICS', 'unapproved_topics', 'aclf_m_approve'),(163, 1, 1, 'queue', 'mcp', 141, 14, 15, 'MCP_QUEUE_UNAPPROVED_POSTS', 'unapproved_posts', 'aclf_m_approve'),(164, 1, 1, 'queue', 'mcp', 141, 16, 17, 'MCP_QUEUE_APPROVE_DETAILS', 'approve_details', 'acl_m_approve,$id || (!$id && aclf_m_approve)'),(165, 1, 1, 'reports', 'mcp', 142, 26, 27, 'MCP_REPORTS_OPEN', 'reports', 'aclf_m_report'),(166, 1, 1, 'reports', 'mcp', 142, 28, 29, 'MCP_REPORTS_CLOSED', 'reports_closed', 'aclf_m_report'),(167, 1, 1, 'reports', 'mcp', 142, 30, 31, 'MCP_REPORT_DETAILS', 'report_details', 'acl_m_report,$id || (!$id && aclf_m_report)'),(168, 1, 1, 'warn', 'mcp', 144, 40, 41, 'MCP_WARN_FRONT', 'front', 'aclf_m_warn'),(169, 1, 1, 'warn', 'mcp', 144, 42, 43, 'MCP_WARN_LIST', 'list', 'aclf_m_warn'),(170, 1, 1, 'warn', 'mcp', 144, 44, 45, 'MCP_WARN_USER', 'warn_user', 'aclf_m_warn'),(171, 1, 1, 'warn', 'mcp', 144, 46, 47, 'MCP_WARN_POST', 'warn_post', 'acl_m_warn && acl_f_read,$id'),(172, 1, 1, '', 'ucp', 0, 1, 12, 'UCP_MAIN', '', ''),(173, 1, 1, '', 'ucp', 0, 13, 22, 'UCP_PROFILE', '', ''),(174, 1, 1, '', 'ucp', 0, 23, 30, 'UCP_PREFS', '', ''),(175, 1, 1, '', 'ucp', 0, 31, 42, 'UCP_PM', '', ''),(176, 1, 1, '', 'ucp', 0, 43, 48, 'UCP_USERGROUPS', '', ''),(177, 1, 1, '', 'ucp', 0, 49, 54, 'UCP_ZEBRA', '', ''),(178, 1, 1, 'attachments', 'ucp', 172, 10, 11, 'UCP_MAIN_ATTACHMENTS', 'attachments', 'acl_u_attach'),(179, 1, 1, 'groups', 'ucp', 176, 44, 45, 'UCP_USERGROUPS_MEMBER', 'membership', ''),(180, 1, 1, 'groups', 'ucp', 176, 46, 47, 'UCP_USERGROUPS_MANAGE', 'manage', ''),(181, 1, 1, 'main', 'ucp', 172, 2, 3, 'UCP_MAIN_FRONT', 'front', ''),(182, 1, 1, 'main', 'ucp', 172, 4, 5, 'UCP_MAIN_SUBSCRIBED', 'subscribed', ''),(183, 1, 1, 'main', 'ucp', 172, 6, 7, 'UCP_MAIN_BOOKMARKS', 'bookmarks', 'cfg_allow_bookmarks'),(184, 1, 1, 'main', 'ucp', 172, 8, 9, 'UCP_MAIN_DRAFTS', 'drafts', ''),(185, 1, 0, 'pm', 'ucp', 175, 32, 33, 'UCP_PM_VIEW', 'view', 'cfg_allow_privmsg'),(186, 1, 1, 'pm', 'ucp', 175, 34, 35, 'UCP_PM_COMPOSE', 'compose', 'cfg_allow_privmsg'),(187, 1, 1, 'pm', 'ucp', 175, 36, 37, 'UCP_PM_DRAFTS', 'drafts', 'cfg_allow_privmsg'),(188, 1, 1, 'pm', 'ucp', 175, 38, 39, 'UCP_PM_OPTIONS', 'options', 'cfg_allow_privmsg'),(189, 1, 0, 'pm', 'ucp', 175, 40, 41, 'UCP_PM_POPUP_TITLE', 'popup', 'cfg_allow_privmsg'),(190, 1, 1, 'prefs', 'ucp', 174, 24, 25, 'UCP_PREFS_PERSONAL', 'personal', ''),(191, 1, 1, 'prefs', 'ucp', 174, 26, 27, 'UCP_PREFS_POST', 'post', ''),(192, 1, 1, 'prefs', 'ucp', 174, 28, 29, 'UCP_PREFS_VIEW', 'view', ''),(193, 1, 1, 'profile', 'ucp', 173, 14, 15, 'UCP_PROFILE_PROFILE_INFO', 'profile_info', ''),(194, 1, 1, 'profile', 'ucp', 173, 16, 17, 'UCP_PROFILE_SIGNATURE', 'signature', ''),(195, 1, 1, 'profile', 'ucp', 173, 18, 19, 'UCP_PROFILE_AVATAR', 'avatar', 'cfg_allow_avatar && (cfg_allow_avatar_local || cfg_allow_avatar_remote || cfg_allow_avatar_upload || cfg_allow_avatar_remote_upload)'),(196, 1, 1, 'profile', 'ucp', 173, 20, 21, 'UCP_PROFILE_REG_DETAILS', 'reg_details', ''),(197, 1, 1, 'zebra', 'ucp', 177, 50, 51, 'UCP_ZEBRA_FRIENDS', 'friends', ''),(198, 1, 1, 'zebra', 'ucp', 177, 52, 53, 'UCP_ZEBRA_FOES', 'foes', ''),(199, 1, 1, '', 'acp', 0, 279, 292, 'Global configuration', '', ''),(200, 1, 1, 'joomla', 'acp', 199, 280, 281, 'Quasar', 'quasar', 'acl_a_group'),(201, 1, 1, 'joomla', 'acp', 199, 282, 283, 'Afterburner', 'afterburner', 'acl_a_group'),(202, 1, 1, 'joomla', 'acp', 199, 284, 285, 'Quasar', 'quasar', 'acl_a_group'),(203, 1, 1, 'joomla', 'acp', 199, 286, 287, 'Global configuration', 'global_conf', 'acl_a_group'),(204, 1, 1, 'joomla', 'acp', 199, 288, 289, 'Modestus', 'modestus', 'acl_a_group'),(205, 1, 1, 'joomla', 'acp', 199, 290, 291, 'Grunge', 'grunge', 'acl_a_group');

# Table: phpbb_poll_options
DROP TABLE IF EXISTS phpbb_poll_options;
CREATE TABLE `phpbb_poll_options` (
  `poll_option_id` tinyint(4) NOT NULL DEFAULT '0',
  `topic_id` mediumint(8) unsigned NOT NULL DEFAULT '0',
  `poll_option_text` text COLLATE utf8_bin NOT NULL,
  `poll_option_total` mediumint(8) unsigned NOT NULL DEFAULT '0',
  KEY `poll_opt_id` (`poll_option_id`),
  KEY `topic_id` (`topic_id`)
) ENGINE=MyISAM DEFAULT CHARSET=utf8 COLLATE=utf8_bin;

# Table: phpbb_poll_votes
DROP TABLE IF EXISTS phpbb_poll_votes;
CREATE TABLE `phpbb_poll_votes` (
  `topic_id` mediumint(8) unsigned NOT NULL DEFAULT '0',
  `poll_option_id` tinyint(4) NOT NULL DEFAULT '0',
  `vote_user_id` mediumint(8) unsigned NOT NULL DEFAULT '0',
  `vote_user_ip` varchar(40) COLLATE utf8_bin NOT NULL DEFAULT '',
  KEY `topic_id` (`topic_id`),
  KEY `vote_user_id` (`vote_user_id`),
  KEY `vote_user_ip` (`vote_user_ip`)
) ENGINE=MyISAM DEFAULT CHARSET=utf8 COLLATE=utf8_bin;

# Table: phpbb_posts
DROP TABLE IF EXISTS phpbb_posts;
CREATE TABLE `phpbb_posts` (
  `post_id` mediumint(8) unsigned NOT NULL AUTO_INCREMENT,
  `topic_id` mediumint(8) unsigned NOT NULL DEFAULT '0',
  `forum_id` mediumint(8) unsigned NOT NULL DEFAULT '0',
  `poster_id` mediumint(8) unsigned NOT NULL DEFAULT '0',
  `icon_id` mediumint(8) unsigned NOT NULL DEFAULT '0',
  `poster_ip` varchar(40) COLLATE utf8_bin NOT NULL DEFAULT '',
  `post_time` int(11) unsigned NOT NULL DEFAULT '0',
  `post_approved` tinyint(1) unsigned NOT NULL DEFAULT '1',
  `post_reported` tinyint(1) unsigned NOT NULL DEFAULT '0',
  `enable_bbcode` tinyint(1) unsigned NOT NULL DEFAULT '1',
  `enable_smilies` tinyint(1) unsigned NOT NULL DEFAULT '1',
  `enable_magic_url` tinyint(1) unsigned NOT NULL DEFAULT '1',
  `enable_sig` tinyint(1) unsigned NOT NULL DEFAULT '1',
  `post_username` varchar(255) COLLATE utf8_bin NOT NULL DEFAULT '',
  `post_subject` varchar(255) CHARACTER SET utf8 COLLATE utf8_unicode_ci NOT NULL DEFAULT '',
  `post_text` mediumtext COLLATE utf8_bin NOT NULL,
  `post_checksum` varchar(32) COLLATE utf8_bin NOT NULL DEFAULT '',
  `post_attachment` tinyint(1) unsigned NOT NULL DEFAULT '0',
  `bbcode_bitfield` varchar(255) COLLATE utf8_bin NOT NULL DEFAULT '',
  `bbcode_uid` varchar(8) COLLATE utf8_bin NOT NULL DEFAULT '',
  `post_postcount` tinyint(1) unsigned NOT NULL DEFAULT '1',
  `post_edit_time` int(11) unsigned NOT NULL DEFAULT '0',
  `post_edit_reason` varchar(255) COLLATE utf8_bin NOT NULL DEFAULT '',
  `post_edit_user` mediumint(8) unsigned NOT NULL DEFAULT '0',
  `post_edit_count` smallint(4) unsigned NOT NULL DEFAULT '0',
  `post_edit_locked` tinyint(1) unsigned NOT NULL DEFAULT '0',
  PRIMARY KEY (`post_id`),
  KEY `forum_id` (`forum_id`),
  KEY `topic_id` (`topic_id`),
  KEY `poster_ip` (`poster_ip`),
  KEY `poster_id` (`poster_id`),
  KEY `post_approved` (`post_approved`),
  KEY `post_username` (`post_username`),
  KEY `tid_post_time` (`topic_id`,`post_time`)
) ENGINE=MyISAM AUTO_INCREMENT=23 DEFAULT CHARSET=utf8 COLLATE=utf8_bin;

INSERT INTO phpbb_posts (post_id, topic_id, forum_id, poster_id, icon_id, poster_ip, post_time, post_approved, post_reported, enable_bbcode, enable_smilies, enable_magic_url, enable_sig, post_username, post_subject, post_text, post_checksum, post_attachment, bbcode_bitfield, bbcode_uid, post_postcount, post_edit_time, post_edit_reason, post_edit_user, post_edit_count, post_edit_locked) VALUES (2, 2, 21, 2, 0, '86.185.76.91', 1371740429, 1, 0, 1, 1, 1, 1, '', 'Welcome to the new CCA Forums!', 'Just a quick welcome!\n\n(And a test to see how it looks <!-- s;) --><img src=\"{SMILIES_PATH}/icon_e_wink.gif\" alt=\";)\" title=\"Wink\" /><!-- s;) -->)', 'c78b13f235707b2112a3545bd44e4abd', 0, '', '3dqke9mh', 1, 0, '', 0, 0, 0),(6, 2, 21, 55, 0, '94.172.164.33', 1372166358, 1, 0, 1, 1, 1, 1, '', 'Re: Welcome to the new CCA Forums!', '[quote=&quot;Jade&quot;:3bd8r7gf]Just a quick welcome!\n\n(And a test to see how it looks <!-- s;) --><img src=\"{SMILIES_PATH}/icon_e_wink.gif\" alt=\";)\" title=\"Wink\" /><!-- s;) -->)[/quote:3bd8r7gf]\n\nHowdy, Seems to be working mighty fine\n <!-- s:mrgreen: --><img src=\"{SMILIES_PATH}/icon_mrgreen.gif\" alt=\":mrgreen:\" title=\"Mr. Green\" /><!-- s:mrgreen: -->', 'fc8925416e1d06b05d6131d0a0a0f030', 0, 'gA==', '3bd8r7gf', 1, 0, '', 0, 0, 0),(7, 4, 4, 55, 0, '94.172.164.33', 1373272276, 1, 0, 1, 1, 1, 0, '', 'Epidemic', 'Howdy all,\nJust posting an update on my status.\nAfter the operation it all went well. Unfortunately as im sure you have noticed ive not been around much at all.\nits still hard to sit down at my desk for more then 5 mins at a time.\nEventually everything should heal and be back to normal.\n\nHope Everyone is doing well and the raids i here have made progress since i last attended 1. well done guys <!-- s:) --><img src=\"{SMILIES_PATH}/icon_e_smile.gif\" alt=\":)\" title=\"Smile\" /><!-- s:) -->\n\ni see jade is doing a great job at making us a new website that will be easier to use then the current system we have, don\'t for get anything you want to see on here let jade know <!-- s:) --><img src=\"{SMILIES_PATH}/icon_e_smile.gif\" alt=\":)\" title=\"Smile\" /><!-- s:) -->\n\nfeel free to inbox me in game or on here i do come and login every morning to check my mail <!-- s:) --><img src=\"{SMILIES_PATH}/icon_e_smile.gif\" alt=\":)\" title=\"Smile\" /><!-- s:) -->\nand any messages would be great.. its getting rather boring now looking at the same 4 walls for aprox 6 weeks and it looks like be another 4 week before i can think about work <!-- s:( --><img src=\"{SMILIES_PATH}/icon_e_sad.gif\" alt=\":(\" title=\"Sad\" /><!-- s:( -->\n\nwell the sun is coming up think its gonna be another hot 1 so im going to take my self out side and listen to some tunes, got a lovely blowup  bed for out to lie on <!-- s:) --><img src=\"{SMILIES_PATH}/icon_e_smile.gif\" alt=\":)\" title=\"Smile\" /><!-- s:) -->\n\nSee you soon\n\nRegards\nEpidemic\n ( Martin )', '9cc24b5eec6444f53bdab9309f1b0a5f', 0, '', 'rjqqzbuu', 1, 0, '', 0, 0, 0),(22, 2, 21, 62, 0, '86.160.249.75', 1375308154, 1, 0, 1, 1, 1, 1, '', 'Re: Welcome to the new CCA Forums!', 'oi oi', 'c9c7cf7a1c4aef64f0290af0a42b19ad', 0, '', '3lqjxe03', 1, 0, '', 0, 0, 0),(9, 6, 0, 2, 0, '86.185.78.168', 1373556733, 1, 0, 1, 1, 1, 1, '', '[Important] - Apply to your Usergroup!', 'Hey all,\n\nIf you are not in the correct Usergroup you may apply to join one here: [url:1xb0wkb1]http&#58;//crimson-alliance&#46;com/forum/ucp&#46;php?i=176[/url:1xb0wkb1]\n\nAfter you have applied, please give time for an admin to check your application, and your group will be updated as soon as possible.\n\nThank you,\nJade', 'b3f89848c89820ad578130a5ce64dd7d', 0, 'EA==', '1xb0wkb1', 1, 0, '', 0, 0, 0),(10, 7, 24, 2, 0, '86.185.78.168', 1373575416, 1, 0, 1, 1, 1, 1, '', '[Raids] - Subscribe to Me!', 'Subscribe for notifications if you would like to be notified via email each time a raid is posted.\n\nIf you don\'t subscribe, you will still receive a forum PM if the event poster requests it.\n\nThanks,\nJade', '7f9ac56d7752883bf398c52b8204f3b7', 0, '', '1wa4ae0m', 1, 0, '', 0, 0, 0);

# Table: phpbb_privmsgs
DROP TABLE IF EXISTS phpbb_privmsgs;
CREATE TABLE `phpbb_privmsgs` (
  `msg_id` mediumint(8) unsigned NOT NULL AUTO_INCREMENT,
  `root_level` mediumint(8) unsigned NOT NULL DEFAULT '0',
  `author_id` mediumint(8) unsigned NOT NULL DEFAULT '0',
  `icon_id` mediumint(8) unsigned NOT NULL DEFAULT '0',
  `author_ip` varchar(40) COLLATE utf8_bin NOT NULL DEFAULT '',
  `message_time` int(11) unsigned NOT NULL DEFAULT '0',
  `enable_bbcode` tinyint(1) unsigned NOT NULL DEFAULT '1',
  `enable_smilies` tinyint(1) unsigned NOT NULL DEFAULT '1',
  `enable_magic_url` tinyint(1) unsigned NOT NULL DEFAULT '1',
  `enable_sig` tinyint(1) unsigned NOT NULL DEFAULT '1',
  `message_subject` varchar(255) COLLATE utf8_bin NOT NULL DEFAULT '',
  `message_text` mediumtext COLLATE utf8_bin NOT NULL,
  `message_edit_reason` varchar(255) COLLATE utf8_bin NOT NULL DEFAULT '',
  `message_edit_user` mediumint(8) unsigned NOT NULL DEFAULT '0',
  `message_attachment` tinyint(1) unsigned NOT NULL DEFAULT '0',
  `bbcode_bitfield` varchar(255) COLLATE utf8_bin NOT NULL DEFAULT '',
  `bbcode_uid` varchar(8) COLLATE utf8_bin NOT NULL DEFAULT '',
  `message_edit_time` int(11) unsigned NOT NULL DEFAULT '0',
  `message_edit_count` smallint(4) unsigned NOT NULL DEFAULT '0',
  `to_address` text COLLATE utf8_bin NOT NULL,
  `bcc_address` text COLLATE utf8_bin NOT NULL,
  `message_reported` tinyint(1) unsigned NOT NULL DEFAULT '0',
  PRIMARY KEY (`msg_id`),
  KEY `author_ip` (`author_ip`),
  KEY `message_time` (`message_time`),
  KEY `author_id` (`author_id`),
  KEY `root_level` (`root_level`)
) ENGINE=MyISAM AUTO_INCREMENT=35 DEFAULT CHARSET=utf8 COLLATE=utf8_bin;

INSERT INTO phpbb_privmsgs (msg_id, root_level, author_id, icon_id, author_ip, message_time, enable_bbcode, enable_smilies, enable_magic_url, enable_sig, message_subject, message_text, message_edit_reason, message_edit_user, message_attachment, bbcode_bitfield, bbcode_uid, message_edit_time, message_edit_count, to_address, bcc_address, message_reported) VALUES (1, 0, 2, 0, '109.157.12.214', 1372266277, 1, 1, 1, 1, 'Cheese', 'pie', '', 0, 0, '', '3dfm4y5y', 0, 0, 'u_2', '', 0),(2, 0, 2, 0, '109.157.12.214', 1372266331, 1, 1, 1, 1, 'Hello!', 'Hello <!-- s:D --><img src=\"{SMILIES_PATH}/icon_e_biggrin.gif\" alt=\":D\" title=\"Very Happy\" /><!-- s:D -->!', '', 0, 0, '', 'z8erowbo', 0, 0, 'u_2', '', 0),(13, 0, 2, 0, '127.0.0.1', 1373571638, 1, 1, 0, 0, 'New Raid Added - Raid Farming', '[b:1w1ggta4]There is a new raid posted for you![/b:1w1ggta4]\r\n			\r\n			[color=#BF00BF:1w1ggta4][size=150:1w1ggta4][b:1w1ggta4]Raid Farming[/b:1w1ggta4][/size:1w1ggta4][/color:1w1ggta4]\r\n			\r\n			[b:1w1ggta4]Date:[/b:1w1ggta4] 16-07-2013\r\n			[b:1w1ggta4]Time:[/b:1w1ggta4] 6:30 pm\r\n			\r\n			[b:1w1ggta4][url=http&#58;//www&#46;crimson-alliance&#46;com/event_signup?id=26:1w1ggta4]Click here to sign up.[/url:1w1ggta4][/b:1w1ggta4]\r\n			\r\n			[b:1w1ggta4]Description:[/b:1w1ggta4]\r\n			<p>Testing Raid Farming Signup for All Alliance Member Groups.</p><p>&nbsp;</p><p>Sorry for the spam!</p>', '', 0, 0, 'Vg==', '1w1ggta4', 0, 0, 'g_8', '', 0),(34, 0, 2, 0, '127.0.0.1', 1375305714, 1, 1, 0, 0, 'New Raid Added - Somewhere silly', '[b:1rqk48nh]There is a new raid posted for you![/b:1rqk48nh]\r\n			\r\n			[color=#BF00BF:1rqk48nh][size=150:1rqk48nh][b:1rqk48nh]Somewhere silly[/b:1rqk48nh][/size:1rqk48nh][/color:1rqk48nh]\r\n			\r\n			[b:1rqk48nh]Date:[/b:1rqk48nh] 25-07-2013\r\n			[b:1rqk48nh]Time:[/b:1rqk48nh] 3:30 pm UTC (GMT)\r\n			\r\n			[b:1rqk48nh][url=http&#58;//www&#46;crimson-alliance&#46;com/calendar_signup&#46;php?id=51:1rqk48nh]Click here to sign up.[/url:1rqk48nh][/b:1rqk48nh]\r\n			\r\n			[b:1rqk48nh]Description:[/b:1rqk48nh]\r\n			<p>Just a test</p>', '', 0, 0, 'Vg==', '1rqk48nh', 0, 0, 'g_15', '', 0),(33, 0, 2, 0, '127.0.0.1', 1374418144, 1, 1, 0, 0, 'New Raid Added - New toy!', '[b:utukau1l]There is a new raid posted for you![/b:utukau1l]\r\n			\r\n			[color=#BF00BF:utukau1l][size=150:utukau1l][b:utukau1l]New toy![/b:utukau1l][/size:utukau1l][/color:utukau1l]\r\n			\r\n			[b:utukau1l]Date:[/b:utukau1l] 30-07-2013\r\n			[b:utukau1l]Time:[/b:utukau1l] 8:30 pm\r\n			\r\n			[b:utukau1l][url=http&#58;//www&#46;crimson-alliance&#46;com/event_signup&#46;php?id=48:utukau1l]Click here to sign up.[/url:utukau1l][/b:utukau1l]\r\n			\r\n			[b:utukau1l]Description:[/b:utukau1l]\r\n			<p>Wordddddddd</p>', '', 0, 0, 'Vg==', 'utukau1l', 0, 0, 'g_15', '', 0),(32, 0, 2, 0, '127.0.0.1', 1374009809, 1, 1, 0, 0, 'New Raid Added - Frozen Tempest', '[b:k5tmnv3g]There is a new raid posted for you![/b:k5tmnv3g]\r\n			\r\n			[color=#BF00BF:k5tmnv3g][size=150:k5tmnv3g][b:k5tmnv3g]Frozen Tempest[/b:k5tmnv3g][/size:k5tmnv3g][/color:k5tmnv3g]\r\n			\r\n			[b:k5tmnv3g]Date:[/b:k5tmnv3g] 28-07-2013\r\n			[b:k5tmnv3g]Time:[/b:k5tmnv3g] 8:00 pm\r\n			\r\n			[b:k5tmnv3g][url=http&#58;//www&#46;crimson-alliance&#46;com/event_signup&#46;php?id=47:k5tmnv3g]Click here to sign up.[/url:k5tmnv3g][/b:k5tmnv3g]\r\n			\r\n			[b:k5tmnv3g]Description:[/b:k5tmnv3g]\r\n			<p>Pec&nbsp;Test</p>', '', 0, 0, 'Vg==', 'k5tmnv3g', 0, 0, 'g_15', '', 0),(31, 0, 2, 0, '127.0.0.1', 1373582497, 1, 1, 0, 0, 'New Raid Added - Endless Eclipse', '[b:2gaw9w0p]There is a new raid posted for you![/b:2gaw9w0p]\r\n			\r\n			[color=#BF00BF:2gaw9w0p][size=150:2gaw9w0p][b:2gaw9w0p]Endless Eclipse[/b:2gaw9w0p][/size:2gaw9w0p][/color:2gaw9w0p]\r\n			\r\n			[b:2gaw9w0p]Date:[/b:2gaw9w0p] 14-07-2013\r\n			[b:2gaw9w0p]Time:[/b:2gaw9w0p] 9:30 pm\r\n			\r\n			[b:2gaw9w0p][url=http&#58;//www&#46;crimson-alliance&#46;com/event_signup&#46;php?id=46:2gaw9w0p]Click here to sign up.[/url:2gaw9w0p][/b:2gaw9w0p]\r\n			\r\n			[b:2gaw9w0p]Description:[/b:2gaw9w0p]\r\n			<p>This will be 1 night to remember everyone must bring party food and drink <!-- s;) --><img src=\"{SMILIES_PATH}/icon_e_wink.gif\" alt=\";)\" title=\"Wink\" /><!-- s;) --></p>', '', 0, 0, 'Vg==', '2gaw9w0p', 0, 0, 'g_10', '', 0),(28, 0, 2, 0, '127.0.0.1', 1373574024, 1, 1, 0, 0, 'New Raid Added - Testing Raid', '[b:2lt1xf1s]There is a new raid posted for you![/b:2lt1xf1s]\r\n			\r\n			[color=#BF00BF:2lt1xf1s][size=150:2lt1xf1s][b:2lt1xf1s]Testing Raid[/b:2lt1xf1s][/size:2lt1xf1s][/color:2lt1xf1s]\r\n			\r\n			[b:2lt1xf1s]Date:[/b:2lt1xf1s] 15-07-2013\r\n			[b:2lt1xf1s]Time:[/b:2lt1xf1s] 6:30 pm\r\n			\r\n			[b:2lt1xf1s][url=http&#58;//www&#46;crimson-alliance&#46;com/event_signup&#46;php?id=41:2lt1xf1s]Click here to sign up.[/url:2lt1xf1s][/b:2lt1xf1s]\r\n			\r\n			[b:2lt1xf1s]Description:[/b:2lt1xf1s]\r\n			<p>Testing!</p>', '', 0, 0, 'Vg==', '2lt1xf1s', 0, 0, 'g_8', '', 0),(30, 0, 2, 0, '127.0.0.1', 1373574247, 1, 1, 0, 0, 'New Raid Added - Testing Raid #2', '[b:23gfrwnt]There is a new raid posted for you![/b:23gfrwnt]\r\n			\r\n			[color=#BF00BF:23gfrwnt][size=150:23gfrwnt][b:23gfrwnt]Testing Raid #2[/b:23gfrwnt][/size:23gfrwnt][/color:23gfrwnt]\r\n			\r\n			[b:23gfrwnt]Date:[/b:23gfrwnt] 14-07-2013\r\n			[b:23gfrwnt]Time:[/b:23gfrwnt] 6:30 pm\r\n			\r\n			[b:23gfrwnt][url=http&#58;//www&#46;crimson-alliance&#46;com/event_signup&#46;php?id=42:23gfrwnt]Click here to sign up.[/url:23gfrwnt][/b:23gfrwnt]\r\n			\r\n			[b:23gfrwnt]Description:[/b:23gfrwnt]\r\n			<p>Members PM</p>', '', 0, 0, 'Vg==', '23gfrwnt', 0, 0, 'g_10', '', 0);

# Table: phpbb_privmsgs_folder
DROP TABLE IF EXISTS phpbb_privmsgs_folder;
CREATE TABLE `phpbb_privmsgs_folder` (
  `folder_id` mediumint(8) unsigned NOT NULL AUTO_INCREMENT,
  `user_id` mediumint(8) unsigned NOT NULL DEFAULT '0',
  `folder_name` varchar(255) COLLATE utf8_bin NOT NULL DEFAULT '',
  `pm_count` mediumint(8) unsigned NOT NULL DEFAULT '0',
  PRIMARY KEY (`folder_id`),
  KEY `user_id` (`user_id`)
) ENGINE=MyISAM DEFAULT CHARSET=utf8 COLLATE=utf8_bin;

# Table: phpbb_privmsgs_rules
DROP TABLE IF EXISTS phpbb_privmsgs_rules;
CREATE TABLE `phpbb_privmsgs_rules` (
  `rule_id` mediumint(8) unsigned NOT NULL AUTO_INCREMENT,
  `user_id` mediumint(8) unsigned NOT NULL DEFAULT '0',
  `rule_check` mediumint(8) unsigned NOT NULL DEFAULT '0',
  `rule_connection` mediumint(8) unsigned NOT NULL DEFAULT '0',
  `rule_string` varchar(255) COLLATE utf8_bin NOT NULL DEFAULT '',
  `rule_user_id` mediumint(8) unsigned NOT NULL DEFAULT '0',
  `rule_group_id` mediumint(8) unsigned NOT NULL DEFAULT '0',
  `rule_action` mediumint(8) unsigned NOT NULL DEFAULT '0',
  `rule_folder_id` int(11) NOT NULL DEFAULT '0',
  PRIMARY KEY (`rule_id`),
  KEY `user_id` (`user_id`)
) ENGINE=MyISAM DEFAULT CHARSET=utf8 COLLATE=utf8_bin;

# Table: phpbb_privmsgs_to
DROP TABLE IF EXISTS phpbb_privmsgs_to;
CREATE TABLE `phpbb_privmsgs_to` (
  `msg_id` mediumint(8) unsigned NOT NULL DEFAULT '0',
  `user_id` mediumint(8) unsigned NOT NULL DEFAULT '0',
  `author_id` mediumint(8) unsigned NOT NULL DEFAULT '0',
  `pm_deleted` tinyint(1) unsigned NOT NULL DEFAULT '0',
  `pm_new` tinyint(1) unsigned NOT NULL DEFAULT '1',
  `pm_unread` tinyint(1) unsigned NOT NULL DEFAULT '1',
  `pm_replied` tinyint(1) unsigned NOT NULL DEFAULT '0',
  `pm_marked` tinyint(1) unsigned NOT NULL DEFAULT '0',
  `pm_forwarded` tinyint(1) unsigned NOT NULL DEFAULT '0',
  `folder_id` int(11) NOT NULL DEFAULT '0',
  KEY `msg_id` (`msg_id`),
  KEY `author_id` (`author_id`),
  KEY `usr_flder_id` (`user_id`,`folder_id`)
) ENGINE=MyISAM DEFAULT CHARSET=utf8 COLLATE=utf8_bin;

INSERT INTO phpbb_privmsgs_to (msg_id, user_id, author_id, pm_deleted, pm_new, pm_unread, pm_replied, pm_marked, pm_forwarded, folder_id) VALUES (1, 2, 2, 0, 0, 0, 0, 0, 0, -1),(2, 2, 2, 0, 0, 0, 0, 0, 0, -1),(28, 54, 2, 0, 0, 1, 0, 0, 0, 0),(30, 54, 2, 0, 0, 1, 0, 0, 0, 0),(13, 54, 2, 0, 0, 0, 0, 0, 0, 0),(34, 58, 2, 0, 1, 1, 0, 0, 0, -3),(34, 2, 2, 0, 0, 0, 0, 0, 0, 0),(30, 2, 2, 0, 0, 0, 0, 0, 0, 0),(33, 58, 2, 0, 0, 0, 0, 0, 0, 0),(33, 2, 2, 0, 0, 0, 0, 0, 0, 0),(32, 58, 2, 0, 0, 0, 0, 0, 0, 0),(32, 2, 2, 0, 0, 0, 0, 0, 0, 0),(31, 2, 2, 0, 0, 0, 0, 0, 0, 0),(31, 54, 2, 0, 0, 1, 0, 0, 0, 0);

# Table: phpbb_profile_fields
DROP TABLE IF EXISTS phpbb_profile_fields;
CREATE TABLE `phpbb_profile_fields` (
  `field_id` mediumint(8) unsigned NOT NULL AUTO_INCREMENT,
  `field_name` varchar(255) COLLATE utf8_bin NOT NULL DEFAULT '',
  `field_type` tinyint(4) NOT NULL DEFAULT '0',
  `field_ident` varchar(20) COLLATE utf8_bin NOT NULL DEFAULT '',
  `field_length` varchar(20) COLLATE utf8_bin NOT NULL DEFAULT '',
  `field_minlen` varchar(255) COLLATE utf8_bin NOT NULL DEFAULT '',
  `field_maxlen` varchar(255) COLLATE utf8_bin NOT NULL DEFAULT '',
  `field_novalue` varchar(255) COLLATE utf8_bin NOT NULL DEFAULT '',
  `field_default_value` varchar(255) COLLATE utf8_bin NOT NULL DEFAULT '',
  `field_validation` varchar(20) COLLATE utf8_bin NOT NULL DEFAULT '',
  `field_required` tinyint(1) unsigned NOT NULL DEFAULT '0',
  `field_show_novalue` tinyint(1) unsigned NOT NULL DEFAULT '0',
  `field_show_on_reg` tinyint(1) unsigned NOT NULL DEFAULT '0',
  `field_show_on_vt` tinyint(1) unsigned NOT NULL DEFAULT '0',
  `field_show_profile` tinyint(1) unsigned NOT NULL DEFAULT '0',
  `field_hide` tinyint(1) unsigned NOT NULL DEFAULT '0',
  `field_no_view` tinyint(1) unsigned NOT NULL DEFAULT '0',
  `field_active` tinyint(1) unsigned NOT NULL DEFAULT '0',
  `field_order` mediumint(8) unsigned NOT NULL DEFAULT '0',
  PRIMARY KEY (`field_id`),
  KEY `fld_type` (`field_type`),
  KEY `fld_ordr` (`field_order`)
) ENGINE=MyISAM AUTO_INCREMENT=12 DEFAULT CHARSET=utf8 COLLATE=utf8_bin;

INSERT INTO phpbb_profile_fields (field_id, field_name, field_type, field_ident, field_length, field_minlen, field_maxlen, field_novalue, field_default_value, field_validation, field_required, field_show_novalue, field_show_on_reg, field_show_on_vt, field_show_profile, field_hide, field_no_view, field_active, field_order) VALUES (7, 'main_class', 5, 'main_class', '0', '0', '4', '1', '1', '', 1, 1, 1, 0, 1, 0, 0, 1, 3),(2, 'level', 1, 'level', '5', '1', '60', '0', '0', '', 1, 0, 1, 1, 1, 0, 0, 1, 2),(3, 'hit_toughness', 2, 'hit_toughness', '15', '0', '30', '', '', '.*', 1, 0, 1, 1, 1, 0, 0, 1, 4),(4, 'alt_one', 2, 'alt_one', '10', '0', '20', '', '', '[\\w_\\+\\. \\-\\[\\]]+', 0, 1, 0, 0, 1, 0, 0, 1, 5),(5, 'alt_two', 2, 'alt_two', '10', '0', '20', '', '', '[\\w_\\+\\. \\-\\[\\]]+', 0, 1, 1, 0, 1, 0, 0, 1, 7),(6, 'alt_three', 2, 'alt_three', '10', '0', '20', '', '', '[\\w_\\+\\. \\-\\[\\]]+', 0, 1, 1, 0, 1, 0, 0, 1, 9),(8, 'main_char_name', 2, 'main_char_name', '10', '0', '20', '', '', '.*', 1, 1, 1, 1, 1, 0, 0, 1, 1),(9, 'alt_one_class', 5, 'alt_one_class', '0', '0', '4', '1', '1', '', 0, 1, 1, 0, 1, 0, 0, 1, 6),(10, 'alt_two_class', 5, 'alt_two_class', '0', '0', '4', '1', '1', '', 0, 1, 1, 0, 1, 0, 0, 1, 8),(11, 'alt_three_class', 5, 'alt_three_class', '0', '0', '4', '1', '1', '', 0, 1, 1, 0, 1, 0, 0, 1, 10);

# Table: phpbb_profile_fields_data
DROP TABLE IF EXISTS phpbb_profile_fields_data;
CREATE TABLE `phpbb_profile_fields_data` (
  `user_id` mediumint(8) unsigned NOT NULL DEFAULT '0',
  `pf_level` bigint(20) DEFAULT NULL,
  `pf_hit_toughness` varchar(255) COLLATE utf8_bin DEFAULT NULL,
  `pf_alt_one` varchar(255) COLLATE utf8_bin DEFAULT NULL,
  `pf_alt_two` varchar(255) COLLATE utf8_bin DEFAULT NULL,
  `pf_alt_three` varchar(255) COLLATE utf8_bin DEFAULT NULL,
  `pf_main_class` mediumint(8) DEFAULT NULL,
  `pf_main_char_name` varchar(255) COLLATE utf8_bin DEFAULT NULL,
  `pf_alt_one_class` mediumint(8) DEFAULT NULL,
  `pf_alt_two_class` mediumint(8) DEFAULT NULL,
  `pf_alt_three_class` mediumint(8) DEFAULT NULL,
  PRIMARY KEY (`user_id`)
) ENGINE=MyISAM DEFAULT CHARSET=utf8 COLLATE=utf8_bin;

INSERT INTO phpbb_profile_fields_data (user_id, pf_level, pf_hit_toughness, pf_alt_one, pf_alt_two, pf_alt_three, pf_main_class, pf_main_char_name, pf_alt_one_class, pf_alt_two_class, pf_alt_three_class) VALUES (2, 60, '400 / 400', 'Kitten', 'Jade', '', 2, 'Neekasa', 4, 1, 1),(54, 60, '508 / 500', NULL, NULL, NULL, NULL, NULL, NULL, NULL, NULL),(55, 60, '472', 'Asthma', '', '', 4, 'Epidemic', 3, 1, 1),(56, 56, '275', NULL, NULL, NULL, NULL, NULL, NULL, NULL, NULL),(57, 60, '1', NULL, NULL, NULL, NULL, NULL, NULL, NULL, NULL),(58, 60, '520 / 480', 'Silenae', '', '', 2, 'Nalon', 3, 1, 1),(65, 10, '0 / 0', '', '', '', 4, 'flory', 1, 1, 1),(60, 60, '500', '', 'Rocky', '', 3, 'Peculiar', 1, 1, 1),(61, 60, '462/475T', '', 'Alolia', '', 4, 'Liala', 3, 1, 1),(62, 60, '501 / 380', '', '', '', 4, 'Kalador', 1, 1, 1),(63, 60, '530', '', 'Arysane', '', 3, 'Shpongle', 3, 1, 1),(64, 60, '472', '', '', '', 3, 'Andrania', 1, 1, 1),(66, 60, '514', '', '', '', 3, 'Slacha', 1, 1, 1);

# Table: phpbb_profile_fields_lang
DROP TABLE IF EXISTS phpbb_profile_fields_lang;
CREATE TABLE `phpbb_profile_fields_lang` (
  `field_id` mediumint(8) unsigned NOT NULL DEFAULT '0',
  `lang_id` mediumint(8) unsigned NOT NULL DEFAULT '0',
  `option_id` mediumint(8) unsigned NOT NULL DEFAULT '0',
  `field_type` tinyint(4) NOT NULL DEFAULT '0',
  `lang_value` varchar(255) COLLATE utf8_bin NOT NULL DEFAULT '',
  PRIMARY KEY (`field_id`,`lang_id`,`option_id`)
) ENGINE=MyISAM DEFAULT CHARSET=utf8 COLLATE=utf8_bin;

INSERT INTO phpbb_profile_fields_lang (field_id, lang_id, option_id, field_type, lang_value) VALUES (7, 1, 1, 5, 'Cleric'),(7, 1, 2, 5, 'Mage'),(7, 1, 0, 5, 'Warrior'),(9, 1, 2, 5, 'Mage'),(9, 1, 1, 5, 'Cleric'),(9, 1, 0, 5, 'Warrior'),(10, 1, 2, 5, 'Mage'),(10, 1, 1, 5, 'Cleric'),(10, 1, 0, 5, 'Warrior'),(11, 1, 2, 5, 'Mage'),(11, 1, 1, 5, 'Cleric'),(11, 1, 0, 5, 'Warrior'),(7, 1, 3, 5, 'Rogue'),(9, 1, 3, 5, 'Rogue'),(10, 1, 3, 5, 'Rogue'),(11, 1, 3, 5, 'Rogue');

# Table: phpbb_profile_lang
DROP TABLE IF EXISTS phpbb_profile_lang;
CREATE TABLE `phpbb_profile_lang` (
  `field_id` mediumint(8) unsigned NOT NULL DEFAULT '0',
  `lang_id` mediumint(8) unsigned NOT NULL DEFAULT '0',
  `lang_name` varchar(255) COLLATE utf8_bin NOT NULL DEFAULT '',
  `lang_explain` text COLLATE utf8_bin NOT NULL,
  `lang_default_value` varchar(255) COLLATE utf8_bin NOT NULL DEFAULT '',
  PRIMARY KEY (`field_id`,`lang_id`)
) ENGINE=MyISAM DEFAULT CHARSET=utf8 COLLATE=utf8_bin;

INSERT INTO phpbb_profile_lang (field_id, lang_id, lang_name, lang_explain, lang_default_value) VALUES (7, 1, 'Main Class', '', ''),(2, 1, 'Level', '', ''),(3, 1, 'Information', 'The Hit / Toughness and anything else you want to tell us about your characters stats.', '0 / 0'),(4, 1, '(1) Alt Character Name', '', ''),(5, 1, '(2) Alt Character Name', '', ''),(6, 1, '(3) Alt Character Name', '', ''),(8, 1, 'Main Character Name', '', ''),(9, 1, '(1) Alt Character Class', '', ''),(10, 1, '(2) Alt Character Class', '', ''),(11, 1, '(3) Alt Character Class', '', '');

# Table: phpbb_ranks
DROP TABLE IF EXISTS phpbb_ranks;
CREATE TABLE `phpbb_ranks` (
  `rank_id` mediumint(8) unsigned NOT NULL AUTO_INCREMENT,
  `rank_title` varchar(255) COLLATE utf8_bin NOT NULL DEFAULT '',
  `rank_min` mediumint(8) unsigned NOT NULL DEFAULT '0',
  `rank_special` tinyint(1) unsigned NOT NULL DEFAULT '0',
  `rank_image` varchar(255) COLLATE utf8_bin NOT NULL DEFAULT '',
  PRIMARY KEY (`rank_id`)
) ENGINE=MyISAM AUTO_INCREMENT=9 DEFAULT CHARSET=utf8 COLLATE=utf8_bin;

INSERT INTO phpbb_ranks (rank_id, rank_title, rank_min, rank_special, rank_image) VALUES (1, 'Site Admin', 0, 1, ''),(2, 'Alliance Leader', 0, 1, ''),(3, 'Event Manager', 0, 1, ''),(4, 'Alliance Officer', 0, 1, ''),(5, 'Alliance Member', 0, 1, ''),(6, 'Elf', 0, 1, ''),(7, 'Alliance Applicant', 0, 1, ''),(8, 'Alliance Raider', 0, 1, '');

# Table: phpbb_reports
DROP TABLE IF EXISTS phpbb_reports;
CREATE TABLE `phpbb_reports` (
  `report_id` mediumint(8) unsigned NOT NULL AUTO_INCREMENT,
  `reason_id` smallint(4) unsigned NOT NULL DEFAULT '0',
  `post_id` mediumint(8) unsigned NOT NULL DEFAULT '0',
  `pm_id` mediumint(8) unsigned NOT NULL DEFAULT '0',
  `user_id` mediumint(8) unsigned NOT NULL DEFAULT '0',
  `user_notify` tinyint(1) unsigned NOT NULL DEFAULT '0',
  `report_closed` tinyint(1) unsigned NOT NULL DEFAULT '0',
  `report_time` int(11) unsigned NOT NULL DEFAULT '0',
  `report_text` mediumtext COLLATE utf8_bin NOT NULL,
  PRIMARY KEY (`report_id`),
  KEY `post_id` (`post_id`),
  KEY `pm_id` (`pm_id`)
) ENGINE=MyISAM DEFAULT CHARSET=utf8 COLLATE=utf8_bin;

# Table: phpbb_reports_reasons
DROP TABLE IF EXISTS phpbb_reports_reasons;
CREATE TABLE `phpbb_reports_reasons` (
  `reason_id` smallint(4) unsigned NOT NULL AUTO_INCREMENT,
  `reason_title` varchar(255) COLLATE utf8_bin NOT NULL DEFAULT '',
  `reason_description` mediumtext COLLATE utf8_bin NOT NULL,
  `reason_order` smallint(4) unsigned NOT NULL DEFAULT '0',
  PRIMARY KEY (`reason_id`)
) ENGINE=MyISAM AUTO_INCREMENT=5 DEFAULT CHARSET=utf8 COLLATE=utf8_bin;

INSERT INTO phpbb_reports_reasons (reason_id, reason_title, reason_description, reason_order) VALUES (1, 'warez', 'The post contains links to illegal or pirated software.', 1),(2, 'spam', 'The reported post has the only purpose to advertise for a website or another product.', 2),(3, 'off_topic', 'The reported post is off topic.', 3),(4, 'other', 'The reported post does not fit into any other category, please use the further information field.', 4);

# Table: phpbb_search_results
DROP TABLE IF EXISTS phpbb_search_results;
CREATE TABLE `phpbb_search_results` (
  `search_key` varchar(32) COLLATE utf8_bin NOT NULL DEFAULT '',
  `search_time` int(11) unsigned NOT NULL DEFAULT '0',
  `search_keywords` mediumtext COLLATE utf8_bin NOT NULL,
  `search_authors` mediumtext COLLATE utf8_bin NOT NULL,
  PRIMARY KEY (`search_key`)
) ENGINE=MyISAM DEFAULT CHARSET=utf8 COLLATE=utf8_bin;

# Table: phpbb_search_wordlist
DROP TABLE IF EXISTS phpbb_search_wordlist;
CREATE TABLE `phpbb_search_wordlist` (
  `word_id` mediumint(8) unsigned NOT NULL AUTO_INCREMENT,
  `word_text` varchar(255) COLLATE utf8_bin NOT NULL DEFAULT '',
  `word_common` tinyint(1) unsigned NOT NULL DEFAULT '0',
  `word_count` mediumint(8) unsigned NOT NULL DEFAULT '0',
  PRIMARY KEY (`word_id`),
  UNIQUE KEY `wrd_txt` (`word_text`),
  KEY `wrd_cnt` (`word_count`)
) ENGINE=MyISAM AUTO_INCREMENT=315 DEFAULT CHARSET=utf8 COLLATE=utf8_bin;

INSERT INTO phpbb_search_wordlist (word_id, word_text, word_common, word_count) VALUES (1, 'this', 0, 1),(2, 'example', 0, 1),(3, 'post', 0, 1),(4, 'your', 0, 3),(5, 'phpbb3', 0, 2),(6, 'installation', 0, 1),(7, 'everything', 0, 2),(8, 'seems', 0, 2),(9, 'working', 0, 2),(10, 'you', 0, 4),(11, 'may', 0, 2),(12, 'delete', 0, 1),(13, 'like', 0, 3),(14, 'and', 0, 5),(15, 'continue', 0, 1),(16, 'set', 0, 1),(17, 'board', 0, 1),(18, 'during', 0, 1),(19, 'the', 0, 7),(20, 'process', 0, 1),(21, 'first', 0, 1),(22, 'category', 0, 1),(23, 'forum', 0, 3),(24, 'are', 0, 2),(25, 'assigned', 0, 1),(26, 'appropriate', 0, 1),(27, 'permissions', 0, 1),(28, 'for', 0, 4),(29, 'predefined', 0, 1),(30, 'usergroups', 0, 1),(31, 'administrators', 0, 1),(32, 'bots', 0, 1),(33, 'global', 0, 1),(34, 'moderators', 0, 1),(35, 'guests', 0, 1),(36, 'registered', 0, 1),(37, 'users', 0, 1),(38, 'coppa', 0, 1),(39, 'also', 0, 1),(40, 'choose', 0, 1),(41, 'not', 0, 3),(42, 'forget', 0, 1),(43, 'assign', 0, 1),(44, 'all', 0, 3),(45, 'these', 0, 1),(46, 'new', 0, 5),(47, 'categories', 0, 1),(48, 'forums', 0, 4),(49, 'create', 0, 1),(50, 'recommended', 0, 1),(51, 'rename', 0, 1),(52, 'copy', 0, 1),(53, 'from', 0, 1),(54, 'while', 0, 1),(55, 'creating', 0, 1),(56, 'have', 0, 3),(57, 'fun', 0, 1),(58, 'welcome', 0, 6),(59, 'just', 0, 3),(60, 'quick', 0, 2),(61, 'test', 0, 2),(62, 'see', 0, 3),(63, 'how', 0, 2),(64, 'looks', 0, 3),(65, 'cca', 0, 3),(66, '123', 0, 0),(67, '456', 0, 0),(68, 'btw', 0, 0),(69, 'noob', 0, 0),(70, 'hey', 0, 1),(71, 'everyone', 0, 1),(72, 'with', 0, 0),(73, 'will', 0, 3),(74, 'need', 0, 0),(75, 'apply', 0, 2),(76, 'group', 0, 1),(77, 'membership', 0, 0),(78, 'please', 0, 1),(79, 'here', 0, 2),(80, 'what', 0, 0),(81, 'alliance', 0, 1),(82, 'add', 0, 0),(83, 'asap', 0, 0),(84, 'groups', 0, 0),(85, 'applicant', 0, 0),(86, 'member', 0, 0),(87, 'officer', 0, 0),(88, 'leader', 0, 0),(89, 'thanks', 0, 1),(90, 'applying', 0, 0),(308, 'utc', 0, 0),(91, 'howdy', 0, 2),(92, 'mighty', 0, 1),(93, 'fine', 0, 1),(94, 'posting', 0, 1),(95, 'update', 0, 1),(96, 'status', 0, 1),(97, 'after', 0, 2),(98, 'operation', 0, 1),(99, 'went', 0, 1),(100, 'well', 0, 1),(101, 'unfortunately', 0, 1),(102, 'sure', 0, 1),(103, 'noticed', 0, 1),(104, 'ive', 0, 1),(105, 'been', 0, 1),(106, 'around', 0, 1),(107, 'much', 0, 1),(108, 'its', 0, 1),(109, 'still', 0, 2),(110, 'hard', 0, 1),(111, 'sit', 0, 1),(112, 'down', 0, 1),(113, 'desk', 0, 1),(114, 'more', 0, 1),(115, 'then', 0, 1),(116, 'mins', 0, 1),(117, 'time', 0, 3),(118, 'eventually', 0, 1),(119, 'should', 0, 1),(120, 'heal', 0, 1),(121, 'back', 0, 1),(122, 'normal', 0, 1),(123, 'hope', 0, 1),(124, 'doing', 0, 1),(125, 'raids', 0, 2),(126, 'made', 0, 1),(127, 'progress', 0, 1),(128, 'since', 0, 1),(129, 'last', 0, 1),(130, 'attended', 0, 1),(131, 'done', 0, 1),(132, 'guys', 0, 1),(133, 'jade', 0, 3),(134, 'great', 0, 1),(135, 'job', 0, 1),(136, 'making', 0, 1),(137, 'website', 0, 1),(138, 'that', 0, 1),(139, 'easier', 0, 1),(140, 'use', 0, 1),(141, 'current', 0, 1),(142, 'system', 0, 1),(143, 'don', 0, 2),(144, 'get', 0, 1),(145, 'anything', 0, 1),(146, 'want', 0, 1),(147, 'let', 0, 1),(148, 'know', 0, 1),(149, 'feel', 0, 1),(150, 'free', 0, 1),(151, 'inbox', 0, 1),(152, 'game', 0, 1),(153, 'come', 0, 1),(154, 'login', 0, 1),(155, 'every', 0, 1),(156, 'morning', 0, 1),(157, 'check', 0, 2),(158, 'mail', 0, 1),(159, 'any', 0, 1),(160, 'messages', 0, 1),(161, 'would', 0, 2),(162, 'getting', 0, 1),(163, 'rather', 0, 1),(164, 'boring', 0, 1),(165, 'now', 0, 1),(166, 'looking', 0, 1),(167, 'same', 0, 1),(168, 'walls', 0, 1),(169, 'aprox', 0, 1),(170, 'weeks', 0, 1),(171, 'another', 0, 1),(172, 'week', 0, 1),(173, 'before', 0, 1),(174, 'can', 0, 1),(175, 'think', 0, 1),(176, 'about', 0, 1),(177, 'work', 0, 1),(178, 'sun', 0, 1),(179, 'coming', 0, 1),(180, 'gonna', 0, 1),(181, 'hot', 0, 1),(182, 'going', 0, 1),(183, 'take', 0, 1),(184, 'self', 0, 1),(185, 'out', 0, 1),(186, 'side', 0, 1),(187, 'listen', 0, 1),(188, 'some', 0, 1),(189, 'tunes', 0, 1),(190, 'got', 0, 1),(191, 'lovely', 0, 1),(192, 'blowup', 0, 1),(193, 'bed', 0, 1),(194, 'lie', 0, 1),(195, 'soon', 0, 2),(196, 'regards', 0, 1),(197, 'epidemic', 0, 2),(198, 'martin', 0, 1),(199, 'hello', 0, 0),(200, 'keep', 0, 0),(201, 'times', 0, 0),(202, 'raid', 0, 1),(203, 'calendar', 0, 0),(204, 'homepage', 0, 0),(205, 'sync', 0, 0),(206, 'could', 0, 0),(207, 'manually', 0, 0),(208, 'dst', 0, 0),(209, 'setting', 0, 0),(210, 'date', 0, 0),(211, 'find', 0, 0),(212, 'profile', 0, 0),(213, 'http', 0, 1),(214, 'crimson', 0, 1),(215, 'com', 0, 1),(216, 'ucp', 0, 1),(217, 'php', 0, 1),(218, 'unsure', 0, 0),(219, 'whether', 0, 0),(220, 'computer', 0, 0),(221, 'clock', 0, 0),(222, 'settings', 0, 0),(223, 'say', 0, 0),(224, 'something', 0, 0),(225, 'img59', 0, 0),(226, 'imageshack', 0, 0),(227, '741', 0, 0),(228, 'cbw2', 0, 0),(229, 'png', 0, 0),(230, 'right', 0, 0),(231, 'click', 0, 0),(232, 'taskbar', 0, 0),(233, 'adjust', 0, 0),(234, 'trying', 0, 0),(235, 'way', 0, 0),(236, 'automatically', 0, 0),(237, 'people', 0, 0),(238, 'but', 0, 0),(239, 'only', 0, 0),(240, 'mod', 0, 0),(241, 'very', 0, 0),(242, 'old', 0, 0),(243, 'unsupported', 0, 0),(244, 'which', 0, 0),(245, 'means', 0, 0),(246, 'figure', 0, 0),(247, 'code', 0, 0),(248, 'myself', 0, 0),(249, 'thank', 0, 1),(250, 'important', 0, 1),(311, 'base', 0, 0),(307, 'gone', 0, 0),(251, 'correct', 0, 1),(252, 'usergroup', 0, 2),(253, 'join', 0, 1),(254, 'one', 0, 1),(255, '176', 0, 1),(256, 'applied', 0, 1),(257, 'give', 0, 1),(258, 'admin', 0, 1),(259, 'application', 0, 1),(260, 'updated', 0, 1),(261, 'possible', 0, 1),(262, 'url', 0, 1),(263, 'subscribe', 0, 2),(264, 'notifications', 0, 1),(265, 'notified', 0, 1),(266, 'via', 0, 1),(267, 'email', 0, 1),(268, 'each', 0, 1),(269, 'posted', 0, 1),(270, 'receive', 0, 1),(271, 'event', 0, 1),(272, 'poster', 0, 1),(273, 'requests', 0, 1),(274, 'frozen', 0, 0),(275, 'tempest', 0, 0),(276, '2013', 0, 0),(277, 'sign', 0, 0),(278, 'description', 0, 0),(279, 'testing', 0, 0),(280, 'due', 0, 0),(281, 'locked', 0, 0),(282, 'grim', 0, 0),(283, 'awakening', 0, 0),(284, 'dummy', 0, 0),(285, 'away', 0, 0),(310, 'final', 0, 0),(286, 'endless', 0, 0),(287, 'eclipse', 0, 0),(288, 'night', 0, 0),(289, 'remember', 0, 0),(290, 'must', 0, 0),(291, 'bring', 0, 0),(292, 'party', 0, 0),(293, 'food', 0, 0),(294, 'drink', 0, 0),(295, 'epi', 0, 0),(296, 'rawr', 0, 0),(297, 'pec', 0, 0),(298, 'nbsp', 0, 0),(299, 'toy', 0, 0),(300, 'wordddddddd', 0, 0),(309, 'gmt', 0, 0),(301, 'bacardi', 0, 0),(302, 'breezer', 0, 0),(303, 'expect', 0, 0),(304, 'long', 0, 0),(305, 'love', 0, 0),(306, 'stuff', 0, 0),(312, 'completed', 0, 0),(313, 'somewhere', 0, 0),(314, 'silly', 0, 0);

# Table: phpbb_search_wordmatch
DROP TABLE IF EXISTS phpbb_search_wordmatch;
CREATE TABLE `phpbb_search_wordmatch` (
  `post_id` mediumint(8) unsigned NOT NULL DEFAULT '0',
  `word_id` mediumint(8) unsigned NOT NULL DEFAULT '0',
  `title_match` tinyint(1) unsigned NOT NULL DEFAULT '0',
  UNIQUE KEY `unq_mtch` (`word_id`,`post_id`,`title_match`),
  KEY `word_id` (`word_id`),
  KEY `post_id` (`post_id`)
) ENGINE=MyISAM DEFAULT CHARSET=utf8 COLLATE=utf8_bin;

INSERT INTO phpbb_search_wordmatch (post_id, word_id, title_match) VALUES (1, 1, 0),(1, 2, 0),(1, 3, 0),(1, 4, 0),(9, 4, 0),(9, 4, 1),(1, 5, 0),(1, 5, 1),(1, 6, 0),(1, 7, 0),(7, 7, 0),(1, 8, 0),(6, 8, 0),(1, 9, 0),(6, 9, 0),(1, 10, 0),(7, 10, 0),(9, 10, 0),(10, 10, 0),(1, 11, 0),(9, 11, 0),(1, 12, 0),(1, 13, 0),(7, 13, 0),(10, 13, 0),(1, 14, 0),(2, 14, 0),(6, 14, 0),(7, 14, 0),(9, 14, 0),(1, 15, 0),(1, 16, 0),(1, 17, 0),(1, 18, 0),(1, 19, 0),(2, 19, 1),(6, 19, 1),(7, 19, 0),(9, 19, 0),(10, 19, 0),(22, 19, 1),(1, 20, 0),(1, 21, 0),(1, 22, 0),(1, 23, 0),(9, 23, 0),(10, 23, 0),(1, 24, 0),(9, 24, 0),(1, 25, 0),(1, 26, 0),(1, 27, 0),(1, 28, 0),(7, 28, 0),(9, 28, 0),(10, 28, 0),(1, 29, 0),(1, 30, 0),(1, 31, 0),(1, 32, 0),(1, 33, 0),(1, 34, 0),(1, 35, 0),(1, 36, 0),(1, 37, 0),(1, 38, 0),(1, 39, 0),(1, 40, 0),(1, 41, 0),(7, 41, 0),(9, 41, 0),(1, 42, 0),(1, 43, 0),(1, 44, 0),(7, 44, 0),(9, 44, 0),(1, 45, 0),(1, 46, 0),(2, 46, 1),(6, 46, 1),(7, 46, 0),(22, 46, 1),(1, 47, 0),(1, 48, 0),(2, 48, 1),(6, 48, 1),(22, 48, 1),(1, 49, 0),(1, 50, 0),(1, 51, 0),(1, 52, 0),(1, 53, 0),(1, 54, 0),(1, 55, 0),(1, 56, 0),(7, 56, 0),(9, 56, 0),(1, 57, 0),(1, 58, 1),(2, 58, 0),(2, 58, 1),(6, 58, 0),(6, 58, 1),(22, 58, 1),(2, 59, 0),(6, 59, 0),(7, 59, 0),(2, 60, 0),(6, 60, 0),(2, 61, 0),(6, 61, 0),(2, 62, 0),(6, 62, 0),(7, 62, 0),(2, 63, 0),(6, 63, 0),(2, 64, 0),(6, 64, 0),(7, 64, 0),(2, 65, 1),(6, 65, 1),(22, 65, 1),(9, 70, 0),(7, 71, 0),(7, 73, 0),(9, 73, 0),(10, 73, 0),(9, 75, 0),(9, 75, 1),(9, 76, 0),(9, 78, 0),(7, 79, 0),(9, 79, 0),(9, 81, 0),(10, 89, 0),(6, 91, 0),(7, 91, 0),(6, 92, 0),(6, 93, 0),(7, 94, 0),(7, 95, 0),(7, 96, 0),(7, 97, 0),(9, 97, 0),(7, 98, 0),(7, 99, 0),(7, 100, 0),(7, 101, 0),(7, 102, 0),(7, 103, 0),(7, 104, 0),(7, 105, 0),(7, 106, 0),(7, 107, 0),(7, 108, 0),(7, 109, 0),(10, 109, 0),(7, 110, 0),(7, 111, 0),(7, 112, 0),(7, 113, 0),(7, 114, 0),(7, 115, 0),(7, 116, 0),(7, 117, 0),(9, 117, 0),(10, 117, 0),(7, 118, 0),(7, 119, 0),(7, 120, 0),(7, 121, 0),(7, 122, 0),(7, 123, 0),(7, 124, 0),(7, 125, 0),(10, 125, 1),(7, 126, 0),(7, 127, 0),(7, 128, 0),(7, 129, 0),(7, 130, 0),(7, 131, 0),(7, 132, 0),(7, 133, 0),(9, 133, 0),(10, 133, 0),(7, 134, 0),(7, 135, 0),(7, 136, 0),(7, 137, 0),(7, 138, 0),(7, 139, 0),(7, 140, 0),(7, 141, 0),(7, 142, 0),(7, 143, 0),(10, 143, 0),(7, 144, 0),(7, 145, 0),(7, 146, 0),(7, 147, 0),(7, 148, 0),(7, 149, 0),(7, 150, 0),(7, 151, 0),(7, 152, 0),(7, 153, 0),(7, 154, 0),(7, 155, 0),(7, 156, 0),(7, 157, 0),(9, 157, 0),(7, 158, 0),(7, 159, 0),(7, 160, 0),(7, 161, 0),(10, 161, 0),(7, 162, 0),(7, 163, 0),(7, 164, 0),(7, 165, 0),(7, 166, 0),(7, 167, 0),(7, 168, 0),(7, 169, 0),(7, 170, 0),(7, 171, 0),(7, 172, 0),(7, 173, 0),(7, 174, 0),(7, 175, 0),(7, 176, 0),(7, 177, 0),(7, 178, 0),(7, 179, 0),(7, 180, 0),(7, 181, 0),(7, 182, 0),(7, 183, 0),(7, 184, 0),(7, 185, 0),(7, 186, 0),(7, 187, 0),(7, 188, 0),(7, 189, 0),(7, 190, 0),(7, 191, 0),(7, 192, 0),(7, 193, 0),(7, 194, 0),(7, 195, 0),(9, 195, 0),(7, 196, 0),(7, 197, 0),(7, 197, 1),(7, 198, 0),(10, 202, 0),(9, 213, 0),(9, 214, 0),(9, 215, 0),(9, 216, 0),(9, 217, 0),(9, 249, 0),(9, 250, 1),(9, 251, 0),(9, 252, 0),(9, 252, 1),(9, 253, 0),(9, 254, 0),(9, 255, 0),(9, 256, 0),(9, 257, 0),(9, 258, 0),(9, 259, 0),(9, 260, 0),(9, 261, 0),(9, 262, 0),(10, 263, 0),(10, 263, 1),(10, 264, 0),(10, 265, 0),(10, 266, 0),(10, 267, 0),(10, 268, 0),(10, 269, 0),(10, 270, 0),(10, 271, 0),(10, 272, 0),(10, 273, 0);

# Table: phpbb_sessions
DROP TABLE IF EXISTS phpbb_sessions;
CREATE TABLE `phpbb_sessions` (
  `session_id` char(32) COLLATE utf8_bin NOT NULL DEFAULT '',
  `session_user_id` mediumint(8) unsigned NOT NULL DEFAULT '0',
  `session_forum_id` mediumint(8) unsigned NOT NULL DEFAULT '0',
  `session_last_visit` int(11) unsigned NOT NULL DEFAULT '0',
  `session_start` int(11) unsigned NOT NULL DEFAULT '0',
  `session_time` int(11) unsigned NOT NULL DEFAULT '0',
  `session_ip` varchar(40) COLLATE utf8_bin NOT NULL DEFAULT '',
  `session_browser` varchar(150) COLLATE utf8_bin NOT NULL DEFAULT '',
  `session_forwarded_for` varchar(255) COLLATE utf8_bin NOT NULL DEFAULT '',
  `session_page` varchar(255) COLLATE utf8_bin NOT NULL DEFAULT '',
  `session_viewonline` tinyint(1) unsigned NOT NULL DEFAULT '1',
  `session_autologin` tinyint(1) unsigned NOT NULL DEFAULT '0',
  `session_admin` tinyint(1) unsigned NOT NULL DEFAULT '0',
  PRIMARY KEY (`session_id`),
  KEY `session_time` (`session_time`),
  KEY `session_user_id` (`session_user_id`),
  KEY `session_fid` (`session_forum_id`)
) ENGINE=MyISAM DEFAULT CHARSET=utf8 COLLATE=utf8_bin;

INSERT INTO phpbb_sessions (session_id, session_user_id, session_forum_id, session_last_visit, session_start, session_time, session_ip, session_browser, session_forwarded_for, session_page, session_viewonline, session_autologin, session_admin) VALUES ('32b7ea3c3bfec44bf4b8024e9ca6be50', 2, 0, 1375464877, 1375638030, 1375665935, '86.157.175.19', 'Mozilla/5.0 (Windows NT 6.1; WOW64) AppleWebKit/537.36 (KHTML, like Gecko) Chrome/28.0.1500.95 Safari/537.36', '', 'adm/index.php?i=database&mode=backup&action=download', 1, 1, 1),('99815fe1c4df1b73d9f801f8760a53da', 1, 0, 1375664607, 1375664607, 1375664612, '109.150.52.195', 'Mozilla/5.0 (Windows NT 6.1; WOW64) AppleWebKit/537.36 (KHTML, like Gecko) Chrome/28.0.1500.95 Safari/537.36', '', 'index.php', 1, 0, 0),('9a114b7823f13de468543439e4923174', 1, 4, 1375661153, 1375661153, 1375661241, '173.208.213.42', 'Mozilla/5.0 (Windows NT 6.2; WOW64) AppleWebKit/537.11 (KHTML, like Gecko) Chrome/23.0.1271.64 Safari/537.11', '', 'posting.php?mode=reply&f=4&t=4', 1, 0, 0),('4cc84312c94e2f83d43b825674691caf', 1, 21, 1375663490, 1375663490, 1375663497, '173.208.213.42', 'Opera/9.80 (Windows NT 6.1; WOW64) Presto/2.12.388 Version/12.11', '', 'posting.php?mode=reply&f=21&t=2', 1, 0, 0),('f27f4f5ec6c5a67d2cde0544737c7cfc', 1, 0, 1375660439, 1375660439, 1375660622, '5.167.180.168', 'Opera/9.80 (Windows NT 6.0; U; ru) Presto/2.10.289 Version/12.02', '', 'ucp.php?mode=login', 1, 0, 0),('dc88bc85921e15fe18089ff72302e2ff', 1, 21, 1375661031, 1375661031, 1375661085, '173.208.213.42', 'Opera/9.80 (Windows NT 5.1; U; ru) Presto/2.10.289 Version/12.01', '', 'posting.php?mode=reply&f=21&t=2', 1, 0, 0),('1fc7331f00784943f880fa0af2aebc0a', 1, 21, 1375659769, 1375659769, 1375659872, '173.208.213.42', 'Opera/9.80 (Windows NT 6.1; Win64; x64) Presto/2.12.388 Version/12.10', '', 'posting.php?mode=reply&f=21&t=2', 1, 0, 0),('30143992f3865885d749b07275b72e2d', 1, 0, 1375665087, 1375665087, 1375665087, '123.151.148.207', 'Mozilla/5.0 (compatible; Sosospider/2.0; +http://help.soso.com/webspider.htm)', '', '../index.php', 1, 0, 0),('82bb5df4a07e271c6a5b73c4eab331b2', 1, 0, 1375665049, 1375665049, 1375665075, '5.254.142.74', 'Mozilla/5.0 (Windows NT 6.1; WOW64; rv:16.0) Gecko/20100101 Firefox/16.0', '', 'ucp.php?mode=login', 1, 0, 0),('629a320832aa1289a66a4b1fcdc264ae', 1, 0, 1375664887, 1375664887, 1375664994, '5.167.180.168', 'Opera/9.80 (Windows NT 6.1; U; ru) Presto/2.10.229 Version/11.61', '', 'ucp.php?mode=login', 1, 0, 0),('1a5c966a698bae0db99ca470ee729c12', 1, 24, 1375664974, 1375664974, 1375664984, '173.208.213.42', 'Mozilla/5.0 (Windows NT 5.1; rv:16.0) Gecko/20100101 Firefox/16.0', '', 'posting.php?mode=reply&f=24&t=7', 1, 0, 0),('660eaa0eecfcb652100f4d2adfc3bbc3', 1, 0, 1375664737, 1375664737, 1375664756, '178.90.160.220', 'Mozilla/4.0 (compatible; MSIE 6.0; Windows NT 5.1; SV1)', '', 'ucp.php?mode=login', 1, 0, 0),('fd1b115076a71d96319aa5bed6ca6605', 1, 0, 1375664487, 1375664487, 1375664510, '46.118.117.3', 'Mozilla/5.0 (Windows NT 6.1; rv:14.0) Gecko/20100101 Firefox/14.0.1', '', 'ucp.php?mode=login', 1, 0, 0),('06cb4a4a78e98fe6f4641493ec572ba3', 1, 24, 1375662783, 1375662783, 1375662792, '173.208.213.42', 'Mozilla/5.0 (Windows NT 6.0; WOW64) AppleWebKit/537.11 (KHTML, like Gecko) Chrome/23.0.1271.64 Safari/537.11', '', 'posting.php?mode=reply&f=24&t=7', 1, 0, 0),('b5462cc41b6ea64d2edaca54256234f5', 1, 0, 1375663114, 1375663114, 1375663139, '94.153.8.77', 'Mozilla/5.0 (Windows NT 6.1; rv:10.0.2) Gecko/20100101 Firefox/10.0.2', '', 'ucp.php?mode=login', 1, 0, 0),('c065f4726dec9fcad5cc9096f2d8c971', 1, 0, 1375662183, 1375662183, 1375662206, '5.167.180.168', 'Mozilla/5.0 (Windows NT 6.1; WOW64) AppleWebKit/537.4 (KHTML, like Gecko) Chrome/22.0.1229.79 Safari/537.4', '', 'ucp.php?mode=login', 1, 0, 0);

# Table: phpbb_sessions_keys
DROP TABLE IF EXISTS phpbb_sessions_keys;
CREATE TABLE `phpbb_sessions_keys` (
  `key_id` char(32) COLLATE utf8_bin NOT NULL DEFAULT '',
  `user_id` mediumint(8) unsigned NOT NULL DEFAULT '0',
  `last_ip` varchar(40) COLLATE utf8_bin NOT NULL DEFAULT '',
  `last_login` int(11) unsigned NOT NULL DEFAULT '0',
  PRIMARY KEY (`key_id`,`user_id`),
  KEY `last_login` (`last_login`)
) ENGINE=MyISAM DEFAULT CHARSET=utf8 COLLATE=utf8_bin;

INSERT INTO phpbb_sessions_keys (key_id, user_id, last_ip, last_login) VALUES ('402c37a57b981af7b1c09c9317f9af19', 54, '77.102.180.216', 1375293557),('e726f6f6474f9f370467d865c8f6ee20', 55, '94.172.164.33', 1375655370),('01de5c7850b0cdaab1aba5bd889f7c28', 2, '86.157.175.19', 1375638030),('197710b6b463926bb67921c663270b3d', 58, '89.182.51.52', 1375293573),('e4805b34ab05297abe8bf257f42bbc65', 63, '212.159.114.169', 1375650610),('5b4896b7976673e294afb33b9e5a7312', 62, '86.160.249.75', 1375519910),('3e83ac26a09693e8df9396502c3bb101', 2, '86.153.207.93', 1374442693),('ea03cb9d382bb90ac28e532ce28f7040', 58, '89.245.71.164', 1374294656),('a4902686c52956828c1a178548ff44c8', 60, '176.249.115.78', 1375654121),('48fb2d0ca05f83e292fa5ea0440d3910', 2, '86.153.207.93', 1375201625),('e2521997056360aa4a2e2cd9e9b639aa', 57, '68.47.199.174', 1374591952),('f364a5d1d5e0d1f62bf9fa5818c41aa2', 58, '89.182.47.130', 1375132678);

# Table: phpbb_sitelist
DROP TABLE IF EXISTS phpbb_sitelist;
CREATE TABLE `phpbb_sitelist` (
  `site_id` mediumint(8) unsigned NOT NULL AUTO_INCREMENT,
  `site_ip` varchar(40) COLLATE utf8_bin NOT NULL DEFAULT '',
  `site_hostname` varchar(255) COLLATE utf8_bin NOT NULL DEFAULT '',
  `ip_exclude` tinyint(1) unsigned NOT NULL DEFAULT '0',
  PRIMARY KEY (`site_id`)
) ENGINE=MyISAM DEFAULT CHARSET=utf8 COLLATE=utf8_bin;

# Table: phpbb_smilies
DROP TABLE IF EXISTS phpbb_smilies;
CREATE TABLE `phpbb_smilies` (
  `smiley_id` mediumint(8) unsigned NOT NULL AUTO_INCREMENT,
  `code` varchar(50) COLLATE utf8_bin NOT NULL DEFAULT '',
  `emotion` varchar(50) COLLATE utf8_bin NOT NULL DEFAULT '',
  `smiley_url` varchar(50) COLLATE utf8_bin NOT NULL DEFAULT '',
  `smiley_width` smallint(4) unsigned NOT NULL DEFAULT '0',
  `smiley_height` smallint(4) unsigned NOT NULL DEFAULT '0',
  `smiley_order` mediumint(8) unsigned NOT NULL DEFAULT '0',
  `display_on_posting` tinyint(1) unsigned NOT NULL DEFAULT '1',
  PRIMARY KEY (`smiley_id`),
  KEY `display_on_post` (`display_on_posting`)
) ENGINE=MyISAM AUTO_INCREMENT=43 DEFAULT CHARSET=utf8 COLLATE=utf8_bin;

INSERT INTO phpbb_smilies (smiley_id, code, emotion, smiley_url, smiley_width, smiley_height, smiley_order, display_on_posting) VALUES (1, ':D', 'Very Happy', 'icon_e_biggrin.gif', 15, 17, 1, 1),(2, ':-D', 'Very Happy', 'icon_e_biggrin.gif', 15, 17, 2, 1),(3, ':grin:', 'Very Happy', 'icon_e_biggrin.gif', 15, 17, 3, 1),(4, ':)', 'Smile', 'icon_e_smile.gif', 15, 17, 4, 1),(5, ':-)', 'Smile', 'icon_e_smile.gif', 15, 17, 5, 1),(6, ':smile:', 'Smile', 'icon_e_smile.gif', 15, 17, 6, 1),(7, ';)', 'Wink', 'icon_e_wink.gif', 15, 17, 7, 1),(8, ';-)', 'Wink', 'icon_e_wink.gif', 15, 17, 8, 1),(9, ':wink:', 'Wink', 'icon_e_wink.gif', 15, 17, 9, 1),(10, ':(', 'Sad', 'icon_e_sad.gif', 15, 17, 10, 1),(11, ':-(', 'Sad', 'icon_e_sad.gif', 15, 17, 11, 1),(12, ':sad:', 'Sad', 'icon_e_sad.gif', 15, 17, 12, 1),(13, ':o', 'Surprised', 'icon_e_surprised.gif', 15, 17, 13, 1),(14, ':-o', 'Surprised', 'icon_e_surprised.gif', 15, 17, 14, 1),(15, ':eek:', 'Surprised', 'icon_e_surprised.gif', 15, 17, 15, 1),(16, ':shock:', 'Shocked', 'icon_eek.gif', 15, 17, 16, 1),(17, ':?', 'Confused', 'icon_e_confused.gif', 15, 17, 17, 1),(18, ':-?', 'Confused', 'icon_e_confused.gif', 15, 17, 18, 1),(19, ':???:', 'Confused', 'icon_e_confused.gif', 15, 17, 19, 1),(20, '8-)', 'Cool', 'icon_cool.gif', 15, 17, 20, 1),(21, ':cool:', 'Cool', 'icon_cool.gif', 15, 17, 21, 1),(22, ':lol:', 'Laughing', 'icon_lol.gif', 15, 17, 22, 1),(23, ':x', 'Mad', 'icon_mad.gif', 15, 17, 23, 1),(24, ':-x', 'Mad', 'icon_mad.gif', 15, 17, 24, 1),(25, ':mad:', 'Mad', 'icon_mad.gif', 15, 17, 25, 1),(26, ':P', 'Razz', 'icon_razz.gif', 15, 17, 26, 1),(27, ':-P', 'Razz', 'icon_razz.gif', 15, 17, 27, 1),(28, ':razz:', 'Razz', 'icon_razz.gif', 15, 17, 28, 1),(29, ':oops:', 'Embarrassed', 'icon_redface.gif', 15, 17, 29, 1),(30, ':cry:', 'Crying or Very Sad', 'icon_cry.gif', 15, 17, 30, 1),(31, ':evil:', 'Evil or Very Mad', 'icon_evil.gif', 15, 17, 31, 1),(32, ':twisted:', 'Twisted Evil', 'icon_twisted.gif', 15, 17, 32, 1),(33, ':roll:', 'Rolling Eyes', 'icon_rolleyes.gif', 15, 17, 33, 1),(34, ':!:', 'Exclamation', 'icon_exclaim.gif', 15, 17, 34, 1),(35, ':?:', 'Question', 'icon_question.gif', 15, 17, 35, 1),(36, ':idea:', 'Idea', 'icon_idea.gif', 15, 17, 36, 1),(37, ':arrow:', 'Arrow', 'icon_arrow.gif', 15, 17, 37, 1),(38, ':|', 'Neutral', 'icon_neutral.gif', 15, 17, 38, 1),(39, ':-|', 'Neutral', 'icon_neutral.gif', 15, 17, 39, 1),(40, ':mrgreen:', 'Mr. Green', 'icon_mrgreen.gif', 15, 17, 40, 1),(41, ':geek:', 'Geek', 'icon_e_geek.gif', 17, 17, 41, 1),(42, ':ugeek:', 'Uber Geek', 'icon_e_ugeek.gif', 17, 18, 42, 1);

# Table: phpbb_styles
DROP TABLE IF EXISTS phpbb_styles;
CREATE TABLE `phpbb_styles` (
  `style_id` mediumint(8) unsigned NOT NULL AUTO_INCREMENT,
  `style_name` varchar(255) COLLATE utf8_bin NOT NULL DEFAULT '',
  `style_copyright` varchar(255) COLLATE utf8_bin NOT NULL DEFAULT '',
  `style_active` tinyint(1) unsigned NOT NULL DEFAULT '1',
  `template_id` mediumint(8) unsigned NOT NULL DEFAULT '0',
  `theme_id` mediumint(8) unsigned NOT NULL DEFAULT '0',
  `imageset_id` mediumint(8) unsigned NOT NULL DEFAULT '0',
  PRIMARY KEY (`style_id`),
  UNIQUE KEY `style_name` (`style_name`),
  KEY `template_id` (`template_id`),
  KEY `theme_id` (`theme_id`),
  KEY `imageset_id` (`imageset_id`)
) ENGINE=MyISAM AUTO_INCREMENT=13 DEFAULT CHARSET=utf8 COLLATE=utf8_bin;

INSERT INTO phpbb_styles (style_id, style_name, style_copyright, style_active, template_id, theme_id, imageset_id) VALUES (8, 'modestus', ' RocketTheme, 2010', 1, 7, 7, 7),(12, 'quasar', '&copy; RocketTheme, 2009', 1, 10, 11, 11);

# Table: phpbb_styles_imageset
DROP TABLE IF EXISTS phpbb_styles_imageset;
CREATE TABLE `phpbb_styles_imageset` (
  `imageset_id` mediumint(8) unsigned NOT NULL AUTO_INCREMENT,
  `imageset_name` varchar(255) COLLATE utf8_bin NOT NULL DEFAULT '',
  `imageset_copyright` varchar(255) COLLATE utf8_bin NOT NULL DEFAULT '',
  `imageset_path` varchar(100) COLLATE utf8_bin NOT NULL DEFAULT '',
  PRIMARY KEY (`imageset_id`),
  UNIQUE KEY `imgset_nm` (`imageset_name`)
) ENGINE=MyISAM AUTO_INCREMENT=12 DEFAULT CHARSET=utf8 COLLATE=utf8_bin;

INSERT INTO phpbb_styles_imageset (imageset_id, imageset_name, imageset_copyright, imageset_path) VALUES (7, 'modestus', '&copy; RocketTheme, 2010', 'modestus'),(11, 'quasar', '&copy; RocketTheme, 2009', 'quasar');

# Table: phpbb_styles_imageset_data
DROP TABLE IF EXISTS phpbb_styles_imageset_data;
CREATE TABLE `phpbb_styles_imageset_data` (
  `image_id` mediumint(8) unsigned NOT NULL AUTO_INCREMENT,
  `image_name` varchar(200) COLLATE utf8_bin NOT NULL DEFAULT '',
  `image_filename` varchar(200) COLLATE utf8_bin NOT NULL DEFAULT '',
  `image_lang` varchar(30) COLLATE utf8_bin NOT NULL DEFAULT '',
  `image_height` smallint(4) unsigned NOT NULL DEFAULT '0',
  `image_width` smallint(4) unsigned NOT NULL DEFAULT '0',
  `imageset_id` mediumint(8) unsigned NOT NULL DEFAULT '0',
  PRIMARY KEY (`image_id`),
  KEY `i_d` (`imageset_id`)
) ENGINE=MyISAM AUTO_INCREMENT=958 DEFAULT CHARSET=utf8 COLLATE=utf8_bin;

INSERT INTO phpbb_styles_imageset_data (image_id, image_name, image_filename, image_lang, image_height, image_width, imageset_id) VALUES (957, 'button_topic_reply', 'button_topic_reply.png', 'en', 25, 96, 11),(956, 'button_topic_new', 'button_topic_new.png', 'en', 25, 96, 11),(955, 'button_topic_locked', 'button_topic_locked.png', 'en', 25, 88, 11),(954, 'button_pm_reply', 'button_pm_reply.png', 'en', 25, 96, 11),(953, 'button_pm_new', 'button_pm_new.png', 'en', 25, 84, 11),(952, 'button_pm_forward', 'button_pm_forward.png', 'en', 25, 96, 11),(951, 'icon_user_online', 'icon_user_online.png', 'en', 58, 58, 11),(950, 'icon_post_quote', 'icon_post_quote.png', 'en', 20, 54, 11),(949, 'icon_post_edit', 'icon_post_edit.png', 'en', 20, 42, 11),(948, 'icon_contact_pm', 'icon_contact_pm.png', 'en', 20, 28, 11),(947, 'icon_user_warn', 'icon_user_warn.png', '', 20, 20, 11),(946, 'icon_topic_unapproved', 'icon_topic_unapproved.png', '', 14, 16, 11),(945, 'icon_topic_reported', 'icon_topic_reported.png', '', 14, 16, 11),(944, 'icon_topic_newest', 'icon_topic_newest.png', '', 9, 11, 11),(943, 'icon_topic_latest', 'icon_topic_latest.png', '', 9, 11, 11),(942, 'icon_topic_attach', 'icon_topic_attach.png', '', 10, 7, 11),(941, 'icon_post_target_unread', 'icon_post_target_unread.png', '', 9, 11, 11),(940, 'icon_post_target', 'icon_post_target.png', '', 9, 11, 11),(939, 'icon_post_report', 'icon_post_report.png', '', 20, 20, 11),(938, 'icon_post_info', 'icon_post_info.png', '', 20, 20, 11),(937, 'icon_post_delete', 'icon_post_delete.png', '', 20, 20, 11),(568, 'site_logo', 'site_logo.png', '', 46, 177, 7),(569, 'forum_link', 'forum_link.png', '', 27, 27, 7),(570, 'forum_read', 'forum_read.png', '', 27, 27, 7),(571, 'forum_read_locked', 'forum_read_locked.png', '', 27, 27, 7),(572, 'forum_read_subforum', 'forum_read_subforum.png', '', 27, 27, 7),(573, 'forum_unread', 'forum_unread.png', '', 27, 27, 7),(574, 'forum_unread_locked', 'forum_unread_locked.png', '', 27, 27, 7),(575, 'forum_unread_subforum', 'forum_unread_subforum.png', '', 27, 27, 7),(576, 'topic_moved', 'topic_moved.png', '', 27, 27, 7),(577, 'topic_read', 'topic_read.png', '', 27, 27, 7),(578, 'topic_read_mine', 'topic_read_mine.png', '', 27, 27, 7),(579, 'topic_read_hot', 'topic_read_hot.png', '', 27, 27, 7),(580, 'topic_read_hot_mine', 'topic_read_hot_mine.png', '', 27, 27, 7),(581, 'topic_read_locked', 'topic_read_locked.png', '', 27, 27, 7),(582, 'topic_read_locked_mine', 'topic_read_locked_mine.png', '', 27, 27, 7),(583, 'topic_unread', 'topic_unread.png', '', 27, 27, 7),(584, 'topic_unread_mine', 'topic_unread_mine.png', '', 27, 27, 7),(585, 'topic_unread_hot', 'topic_unread_hot.png', '', 27, 27, 7),(586, 'topic_unread_hot_mine', 'topic_unread_hot_mine.png', '', 27, 27, 7),(587, 'topic_unread_locked', 'topic_unread_locked.png', '', 27, 27, 7),(588, 'topic_unread_locked_mine', 'topic_unread_locked_mine.png', '', 27, 27, 7),(589, 'sticky_read', 'sticky_read.png', '', 27, 27, 7),(590, 'sticky_read_mine', 'sticky_read_mine.png', '', 27, 27, 7),(591, 'sticky_read_locked', 'sticky_read_locked.png', '', 27, 27, 7),(592, 'sticky_read_locked_mine', 'sticky_read_locked_mine.png', '', 27, 27, 7),(593, 'sticky_unread', 'sticky_unread.png', '', 27, 27, 7),(594, 'sticky_unread_mine', 'sticky_unread_mine.png', '', 27, 27, 7),(595, 'sticky_unread_locked', 'sticky_unread_locked.png', '', 27, 27, 7),(596, 'sticky_unread_locked_mine', 'sticky_unread_locked_mine.png', '', 27, 27, 7),(597, 'announce_read', 'announce_read.png', '', 27, 27, 7),(598, 'announce_read_mine', 'announce_read_mine.png', '', 27, 27, 7),(599, 'announce_read_locked', 'announce_read_locked.png', '', 27, 27, 7),(600, 'announce_read_locked_mine', 'announce_read_locked_mine.png', '', 27, 27, 7),(601, 'announce_unread', 'announce_unread.png', '', 27, 27, 7),(602, 'announce_unread_mine', 'announce_unread_mine.png', '', 27, 27, 7),(603, 'announce_unread_locked', 'announce_unread_locked.png', '', 27, 27, 7),(604, 'announce_unread_locked_mine', 'announce_unread_locked_mine.png', '', 27, 27, 7),(605, 'global_read', 'announce_read.png', '', 27, 27, 7),(606, 'global_read_mine', 'announce_read_mine.png', '', 27, 27, 7),(607, 'global_read_locked', 'announce_read_locked.png', '', 27, 27, 7),(608, 'global_read_locked_mine', 'announce_read_locked_mine.png', '', 27, 27, 7),(609, 'global_unread', 'announce_unread.png', '', 27, 27, 7),(610, 'global_unread_mine', 'announce_unread_mine.png', '', 27, 27, 7),(611, 'global_unread_locked', 'announce_unread_locked.png', '', 27, 27, 7),(612, 'global_unread_locked_mine', 'announce_unread_locked_mine.png', '', 27, 27, 7),(613, 'subforum_read', 'subforum_read.png', '', 0, 0, 7),(614, 'subforum_unread', 'subforum_unread.png', '', 0, 0, 7),(615, 'pm_read', 'topic_read.png', '', 27, 27, 7),(616, 'pm_unread', 'topic_unread.png', '', 27, 27, 7),(617, 'icon_back_top', 'icon_back_top.png', '', 11, 11, 7),(618, 'icon_contact_aim', 'icon_contact_aim.png', '', 20, 20, 7),(619, 'icon_contact_email', 'icon_contact_email.png', '', 20, 20, 7),(620, 'icon_contact_icq', 'icon_contact_icq.png', '', 20, 20, 7),(621, 'icon_contact_jabber', 'icon_contact_jabber.png', '', 20, 20, 7),(622, 'icon_contact_msnm', 'icon_contact_msnm.png', '', 20, 20, 7),(623, 'icon_contact_www', 'icon_contact_www.png', '', 20, 20, 7),(624, 'icon_contact_yahoo', 'icon_contact_yahoo.png', '', 20, 20, 7),(625, 'icon_post_delete', 'icon_post_delete.png', '', 20, 20, 7),(626, 'icon_post_info', 'icon_post_info.png', '', 20, 20, 7),(627, 'icon_post_report', 'icon_post_report.png', '', 20, 20, 7),(628, 'icon_post_target', 'icon_post_target.png', '', 9, 11, 7),(629, 'icon_post_target_unread', 'icon_post_target_unread.png', '', 9, 11, 7),(630, 'icon_topic_attach', 'icon_topic_attach.png', '', 10, 7, 7),(631, 'icon_topic_latest', 'icon_topic_latest.png', '', 15, 15, 7),(632, 'icon_topic_newest', 'icon_topic_newest.png', '', 9, 11, 7),(633, 'icon_topic_reported', 'icon_topic_reported.png', '', 14, 16, 7),(634, 'icon_topic_unapproved', 'icon_topic_unapproved.png', '', 14, 16, 7),(635, 'icon_user_warn', 'icon_user_warn.png', '', 20, 20, 7),(636, 'icon_contact_pm', 'icon_contact_pm.png', 'en', 20, 28, 7),(637, 'icon_post_edit', 'icon_post_edit.png', 'en', 20, 42, 7),(638, 'icon_post_quote', 'icon_post_quote.png', 'en', 20, 54, 7),(639, 'icon_user_online', 'icon_user_online.png', 'en', 58, 58, 7),(640, 'button_pm_forward', 'button_pm_forward.png', 'en', 25, 96, 7),(641, 'button_pm_new', 'button_pm_new.png', 'en', 25, 84, 7),(642, 'button_pm_reply', 'button_pm_reply.png', 'en', 25, 96, 7),(643, 'button_topic_locked', 'button_topic_locked.png', 'en', 25, 88, 7),(644, 'button_topic_new', 'button_topic_new.png', 'en', 25, 96, 7),(645, 'button_topic_reply', 'button_topic_reply.png', 'en', 25, 96, 7),(936, 'icon_contact_yahoo', 'icon_contact_yahoo.png', '', 20, 20, 11),(935, 'icon_contact_www', 'icon_contact_www.png', '', 20, 20, 11),(934, 'icon_contact_msnm', 'icon_contact_msnm.png', '', 20, 20, 11),(933, 'icon_contact_jabber', 'icon_contact_jabber.png', '', 20, 20, 11),(932, 'icon_contact_icq', 'icon_contact_icq.png', '', 20, 20, 11),(931, 'icon_contact_email', 'icon_contact_email.png', '', 20, 20, 11),(930, 'icon_contact_aim', 'icon_contact_aim.png', '', 20, 20, 11),(929, 'icon_back_top', 'icon_back_top.png', '', 11, 11, 11),(928, 'pm_unread', 'topic_unread.png', '', 27, 27, 11),(927, 'pm_read', 'topic_read.png', '', 27, 27, 11),(926, 'subforum_unread', 'subforum_unread.png', '', 9, 11, 11),(925, 'subforum_read', 'subforum_read.png', '', 9, 11, 11),(924, 'global_unread_locked_mine', 'announce_unread_locked_mine.png', '', 27, 27, 11),(923, 'global_unread_locked', 'announce_unread_locked.png', '', 27, 27, 11),(922, 'global_unread_mine', 'announce_unread_mine.png', '', 27, 27, 11),(921, 'global_unread', 'announce_unread.png', '', 27, 27, 11),(920, 'global_read_locked_mine', 'announce_read_locked_mine.png', '', 27, 27, 11),(919, 'global_read_locked', 'announce_read_locked.png', '', 27, 27, 11),(918, 'global_read_mine', 'announce_read_mine.png', '', 27, 27, 11),(917, 'global_read', 'announce_read.png', '', 27, 27, 11),(916, 'announce_unread_locked_mine', 'announce_unread_locked_mine.png', '', 27, 27, 11),(915, 'announce_unread_locked', 'announce_unread_locked.png', '', 27, 27, 11),(914, 'announce_unread_mine', 'announce_unread_mine.png', '', 27, 27, 11),(913, 'announce_unread', 'announce_unread.png', '', 27, 27, 11),(912, 'announce_read_locked_mine', 'announce_read_locked_mine.png', '', 27, 27, 11),(911, 'announce_read_locked', 'announce_read_locked.png', '', 27, 27, 11),(910, 'announce_read_mine', 'announce_read_mine.png', '', 27, 27, 11),(909, 'announce_read', 'announce_read.png', '', 27, 27, 11),(908, 'sticky_unread_locked_mine', 'sticky_unread_locked_mine.png', '', 27, 27, 11),(907, 'sticky_unread_locked', 'sticky_unread_locked.png', '', 27, 27, 11),(906, 'sticky_unread_mine', 'sticky_unread_mine.png', '', 27, 27, 11),(905, 'sticky_unread', 'sticky_unread.png', '', 27, 27, 11),(904, 'sticky_read_locked_mine', 'sticky_read_locked_mine.png', '', 27, 27, 11),(903, 'sticky_read_locked', 'sticky_read_locked.png', '', 27, 27, 11),(902, 'sticky_read_mine', 'sticky_read_mine.png', '', 27, 27, 11),(901, 'sticky_read', 'sticky_read.png', '', 27, 27, 11),(900, 'topic_unread_locked_mine', 'topic_unread_locked_mine.png', '', 27, 27, 11),(899, 'topic_unread_locked', 'topic_unread_locked.png', '', 27, 27, 11),(898, 'topic_unread_hot_mine', 'topic_unread_hot_mine.png', '', 27, 27, 11),(897, 'topic_unread_hot', 'topic_unread_hot.png', '', 27, 27, 11),(896, 'topic_unread_mine', 'topic_unread_mine.png', '', 27, 27, 11),(895, 'topic_unread', 'topic_unread.png', '', 27, 27, 11),(894, 'topic_read_locked_mine', 'topic_read_locked_mine.png', '', 27, 27, 11),(893, 'topic_read_locked', 'topic_read_locked.png', '', 27, 27, 11),(892, 'topic_read_hot_mine', 'topic_read_hot_mine.png', '', 27, 27, 11),(891, 'topic_read_hot', 'topic_read_hot.png', '', 27, 27, 11),(890, 'topic_read_mine', 'topic_read_mine.png', '', 27, 27, 11),(889, 'topic_read', 'topic_read.png', '', 27, 27, 11),(888, 'topic_moved', 'topic_moved.png', '', 27, 27, 11),(887, 'forum_unread_subforum', 'forum_unread_subforum.png', '', 27, 27, 11),(886, 'forum_unread_locked', 'forum_unread_locked.png', '', 27, 27, 11),(885, 'forum_unread', 'forum_unread.png', '', 27, 27, 11),(884, 'forum_read_subforum', 'forum_read_subforum.png', '', 27, 27, 11),(883, 'forum_read_locked', 'forum_read_locked.png', '', 27, 27, 11),(882, 'forum_read', 'forum_read.png', '', 27, 27, 11),(881, 'forum_link', 'forum_link.png', '', 27, 27, 11),(880, 'site_logo', 'site_logo.png', '', 52, 139, 11);

# Table: phpbb_styles_template
DROP TABLE IF EXISTS phpbb_styles_template;
CREATE TABLE `phpbb_styles_template` (
  `template_id` mediumint(8) unsigned NOT NULL AUTO_INCREMENT,
  `template_name` varchar(255) COLLATE utf8_bin NOT NULL DEFAULT '',
  `template_copyright` varchar(255) COLLATE utf8_bin NOT NULL DEFAULT '',
  `template_path` varchar(100) COLLATE utf8_bin NOT NULL DEFAULT '',
  `bbcode_bitfield` varchar(255) COLLATE utf8_bin NOT NULL DEFAULT 'kNg=',
  `template_storedb` tinyint(1) unsigned NOT NULL DEFAULT '0',
  `template_inherits_id` int(4) unsigned NOT NULL DEFAULT '0',
  `template_inherit_path` varchar(255) COLLATE utf8_bin NOT NULL DEFAULT '',
  PRIMARY KEY (`template_id`),
  UNIQUE KEY `tmplte_nm` (`template_name`)
) ENGINE=MyISAM AUTO_INCREMENT=11 DEFAULT CHARSET=utf8 COLLATE=utf8_bin;

INSERT INTO phpbb_styles_template (template_id, template_name, template_copyright, template_path, bbcode_bitfield, template_storedb, template_inherits_id, template_inherit_path) VALUES (1, 'prosilver', '&copy; phpBB Group', 'prosilver', 'lNg=', 0, 0, ''),(10, 'quasar', '&copy; RocketTheme, 2009', 'quasar', 'lNg=', 0, 1, 'prosilver'),(7, 'modestus', '&copy; RocketTheme, 2010', 'modestus', 'lNg=', 0, 1, 'prosilver');

# Table: phpbb_styles_template_data
DROP TABLE IF EXISTS phpbb_styles_template_data;
CREATE TABLE `phpbb_styles_template_data` (
  `template_id` mediumint(8) unsigned NOT NULL DEFAULT '0',
  `template_filename` varchar(100) COLLATE utf8_bin NOT NULL DEFAULT '',
  `template_included` text COLLATE utf8_bin NOT NULL,
  `template_mtime` int(11) unsigned NOT NULL DEFAULT '0',
  `template_data` mediumtext COLLATE utf8_bin NOT NULL,
  KEY `tid` (`template_id`),
  KEY `tfn` (`template_filename`)
) ENGINE=MyISAM DEFAULT CHARSET=utf8 COLLATE=utf8_bin;

# Table: phpbb_styles_theme
DROP TABLE IF EXISTS phpbb_styles_theme;
CREATE TABLE `phpbb_styles_theme` (
  `theme_id` mediumint(8) unsigned NOT NULL AUTO_INCREMENT,
  `theme_name` varchar(255) COLLATE utf8_bin NOT NULL DEFAULT '',
  `theme_copyright` varchar(255) COLLATE utf8_bin NOT NULL DEFAULT '',
  `theme_path` varchar(100) COLLATE utf8_bin NOT NULL DEFAULT '',
  `theme_storedb` tinyint(1) unsigned NOT NULL DEFAULT '0',
  `theme_mtime` int(11) unsigned NOT NULL DEFAULT '0',
  `theme_data` mediumtext COLLATE utf8_bin NOT NULL,
  PRIMARY KEY (`theme_id`),
  UNIQUE KEY `theme_name` (`theme_name`)
) ENGINE=MyISAM AUTO_INCREMENT=12 DEFAULT CHARSET=utf8 COLLATE=utf8_bin;

INSERT INTO phpbb_styles_theme (theme_id, theme_name, theme_copyright, theme_path, theme_storedb, theme_mtime, theme_data) VALUES (7, 'modestus', '&copy; RocketTheme, 2010', 'modestus', 1, 1375110194, '/*  phpBB 3.0 Style Sheet\n    --------------------------------------------------------------\n	phpBB style name: modestus\n	Based on style:   prosilver (this is the default phpBB3 style)\n	Original author:  Tom Beddard ( http://www.subBlue.com/ )\n	Modified by: RocketTheme, LLC (C) Copyright. All rights reserved.    \n	\n	Copyright 2006 phpBB Group ( http://www.phpbb.com/ )\n    --------------------------------------------------------------\n*/\n\n/* General proSilver Markup Styles\n---------------------------------------- */\n\n* {\n	/* Reset browsers default margin, padding and font sizes */\n	margin: 0;\n	padding: 0;\n}\n\nhtml {\n	font-size: 100%;\n	/* Always show a scrollbar for short pages - stops the jump when the scrollbar appears. non-IE browsers */\n	height: 101%;\n}\n\nbody {\n	/* Text-Sizing with ems: http://www.clagnut.com/blog/348/ */\n	font-family: Verdana, Helvetica, Arial, sans-serif;\n	color: #828282;\n	background-color: #FFFFFF;\n	/*font-size: 62.5%;			 This sets the default font size to be equivalent to 10px */\n	font-size: 10px;\n	margin: 0;\n	padding: 12px 0;\n}\n\nh1 {\n	/* Forum name */\n	margin-right: 200px;\n	color: #FFFFFF;\n	margin-top: 15px;\n	font-weight: bold;\n	font-size: 2em;\n}\n\nh2 {\n	/* Forum header titles */\n	font-weight: normal;\n	color: #3f3f3f;\n	font-size: 2em;\n	margin: 0.8em 0 0.2em 0;\n}\n\nh2.solo {\n	margin-bottom: 1em;\n}\n\nh3 {\n	/* Sub-headers (also used as post headers, but defined later) */\n	font-weight: bold;\n	text-transform: uppercase;\n	border-bottom: 1px solid #CCCCCC;\n	margin-bottom: 3px;\n	padding-bottom: 2px;\n	font-size: 1.05em;\n	color: #989898;\n	margin-top: 20px;\n}\n\nh4 {\n	/* Forum and topic list titles */\n	font-size: 1.3em;\n}\n\np {\n	line-height: 1.3em;\n	font-size: 1.1em;\n	margin-bottom: 1.5em;\n}\n\nimg {\n	border-width: 0;\n}\n\nhr {\n	/* Also see tweaks.css */\n	border: 0 none #FFFFFF;\n	border-top: 1px solid #CCCCCC;\n	height: 1px;\n	margin: 5px 0;\n	display: block;\n	clear: both;\n}\n\nhr.dashed {\n	border-top: 1px dashed #CCCCCC;\n	margin: 10px 0;\n}\n\nhr.divider {\n	display: none;\n}\n\np.right {\n	text-align: right;\n}\n\n/* Main blocks\n---------------------------------------- */\n#wrap {\n	padding: 0 20px;\n	min-width: 650px;\n}\n\n#simple-wrap {\n	padding: 6px 10px;\n}\n\n#page-body {\n	margin: 4px 0;\n	clear: both;\n}\n\n#page-footer {\n	clear: both;\n}\n\n#page-footer h3 {\n	margin-top: 20px;\n}\n\n#logo {\n	float: left;\n	width: auto;\n	padding: 10px 13px 0 10px;\n}\n\na#logo:hover {\n	text-decoration: none;\n}\n\n/* Search box\n--------------------------------------------- */\n#search-box {\n	color: #FFFFFF;\n	position: relative;\n	margin-top: 30px;\n	margin-right: 5px;\n	display: block;\n	float: right;\n	text-align: right;\n	white-space: nowrap; /* For Opera */\n}\n\n#search-box #keywords {\n	width: 95px;\n	background-color: #FFF;\n}\n\n#search-box input {\n	border: 1px solid #b0b0b0;\n}\n\n/* .button1 style defined later, just a few tweaks for the search button version */\n#search-box input.button1 {\n	padding: 1px 5px;\n}\n\n#search-box li {\n	text-align: right;\n	margin-top: 4px;\n}\n\n#search-box img {\n	vertical-align: middle;\n	margin-right: 3px;\n}\n\n/* Site description and logo */\n#site-description {\n	float: left;\n	width: 70%;\n}\n\n#site-description h1 {\n	margin-right: 0;\n}\n\n/* Round cornered boxes and backgrounds\n---------------------------------------- */\n.headerbar {\n	background: #ebebeb none repeat-x 0 0;\n	color: #FFFFFF;\n	margin-bottom: 4px;\n	padding: 0 5px;\n}\n\n.navbar {\n	background-color: #ebebeb;\n	padding: 0 10px;\n}\n\n.forabg {\n	background: #b1b1b1 none repeat-x 0 0;\n	margin-bottom: 4px;\n	padding: 0 5px;\n	clear: both;\n}\n\n.forumbg {\n	background: #ebebeb none repeat-x 0 0;\n	margin-bottom: 4px;\n	padding: 0 5px;\n	clear: both;\n}\n\n.panel {\n	margin-bottom: 4px;\n	padding: 0 10px;\n	background-color: #f3f3f3;\n	color: #3f3f3f;\n}\n\n.post {\n	padding: 0 10px;\n	margin-bottom: 4px;\n	background-repeat: no-repeat;\n	background-position: 100% 0;\n}\n\n.post:target .content {\n	color: #000000;\n}\n\n.post:target h3 a {\n	color: #000000;\n}\n\n.bg1	{ background-color: #f7f7f7;}\n.bg2	{ background-color: #f2f2f2; }\n.bg3	{ background-color: #ebebeb; }\n\n.rowbg {\n	margin: 5px 5px 2px 5px;\n}\n\n.ucprowbg {\n	background-color: #e2e2e2;\n}\n\n.fieldsbg {\n	/*border: 1px #e2dcdb solid;*/\n	background-color: #eaeaea;\n}\n\nspan.corners-top, span.corners-bottom, span.corners-top span, span.corners-bottom span {\n	font-size: 1px;\n	line-height: 1px;\n	display: block;\n	height: 5px;\n	background-repeat: no-repeat;\n}\n\nspan.corners-top {\n	background-image: none;\n	background-position: 0 0;\n	margin: 0 -5px;\n}\n\nspan.corners-top span {\n	background-image: none;\n	background-position: 100% 0;\n}\n\nspan.corners-bottom {\n	background-image: none;\n	background-position: 0 100%;\n	margin: 0 -5px;\n	clear: both;\n}\n\nspan.corners-bottom span {\n	background-image: none;\n	background-position: 100% 100%;\n}\n\n.headbg span.corners-bottom {\n	margin-bottom: -1px;\n}\n\n.post span.corners-top, .post span.corners-bottom, .panel span.corners-top, .panel span.corners-bottom, .navbar span.corners-top, .navbar span.corners-bottom {\n	margin: 0 -10px;\n}\n\n.rules span.corners-top {\n	margin: 0 -10px 5px -10px;\n}\n\n.rules span.corners-bottom {\n	margin: 5px -10px 0 -10px;\n}\n\n/* Horizontal lists\n----------------------------------------*/\nul.linklist {\n	display: block;\n	margin: 0;\n}\n\nul.linklist li {\n	display: block;\n	list-style-type: none;\n	float: left;\n	width: auto;\n	margin-right: 5px;\n	font-size: 1.1em;\n	line-height: 2.2em;\n}\n\nul.linklist li.rightside, p.rightside {\n	float: right;\n	margin-right: 0;\n	margin-left: 5px;\n	text-align: right;\n}\n\nul.navlinks {\n	padding-bottom: 1px;\n	margin-bottom: 1px;\n	border-bottom: 1px solid #FFFFFF;\n	font-weight: bold;\n}\n\nul.leftside {\n	float: left;\n	margin-left: 0;\n	margin-right: 5px;\n	text-align: left;\n}\n\nul.rightside {\n	float: right;\n	margin-left: 5px;\n	margin-right: -5px;\n	text-align: right;\n}\n\n/* Table styles\n----------------------------------------*/\ntable.table1 {\n	/* See tweaks.css */\n}\n\n#ucp-main table.table1 {\n	padding: 2px;\n}\n\ntable.table1 thead th {\n	font-weight: normal;\n	text-transform: uppercase;\n	color: #FFFFFF;\n	line-height: 1.3em;\n	font-size: 1em;\n	padding: 0 0 4px 3px;\n}\n\ntable.table1 thead th span {\n	padding-left: 7px;\n}\n\ntable.table1 tbody tr {\n	border: 1px solid #cfcfcf;\n}\n\ntable.table1 tbody tr:hover, table.table1 tbody tr.hover {\n	background-color: #f6f6f6;\n	color: #000;\n}\n\ntable.table1 td {\n	color: #6a6a6a;\n	font-size: 1.1em;\n}\n\ntable.table1 tbody td {\n	padding: 5px;\n	border-top: 1px solid #FAFAFA;\n}\n\ntable.table1 tbody th {\n	padding: 5px;\n	border-bottom: 1px solid #000000;\n	text-align: left;\n	color: #333333;\n	background-color: #FFFFFF;\n}\n\n/* Specific column styles */\ntable.table1 .name		{ text-align: left; }\ntable.table1 .posts		{ text-align: center !important; width: 7%; }\ntable.table1 .joined	{ text-align: left; width: 15%; }\ntable.table1 .active	{ text-align: left; width: 15%; }\ntable.table1 .mark		{ text-align: center; width: 7%; }\ntable.table1 .info		{ text-align: left; width: 30%; }\ntable.table1 .info div	{ width: 100%; white-space: normal; overflow: hidden; }\ntable.table1 .autocol	{ line-height: 2em; white-space: nowrap; }\ntable.table1 thead .autocol { padding-left: 1em; }\n\ntable.table1 span.rank-img {\n	float: right;\n	width: auto;\n}\n\ntable.info td {\n	padding: 3px;\n}\n\ntable.info tbody th {\n	padding: 3px;\n	text-align: right;\n	vertical-align: top;\n	color: #000000;\n	font-weight: normal;\n}\n\n.forumbg table.table1 {\n	margin: 0 -2px -1px -1px;\n}\n\n/* Misc layout styles\n---------------------------------------- */\n/* column[1-2] styles are containers for two column layouts \n   Also see tweaks.css */\n.column1 {\n	float: left;\n	clear: left;\n	width: 49%;\n}\n\n.column2 {\n	float: right;\n	clear: right;\n	width: 49%;\n}\n\n/* General classes for placing floating blocks */\n.left-box {\n	float: left;\n	width: auto;\n	text-align: left;\n}\n\n.right-box {\n	float: right;\n	width: auto;\n	text-align: right;\n}\n\ndl.details {\n	/*font-family: \"Lucida Grande\", Verdana, Helvetica, Arial, sans-serif;*/\n	font-size: 1.1em;\n}\n\ndl.details dt {\n	float: left;\n	clear: left;\n	width: 30%;\n	text-align: right;\n	color: #000000;\n	display: block;\n}\n\ndl.details dd {\n	margin-left: 0;\n	padding-left: 5px;\n	margin-bottom: 5px;\n	color: #828282;\n	float: left;\n	width: 65%;\n}\n\n/* Pagination\n---------------------------------------- */\n.pagination {\n	height: 1%; /* IE tweak (holly hack) */\n	width: auto;\n	text-align: right;\n	margin-top: 5px;\n	float: right;\n}\n\n.pagination span.page-sep {\n	display: none;\n}\n\nli.pagination {\n	margin-top: 0;\n}\n\n.pagination strong, .pagination b {\n	font-weight: normal;\n}\n\n.pagination span strong {\n	padding: 0 2px;\n	margin: 0 2px;\n	font-weight: normal;\n	color: #FFFFFF;\n	background-color: #bfbfbf;\n	border: 1px solid #bfbfbf;\n	font-size: 0.9em;\n}\n\n.pagination span a, .pagination span a:link, .pagination span a:visited, .pagination span a:active {\n	font-weight: normal;\n	text-decoration: none;\n	color: #747474;\n	margin: 0 2px;\n	padding: 0 2px;\n	background-color: #eeeeee;\n	border: 1px solid #bababa;\n	font-size: 0.9em;\n	line-height: 1.5em;\n}\n\n.pagination span a:hover {\n	border-color: #d2d2d2;\n	background-color: #d2d2d2;\n	color: #FFF;\n	text-decoration: none;\n}\n\n.pagination img {\n	vertical-align: middle;\n}\n\n/* Pagination in viewforum for multipage topics */\n.row .pagination {\n	display: block;\n	float: right;\n	width: auto;\n	margin-top: 0;\n	padding: 1px 0 1px 15px;\n	font-size: 0.9em;\n	background: none 0 50% no-repeat;\n}\n\n.row .pagination span a, li.pagination span a {\n	background-color: #FFFFFF;\n}\n\n.row .pagination span a:hover, li.pagination span a:hover {\n	background-color: #d2d2d2;\n}\n\n/* Miscellaneous styles\n---------------------------------------- */\n#forum-permissions {\n	float: right;\n	width: auto;\n	padding-left: 5px;\n	margin-left: 5px;\n	margin-top: 10px;\n	text-align: right;\n}\n\n.copyright {\n	padding: 5px;\n	text-align: center;\n	color: #555555;\n}\n\n.small {\n	font-size: 0.9em !important;\n}\n\n.titlespace {\n	margin-bottom: 15px;\n}\n\n.headerspace {\n	margin-top: 20px;\n}\n\n.error {\n	color: #bcbcbc;\n	font-weight: bold;\n	font-size: 1em;\n}\n\n.reported {\n	background-color: #f7f7f7;\n}\n\nli.reported:hover {\n	background-color: #ececec;\n}\n\ndiv.rules {\n	background-color: #ececec;\n	color: #bcbcbc;\n	padding: 0 10px;\n	margin: 10px 0;\n	font-size: 1.1em;\n}\n\ndiv.rules ul, div.rules ol {\n	margin-left: 20px;\n}\n\np.rules {\n	background-color: #ececec;\n	background-image: none;\n	padding: 5px;\n}\n\np.rules img {\n	vertical-align: middle;\n	padding-top: 5px;\n}\n\np.rules a {\n	vertical-align: middle;\n	clear: both;\n}\n\n#top {\n	position: absolute;\n	top: -20px;\n}\n\n.clear {\n	display: block;\n	clear: both;\n	font-size: 1px;\n	line-height: 1px;\n	background: transparent;\n}\n/* proSilver Link Styles\n---------------------------------------- */\n\n/* Links adjustment to correctly display an order of rtl/ltr mixed content */\na {\n	direction: ltr;\n	unicode-bidi: embed;\n}\n\na:link	{ color: #898989; text-decoration: none; }\na:visited	{ color: #898989; text-decoration: none; }\na:hover	{ color: #d3d3d3; text-decoration: underline; }\na:active	{ color: #d2d2d2; text-decoration: none; }\n\n/* Coloured usernames */\n.username-coloured {\n	font-weight: bold;\n	display: inline !important;\n	padding: 0 !important;\n}\n\n/* Links on gradient backgrounds */\n#search-box a:link, .navbg a:link, .forumbg .header a:link, .forabg .header a:link, th a:link {\n	color: #FFFFFF;\n	text-decoration: none;\n}\n\n#search-box a:visited, .navbg a:visited, .forumbg .header a:visited, .forabg .header a:visited, th a:visited {\n	color: #FFFFFF;\n	text-decoration: none;\n}\n\n#search-box a:hover, .navbg a:hover, .forumbg .header a:hover, .forabg .header a:hover, th a:hover {\n	color: #ffffff;\n	text-decoration: underline;\n}\n\n#search-box a:active, .navbg a:active, .forumbg .header a:active, .forabg .header a:active, th a:active {\n	color: #ffffff;\n	text-decoration: none;\n}\n\n/* Links for forum/topic lists */\na.forumtitle {\n	font-family:  Helvetica, Arial, Sans-serif;\n	font-size: 1.2em;\n	font-weight: bold;\n	color: #898989;\n	text-decoration: none;\n}\n\n/* a.forumtitle:visited { color: #898989; } */\n\na.forumtitle:hover {\n	color: #bcbcbc;\n	text-decoration: underline;\n}\n\na.forumtitle:active {\n	color: #898989;\n}\n\na.topictitle {\n	font-family:  Helvetica, Arial, Sans-serif;\n	font-size: 1.2em;\n	font-weight: bold;\n	color: #898989;\n	text-decoration: none;\n}\n\n/* a.topictitle:visited { color: #d2d2d2; } */\n\na.topictitle:hover {\n	color: #bcbcbc;\n	text-decoration: underline;\n}\n\na.topictitle:active {\n	color: #898989;\n}\n\n/* Post body links */\n.postlink {\n	text-decoration: none;\n	color: #d2d2d2;\n	border-bottom: 1px solid #d2d2d2;\n	padding-bottom: 0;\n}\n\n.postlink:visited {\n	color: #bdbdbd;\n	border-bottom-style: dotted;\n	border-bottom-color: #666666;\n}\n\n.postlink:active {\n	color: #d2d2d2;\n}\n\n.postlink:hover {\n	background-color: #f6f6f6;\n	text-decoration: none;\n	color: #404040;\n}\n\n.signature a, .signature a:visited, .signature a:active, .signature a:hover {\n	border: none;\n	text-decoration: underline;\n	background-color: transparent;\n}\n\n/* Profile links */\n.postprofile a:link, .postprofile a:active, .postprofile a:visited, .postprofile dt.author a {\n	font-weight: bold;\n	color: #898989;\n	text-decoration: none;\n}\n\n.postprofile a:hover, .postprofile dt.author a:hover {\n	text-decoration: underline;\n	color: #d3d3d3;\n}\n\n\n/* Profile searchresults */	\n.search .postprofile a {\n	color: #898989;\n	text-decoration: none; \n	font-weight: normal;\n}\n\n.search .postprofile a:hover {\n	color: #d3d3d3;\n	text-decoration: underline; \n}\n\n/* Back to top of page */\n.back2top {\n	clear: both;\n	height: 11px;\n	text-align: right;\n}\n\na.top {\n	background: none no-repeat top left;\n	text-decoration: none;\n	width: {IMG_ICON_BACK_TOP_WIDTH}px;\n	height: {IMG_ICON_BACK_TOP_HEIGHT}px;\n	display: block;\n	float: right;\n	overflow: hidden;\n	letter-spacing: 1000px;\n	text-indent: 11px;\n}\n\na.top2 {\n	background: none no-repeat 0 50%;\n	text-decoration: none;\n	padding-left: 15px;\n}\n\n/* Arrow links  */\na.up		{ background: none no-repeat left center; }\na.down		{ background: none no-repeat right center; }\na.left		{ background: none no-repeat 3px 60%; }\na.right		{ background: none no-repeat 95% 60%; }\n\na.up, a.up:link, a.up:active, a.up:visited {\n	padding-left: 10px;\n	text-decoration: none;\n	border-bottom-width: 0;\n}\n\na.up:hover {\n	background-position: left top;\n	background-color: transparent;\n}\n\na.down, a.down:link, a.down:active, a.down:visited {\n	padding-right: 10px;\n}\n\na.down:hover {\n	background-position: right bottom;\n	text-decoration: none;\n}\n\na.left, a.left:active, a.left:visited {\n	padding-left: 12px;\n}\n\na.left:hover {\n	color: #d2d2d2;\n	text-decoration: none;\n	background-position: 0 60%;\n}\n\na.right, a.right:active, a.right:visited {\n	padding-right: 12px;\n}\n\na.right:hover {\n	color: #d2d2d2;\n	text-decoration: none;\n	background-position: 100% 60%;\n}\n\n/* invisible skip link, used for accessibility  */\n.skiplink {\n	position: absolute;\n	left: -999px;\n	width: 990px;\n}\n\n/* Feed icon in forumlist_body.html */\na.feed-icon-forum {\n	float: right;\n	margin: 3px;\n}\n/* proSilver Content Styles\n---------------------------------------- */\n\nul.topiclist {\n	display: block;\n	list-style-type: none;\n	margin: 0;\n}\n\nul.forums {\n	background: #f9f9f9 none repeat-x 0 0;\n}\n\nul.topiclist li {\n	display: block;\n	list-style-type: none;\n	color: #777777;\n	margin: 0;\n}\n\nul.topiclist dl {\n	position: relative;\n}\n\nul.topiclist li.row dl {\n	padding: 2px 0;\n}\n\nul.topiclist dt {\n	display: block;\n	float: left;\n	width: 50%;\n	font-size: 1.1em;\n	padding-left: 5px;\n	padding-right: 5px;\n}\n\nul.topiclist dd {\n	display: block;\n	float: left;\n	border-left: 1px solid #FFFFFF;\n	padding: 4px 0;\n}\n\nul.topiclist dfn {\n	/* Labels for post/view counts */\n	position: absolute;\n	left: -999px;\n	width: 990px;\n}\n\nul.topiclist li.row dt a.subforum {\n	background-image: none;\n	background-position: 0 50%;\n	background-repeat: no-repeat;\n	position: relative;\n	white-space: nowrap;\n	padding: 0 0 0 12px;\n}\n\n.forum-image {\n	float: left;\n	padding-top: 5px;\n	margin-right: 5px;\n}\n\nli.row {\n	border-top: 1px solid #FFFFFF;\n	border-bottom: 1px solid #8f8f8f;\n}\n\nli.row strong {\n	font-weight: normal;\n	color: #000000;\n}\n\nli.row:hover {\n	background-color: #f6f6f6;\n}\n\nli.row:hover dd {\n	border-left-color: #CCCCCC;\n}\n\nli.header dt, li.header dd {\n	line-height: 1em;\n	border-left-width: 0;\n	margin: 2px 0 4px 0;\n	color: #FFFFFF;\n	padding-top: 2px;\n	padding-bottom: 2px;\n	font-size: 1em;\n	font-family: Arial, Helvetica, sans-serif;\n	text-transform: uppercase;\n}\n\nli.header dt {\n	font-weight: bold;\n}\n\nli.header dd {\n	margin-left: 1px;\n}\n\nli.header dl.icon {\n	min-height: 0;\n}\n\nli.header dl.icon dt {\n	/* Tweak for headers alignment when folder icon used */\n	padding-left: 0;\n	padding-right: 50px;\n}\n\n/* Forum list column styles */\ndl.icon {\n	min-height: 35px;\n	background-position: 10px 50%;		/* Position of folder icon */\n	background-repeat: no-repeat;\n}\n\ndl.icon dt {\n	padding-left: 45px;					/* Space for folder icon */\n	background-repeat: no-repeat;\n	background-position: 5px 95%;		/* Position of topic icon */\n}\n\ndd.posts, dd.topics, dd.views {\n	width: 8%;\n	text-align: center;\n	line-height: 2.2em;\n	font-size: 1.2em;\n}\n\n/* List in forum description */\ndl.icon dt ol,\ndl.icon dt ul {\n	list-style-position: inside;\n	margin-left: 1em;\n}\n\ndl.icon dt li {\n	display: list-item;\n	list-style-type: inherit;\n}\n\ndd.lastpost {\n	width: 25%;\n	font-size: 1.1em;\n}\n\ndd.redirect {\n	font-size: 1.1em;\n	line-height: 2.5em;\n}\n\ndd.moderation {\n	font-size: 1.1em;\n}\n\ndd.lastpost span, ul.topiclist dd.searchby span, ul.topiclist dd.info span, ul.topiclist dd.time span, dd.redirect span, dd.moderation span {\n	display: block;\n	padding-left: 5px;\n}\n\ndd.time {\n	width: auto;\n	line-height: 200%;\n	font-size: 1.1em;\n}\n\ndd.extra {\n	width: 12%;\n	line-height: 200%;\n	text-align: center;\n	font-size: 1.1em;\n}\n\ndd.mark {\n	float: right !important;\n	width: 9%;\n	text-align: center;\n	line-height: 200%;\n	font-size: 1.2em;\n}\n\ndd.info {\n	width: 30%;\n}\n\ndd.option {\n	width: 15%;\n	line-height: 200%;\n	text-align: center;\n	font-size: 1.1em;\n}\n\ndd.searchby {\n	width: 47%;\n	font-size: 1.1em;\n	line-height: 1em;\n}\n\nul.topiclist dd.searchextra {\n	margin-left: 5px;\n	padding: 0.2em 0;\n	font-size: 1.1em;\n	color: #333333;\n	border-left: none;\n	clear: both;\n	width: 98%;\n	overflow: hidden;\n}\n\n/* Container for post/reply buttons and pagination */\n.topic-actions {\n	margin-bottom: 3px;\n	font-size: 1.1em;\n	height: 28px;\n	min-height: 28px;\n}\ndiv[class].topic-actions {\n	height: auto;\n}\n\n/* Post body styles\n----------------------------------------*/\n.postbody {\n	padding: 0;\n	line-height: 1.48em;\n	color: #333333;\n	width: 76%;\n	float: left;\n	clear: both;\n}\n\n.postbody .ignore {\n	font-size: 1.1em;\n}\n\n.postbody h3.first {\n	/* The first post on the page uses this */\n	font-size: 1.7em;\n}\n\n.postbody h3 {\n	/* Postbody requires a different h3 format - so change it here */\n	font-size: 1.5em;\n	padding: 2px 0 0 0;\n	margin: 0 0 0.3em 0 !important;\n	text-transform: none;\n	border: none;\n	font-family:  Verdana, Helvetica, Arial, sans-serif;\n	line-height: 125%;\n}\n\n.postbody h3 img {\n	/* Also see tweaks.css */\n	vertical-align: bottom;\n}\n\n.postbody .content {\n	font-size: 1.2em;\n}\n\n.search .postbody {\n	width: 68%\n}\n\n/* Topic review panel\n----------------------------------------*/\n#review {\n	margin-top: 2em;\n}\n\n#topicreview {\n	padding-right: 5px;\n	overflow: auto;\n	height: 300px;\n}\n\n#topicreview .postbody {\n	width: auto;\n	float: none;\n	margin: 0;\n	height: auto;\n}\n\n#topicreview .post {\n	height: auto;\n}\n\n#topicreview h2 {\n	border-bottom-width: 0;\n}\n\n.post-ignore .postbody {\n	display: none;\n}\n\n/* Content container styles\n----------------------------------------*/\n.content {\n	min-height: 3em;\n	overflow: hidden;\n	line-height: 1.4em;\n	font-size: 1em;\n	color: #777777;\n	padding-bottom: 1px;\n}\n\n.content h2, .panel h2 {\n	font-weight: normal;\n	color: #989898;\n	border-bottom: 1px solid #CCCCCC;\n	font-size: 1.6em;\n	margin-top: 0.5em;\n	margin-bottom: 0.5em;\n	padding-bottom: 0.5em;\n}\n\n.panel h3 {\n	margin: 0.5em 0;\n}\n\n.panel p {\n	font-size: 1.2em;\n	margin-bottom: 1em;\n	line-height: 1.4em;\n}\n\n.content p {\n	font-family: \"Lucida Grande\",  Verdana, Helvetica, Arial, sans-serif;\n	font-size: 1.2em;\n	margin-bottom: 1em;\n	line-height: 1.4em;\n}\n\ndl.faq {\n	font-family: \"Lucida Grande\", Verdana, Helvetica, Arial, sans-serif;\n	font-size: 1.1em;\n	margin-top: 1em;\n	margin-bottom: 2em;\n	line-height: 1.4em;\n}\n\ndl.faq dt {\n	font-weight: bold;\n	color: #333333;\n}\n\n.content dl.faq {\n	font-size: 1.2em;\n	margin-bottom: 0.5em;\n}\n\n.content li {\n	list-style-type: inherit;\n}\n\n.content ul, .content ol {\n	margin-bottom: 1em;\n	margin-left: 3em;\n}\n\n.posthilit {\n	background-color: #f3f3f3;\n	color: #BCBCBC;\n	padding: 0 2px 1px 2px;\n}\n\n.announce, .unreadpost {\n	/* Highlight the announcements & unread posts box */\n	border-left-color: #BCBCBC;\n	border-right-color: #BCBCBC;\n}\n\n/* Post author */\np.author {\n	margin: 0 15em 0.6em 0;\n	padding: 0 0 5px 0;\n	font-family: Verdana, Helvetica, Arial, sans-serif;\n	font-size: 1em;\n	line-height: 1.2em;\n}\n\n/* Post signature */\n.signature {\n	margin-top: 1.5em;\n	padding-top: 0.2em;\n	font-size: 1.1em;\n	border-top: 1px solid #CCCCCC;\n	clear: left;\n	line-height: 140%;\n	overflow: hidden;\n	width: 100%;\n}\n\ndd .signature {\n	margin: 0;\n	padding: 0;\n	clear: none;\n	border: none;\n}\n\n.signature li {\n	list-style-type: inherit;\n}\n\n.signature ul, .signature ol {\n	margin-bottom: 1em;\n	margin-left: 3em;\n}\n\n/* Post noticies */\n.notice {\n	font-family: \"Lucida Grande\", Verdana, Helvetica, Arial, sans-serif;\n	width: auto;\n	margin-top: 1.5em;\n	padding-top: 0.2em;\n	font-size: 1em;\n	border-top: 1px dashed #CCCCCC;\n	clear: left;\n	line-height: 130%;\n}\n\n/* Jump to post link for now */\nul.searchresults {\n	list-style: none;\n	text-align: right;\n	clear: both;\n}\n\n/* BB Code styles\n----------------------------------------*/\n/* Quote block */\nblockquote {\n	background: #ebebeb none 6px 8px no-repeat;\n	border: 1px solid #dbdbdb;\n	font-size: 0.95em;\n	margin: 0.5em 1px 0 25px;\n	overflow: hidden;\n	padding: 5px;\n}\n\nblockquote blockquote {\n	/* Nested quotes */\n	background-color: #bababa;\n	font-size: 1em;\n	margin: 0.5em 1px 0 15px;	\n}\n\nblockquote blockquote blockquote {\n	/* Nested quotes */\n	background-color: #e4e4e4;\n}\n\nblockquote cite {\n	/* Username/source of quoter */\n	font-style: normal;\n	font-weight: bold;\n	margin-left: 20px;\n	display: block;\n	font-size: 0.9em;\n}\n\nblockquote cite cite {\n	font-size: 1em;\n}\n\nblockquote.uncited {\n	padding-top: 25px;\n}\n\n/* Code block */\ndl.codebox {\n	padding: 3px;\n	background-color: #FFFFFF;\n	border: 1px solid #d8d8d8;\n	font-size: 1em;\n}\n\ndl.codebox dt {\n	text-transform: uppercase;\n	border-bottom: 1px solid #CCCCCC;\n	margin-bottom: 3px;\n	font-size: 0.8em;\n	font-weight: bold;\n	display: block;\n}\n\nblockquote dl.codebox {\n	margin-left: 0;\n}\n\ndl.codebox code {\n	/* Also see tweaks.css */\n	overflow: auto;\n	display: block;\n	height: auto;\n	max-height: 200px;\n	white-space: normal;\n	padding-top: 5px;\n	font: 0.9em Monaco, \"Andale Mono\",\"Courier New\", Courier, mono;\n	line-height: 1.3em;\n	color: #8b8b8b;\n	margin: 2px 0;\n}\n\n.syntaxbg		{ color: #FFFFFF; }\n.syntaxcomment	{ color: #000000; }\n.syntaxdefault	{ color: #bcbcbc; }\n.syntaxhtml		{ color: #000000; }\n.syntaxkeyword	{ color: #585858; }\n.syntaxstring	{ color: #a7a7a7; }\n\n/* Attachments\n----------------------------------------*/\n.attachbox {\n	float: left;\n	width: auto; \n	margin: 5px 5px 5px 0;\n	padding: 6px;\n	background-color: #FFFFFF;\n	border: 1px dashed #d8d8d8;\n	clear: left;\n}\n\n.pm-message .attachbox {\n	background-color: #f3f3f3;\n}\n\n.attachbox dt {\n	font-family: Arial, Helvetica, sans-serif;\n	text-transform: uppercase;\n}\n\n.attachbox dd {\n	margin-top: 4px;\n	padding-top: 4px;\n	clear: left;\n	border-top: 1px solid #d8d8d8;\n}\n\n.attachbox dd dd {\n	border: none;\n}\n\n.attachbox p {\n	line-height: 110%;\n	color: #666666;\n	font-weight: normal;\n	clear: left;\n}\n\n.attachbox p.stats\n{\n	line-height: 110%;\n	color: #666666;\n	font-weight: normal;\n	clear: left;\n}\n\n.attach-image {\n	margin: 3px 0;\n	width: 100%;\n	max-height: 350px;\n	overflow: auto;\n}\n\n.attach-image img {\n	border: 1px solid #999999;\n/*	cursor: move; */\n	cursor: default;\n}\n\n/* Inline image thumbnails */\ndiv.inline-attachment dl.thumbnail, div.inline-attachment dl.file {\n	display: block;\n	margin-bottom: 4px;\n}\n\ndiv.inline-attachment p {\n	font-size: 100%;\n}\n\ndl.file {\n	font-family: Verdana, Arial, Helvetica, sans-serif;\n	display: block;\n}\n\ndl.file dt {\n	text-transform: none;\n	margin: 0;\n	padding: 0;\n	font-weight: bold;\n	font-family: Verdana, Arial, Helvetica, sans-serif;\n}\n\ndl.file dd {\n	color: #666666;\n	margin: 0;\n	padding: 0;	\n}\n\ndl.thumbnail img {\n	padding: 3px;\n	border: 1px solid #666666;\n	background-color: #FFF;\n}\n\ndl.thumbnail dd {\n	color: #666666;\n	font-style: italic;\n	font-family: Verdana, Arial, Helvetica, sans-serif;\n}\n\n.attachbox dl.thumbnail dd {\n	font-size: 100%;\n}\n\ndl.thumbnail dt a:hover {\n	background-color: #EEEEEE;\n}\n\ndl.thumbnail dt a:hover img {\n	border: 1px solid #d2d2d2;\n}\n\n/* Post poll styles\n----------------------------------------*/\nfieldset.polls {\n	font-family:  Verdana, Helvetica, Arial, sans-serif;\n}\n\nfieldset.polls dl {\n	margin-top: 5px;\n	border-top: 1px solid #e2e2e2;\n	padding: 5px 0 0 0;\n	line-height: 120%;\n	color: #666666;\n}\n\nfieldset.polls dl.voted {\n	font-weight: bold;\n	color: #000000;\n}\n\nfieldset.polls dt {\n	text-align: left;\n	float: left;\n	display: block;\n	width: 30%;\n	border-right: none;\n	padding: 0;\n	margin: 0;\n	font-size: 1.1em;\n}\n\nfieldset.polls dd {\n	float: left;\n	width: 10%;\n	border-left: none;\n	padding: 0 5px;\n	margin-left: 0;\n	font-size: 1.1em;\n}\n\nfieldset.polls dd.resultbar {\n	width: 50%;\n}\n\nfieldset.polls dd input {\n	margin: 2px 0;\n}\n\nfieldset.polls dd div {\n	text-align: right;\n	font-family: Arial, Helvetica, sans-serif;\n	color: #FFFFFF;\n	font-weight: bold;\n	padding: 0 2px;\n	overflow: visible;\n	min-width: 2%;\n}\n\n.pollbar1 {\n	background-color: #aaaaaa;\n	border-bottom: 1px solid #747474;\n	border-right: 1px solid #747474;\n}\n\n.pollbar2 {\n	background-color: #bebebe;\n	border-bottom: 1px solid #8c8c8c;\n	border-right: 1px solid #8c8c8c;\n}\n\n.pollbar3 {\n	background-color: #D1D1D1;\n	border-bottom: 1px solid #aaaaaa;\n	border-right: 1px solid #aaaaaa;\n}\n\n.pollbar4 {\n	background-color: #e4e4e4;\n	border-bottom: 1px solid #bebebe;\n	border-right: 1px solid #bebebe;\n}\n\n.pollbar5 {\n	background-color: #f8f8f8;\n	border-bottom: 1px solid #D1D1D1;\n	border-right: 1px solid #D1D1D1;\n}\n\n/* Poster profile block\n----------------------------------------*/\n.postprofile {\n	/* Also see tweaks.css */\n	margin: 5px 0 10px 0;\n	min-height: 80px;\n	color: #666666;\n	border-left: 1px solid #FFFFFF;\n	width: 22%;\n	float: right;\n	display: inline;\n}\n.pm .postprofile {\n	border-left: 1px solid #DDDDDD;\n}\n\n.postprofile dd, .postprofile dt {\n	line-height: 1.2em;\n	margin-left: 8px;\n}\n\n.postprofile strong {\n	font-weight: normal;\n	color: #000000;\n}\n\n.avatar {\n	border: none;\n	margin-bottom: 3px;\n}\n\n.online {\n	background-image: none;\n	background-position: 100% 0;\n	background-repeat: no-repeat;\n}\n\n/* Poster profile used by search*/\n.search .postprofile {\n	width: 30%;\n}\n\n/* pm list in compose message if mass pm is enabled */\ndl.pmlist dt {\n	width: 60% !important;\n}\n\ndl.pmlist dt textarea {\n	width: 95%;\n}\n\ndl.pmlist dd {\n	margin-left: 61% !important;\n	margin-bottom: 2px;\n}\n/* proSilver Button Styles\n---------------------------------------- */\n\n/* Rollover buttons\n   Based on: http://wellstyled.com/css-nopreload-rollovers.html\n----------------------------------------*/\n.buttons {\n	float: left;\n	width: auto;\n	height: auto;\n}\n\n/* Rollover state */\n.buttons div {\n	float: left;\n	margin: 0 5px 0 0;\n	background-position: 0 100%;\n}\n\n/* Rolloff state */\n.buttons div a {\n	display: block;\n	width: 100%;\n	height: 100%;\n	background-position: 0 0;\n	position: relative;\n	overflow: hidden;\n}\n\n/* Hide <a> text and hide off-state image when rolling over (prevents flicker in IE) */\n/*.buttons div span		{ display: none; }*/\n/*.buttons div a:hover	{ background-image: none; }*/\n.buttons div span			{ position: absolute; width: 100%; height: 100%; cursor: pointer;}\n.buttons div a:hover span	{ background-position: 0 100%; }\n\n/* Big button images */\n.reply-icon span	{ background: transparent none 0 0 no-repeat; }\n.post-icon span		{ background: transparent none 0 0 no-repeat; }\n.locked-icon span	{ background: transparent none 0 0 no-repeat; }\n.pmreply-icon span	{ background: none 0 0 no-repeat; }\n.newpm-icon span 	{ background: none 0 0 no-repeat; }\n.forwardpm-icon span 	{ background: none 0 0 no-repeat; }\n\n/* Set big button dimensions */\n.buttons div.reply-icon		{ width: {IMG_BUTTON_TOPIC_REPLY_WIDTH}px; height: {IMG_BUTTON_TOPIC_REPLY_HEIGHT}px; }\n.buttons div.post-icon		{ width: {IMG_BUTTON_TOPIC_NEW_WIDTH}px; height: {IMG_BUTTON_TOPIC_NEW_HEIGHT}px; }\n.buttons div.locked-icon	{ width: {IMG_BUTTON_TOPIC_LOCKED_WIDTH}px; height: {IMG_BUTTON_TOPIC_LOCKED_HEIGHT}px; }\n.buttons div.pmreply-icon	{ width: {IMG_BUTTON_PM_REPLY_WIDTH}px; height: {IMG_BUTTON_PM_REPLY_HEIGHT}px; }\n.buttons div.newpm-icon		{ width: {IMG_BUTTON_PM_NEW_WIDTH}px; height: {IMG_BUTTON_PM_NEW_HEIGHT}px; }\n.buttons div.forwardpm-icon	{ width: {IMG_BUTTON_PM_FORWARD_WIDTH}px; height: {IMG_BUTTON_PM_FORWARD_HEIGHT}px; }\n\n/* Sub-header (navigation bar)\n--------------------------------------------- */\na.print, a.sendemail, a.fontsize {\n	display: block;\n	overflow: hidden;\n	height: 18px;\n	text-indent: -5000px;\n	text-align: left;\n	background-repeat: no-repeat;\n}\n\na.print {\n	background-image: none;\n	width: 22px;\n}\n\na.sendemail {\n	background-image: none;\n	width: 22px;\n}\n\na.fontsize {\n	background-image: none;\n	background-position: 0 -1px;\n	width: 29px;\n}\n\na.fontsize:hover {\n	background-position: 0 -20px;\n	text-decoration: none;\n}\n\n/* Icon images\n---------------------------------------- */\n.sitehome, .icon-faq, .icon-members, .icon-home, .icon-ucp, .icon-register, .icon-logout,\n.icon-bookmark, .icon-bump, .icon-subscribe, .icon-unsubscribe, .icon-pages, .icon-search {\n	background-position: 0 50%;\n	background-repeat: no-repeat;\n	background-image: none;\n	padding: 1px 0 0 17px;\n}\n\n/* Poster profile icons\n----------------------------------------*/\nul.profile-icons {\n	padding-top: 10px;\n	list-style: none;\n}\n\n/* Rollover state */\nul.profile-icons li {\n	float: left;\n	margin: 0 6px 3px 0;\n	background-position: 0 100%;\n}\n\n/* Rolloff state */\nul.profile-icons li a {\n	display: block;\n	width: 100%;\n	height: 100%;\n	background-position: 0 0;\n}\n\n/* Hide <a> text and hide off-state image when rolling over (prevents flicker in IE) */\nul.profile-icons li span { display:none; }\nul.profile-icons li a:hover { background: none; }\n\n/* Positioning of moderator icons */\n.postbody ul.profile-icons {\n	float: right;\n	width: auto;\n	padding: 0;\n}\n\n.postbody ul.profile-icons li {\n	margin: 0 3px;\n}\n\n/* Profile & navigation icons */\n.email-icon, .email-icon a		{ background: none top left no-repeat; }\n.aim-icon, .aim-icon a			{ background: none top left no-repeat; }\n.yahoo-icon, .yahoo-icon a		{ background: none top left no-repeat; }\n.web-icon, .web-icon a			{ background: none top left no-repeat; }\n.msnm-icon, .msnm-icon a			{ background: none top left no-repeat; }\n.icq-icon, .icq-icon a			{ background: none top left no-repeat; }\n.jabber-icon, .jabber-icon a		{ background: none top left no-repeat; }\n.pm-icon, .pm-icon a				{ background: none top left no-repeat; }\n.quote-icon, .quote-icon a		{ background: none top left no-repeat; }\n\n/* Moderator icons */\n.report-icon, .report-icon a		{ background: none top left no-repeat; }\n.warn-icon, .warn-icon a			{ background: none top left no-repeat; }\n.edit-icon, .edit-icon a			{ background: none top left no-repeat; }\n.delete-icon, .delete-icon a		{ background: none top left no-repeat; }\n.info-icon, .info-icon a			{ background: none top left no-repeat; }\n\n/* Set profile icon dimensions */\nul.profile-icons li.email-icon		{ width: {IMG_ICON_CONTACT_EMAIL_WIDTH}px; height: {IMG_ICON_CONTACT_EMAIL_HEIGHT}px; }\nul.profile-icons li.aim-icon	{ width: {IMG_ICON_CONTACT_AIM_WIDTH}px; height: {IMG_ICON_CONTACT_AIM_HEIGHT}px; }\nul.profile-icons li.yahoo-icon	{ width: {IMG_ICON_CONTACT_YAHOO_WIDTH}px; height: {IMG_ICON_CONTACT_YAHOO_HEIGHT}px; }\nul.profile-icons li.web-icon	{ width: {IMG_ICON_CONTACT_WWW_WIDTH}px; height: {IMG_ICON_CONTACT_WWW_HEIGHT}px; }\nul.profile-icons li.msnm-icon	{ width: {IMG_ICON_CONTACT_MSNM_WIDTH}px; height: {IMG_ICON_CONTACT_MSNM_HEIGHT}px; }\nul.profile-icons li.icq-icon	{ width: {IMG_ICON_CONTACT_ICQ_WIDTH}px; height: {IMG_ICON_CONTACT_ICQ_HEIGHT}px; }\nul.profile-icons li.jabber-icon	{ width: {IMG_ICON_CONTACT_JABBER_WIDTH}px; height: {IMG_ICON_CONTACT_JABBER_HEIGHT}px; }\nul.profile-icons li.pm-icon		{ width: {IMG_ICON_CONTACT_PM_WIDTH}px; height: {IMG_ICON_CONTACT_PM_HEIGHT}px; }\nul.profile-icons li.quote-icon	{ width: {IMG_ICON_POST_QUOTE_WIDTH}px; height: {IMG_ICON_POST_QUOTE_HEIGHT}px; }\nul.profile-icons li.report-icon	{ width: {IMG_ICON_POST_REPORT_WIDTH}px; height: {IMG_ICON_POST_REPORT_HEIGHT}px; }\nul.profile-icons li.edit-icon	{ width: {IMG_ICON_POST_EDIT_WIDTH}px; height: {IMG_ICON_POST_EDIT_HEIGHT}px; }\nul.profile-icons li.delete-icon	{ width: {IMG_ICON_POST_DELETE_WIDTH}px; height: {IMG_ICON_POST_DELETE_HEIGHT}px; }\nul.profile-icons li.info-icon	{ width: {IMG_ICON_POST_INFO_WIDTH}px; height: {IMG_ICON_POST_INFO_HEIGHT}px; }\nul.profile-icons li.warn-icon	{ width: {IMG_ICON_USER_WARN_WIDTH}px; height: {IMG_ICON_USER_WARN_HEIGHT}px; }\n\n/* Fix profile icon default margins */\nul.profile-icons li.edit-icon	{ margin: 0 0 0 3px; }\nul.profile-icons li.quote-icon	{ margin: 0 0 0 10px; }\nul.profile-icons li.info-icon, ul.profile-icons li.report-icon	{ margin: 0 3px 0 0; }\n/* proSilver Control Panel Styles\n---------------------------------------- */\n\n\n/* Main CP box\n----------------------------------------*/\n#cp-menu {\n	float:left;\n	width: 19%;\n	margin-top: 1em;\n	margin-bottom: 5px;\n}\n\n#cp-main {\n	float: left;\n	width: 81%;\n}\n\n#cp-main .content {\n	padding: 0;\n}\n\n#cp-main h3, #cp-main hr, #cp-menu hr {\n	border-color: #bfbfbf;\n}\n\n#cp-main .panel p {\n	font-size: 1.1em;\n}\n\n#cp-main .panel ol {\n	margin-left: 2em;\n	font-size: 1.1em;\n}\n\n#cp-main .panel li.row {\n	border-bottom: 1px solid #cbcbcb;\n	border-top: 1px solid #F9F9F9;\n}\n\nul.cplist {\n	margin-bottom: 5px;\n	border-top: 1px solid #cbcbcb;\n}\n\n#cp-main .panel li.header dd, #cp-main .panel li.header dt {\n	color: #000000;\n	margin-bottom: 2px;\n}\n\n#cp-main table.table1 {\n	margin-bottom: 1em;\n}\n\n#cp-main table.table1 thead th {\n	color: #333333;\n	font-weight: bold;\n	border-bottom: 1px solid #333333;\n	padding: 5px;\n}\n\n#cp-main table.table1 tbody th {\n	font-style: italic;\n	background-color: transparent !important;\n	border-bottom: none;\n}\n\n#cp-main .pagination {\n	float: right;\n	width: auto;\n	padding-top: 1px;\n}\n\n#cp-main .postbody p {\n	font-size: 1.1em;\n}\n\n#cp-main .pm-message {\n	border: 1px solid #e2e2e2;\n	margin: 10px 0;\n	background-color: #FFFFFF;\n	width: auto;\n	float: none;\n}\n\n.pm-message h2 {\n	padding-bottom: 5px;\n}\n\n#cp-main .postbody h3, #cp-main .box2 h3 {\n	margin-top: 0;\n}\n\n#cp-main .buttons {\n	margin-left: 0;\n}\n\n#cp-main ul.linklist {\n	margin: 0;\n}\n\n/* MCP Specific tweaks */\n.mcp-main .postbody {\n	width: 100%;\n}\n\n/* CP tabbed menu\n----------------------------------------*/\n#tabs {\n	line-height: normal;\n	margin: 20px 0 -1px 7px;\n	min-width: 570px;\n}\n\n#tabs ul {\n	margin:0;\n	padding: 0;\n	list-style: none;\n}\n\n#tabs li {\n	display: inline;\n	margin: 0;\n	padding: 0;\n	font-size: 1em;\n	font-weight: bold;\n}\n\n#tabs a {\n	float: left;\n	background: none no-repeat 0% -35px;\n	margin: 0 1px 0 0;\n	padding: 0 0 0 5px;\n	text-decoration: none;\n	position: relative;\n	cursor: pointer;\n}\n\n#tabs a span {\n	float: left;\n	display: block;\n	background: none no-repeat 100% -35px;\n	padding: 6px 10px 6px 5px;\n	color: #828282;\n	white-space: nowrap;\n}\n\n#tabs a:hover span {\n	color: #bcbcbc;\n}\n\n#tabs .activetab a {\n	background-position: 0 0;\n	border-bottom: 1px solid #ebebeb;\n}\n\n#tabs .activetab a span {\n	background-position: 100% 0;\n	padding-bottom: 7px;\n	color: #333333;\n}\n\n#tabs a:hover {\n	background-position: 0 -70px;\n}\n\n#tabs a:hover span {\n	background-position:100% -70px;\n}\n\n#tabs .activetab a:hover {\n	background-position: 0 0;\n}\n\n#tabs .activetab a:hover span {\n	color: #000000;\n	background-position: 100% 0;\n}\n\n/* Mini tabbed menu used in MCP\n----------------------------------------*/\n#minitabs {\n	line-height: normal;\n	margin: -20px 7px 0 0;\n}\n\n#minitabs ul {\n	margin:0;\n	padding: 0;\n	list-style: none;\n}\n\n#minitabs li {\n	display: block;\n	float: right;\n	padding: 0 10px 4px 10px;\n	font-size: 1em;\n	font-weight: bold;\n	background-color: #f2f2f2;\n	margin-left: 2px;\n}\n\n#minitabs a {\n}\n\n#minitabs a:hover {\n	text-decoration: none;\n}\n\n#minitabs li.activetab {\n	background-color: #F9F9F9;\n}\n\n#minitabs li.activetab a, #minitabs li.activetab a:hover {\n	color: #333333;\n}\n\n/* UCP navigation menu\n----------------------------------------*/\n/* Container for sub-navigation list */\n#navigation {\n	width: 100%;\n	padding-top: 36px;\n}\n\n#navigation ul {\n	list-style:none;\n}\n\n/* Default list state */\n#navigation li {\n	margin: 1px 0;\n	padding: 0;\n	font-weight: bold;\n	display: inline;\n}\n\n/* Link styles for the sub-section links */\n#navigation a {\n	display: block;\n	padding: 5px;\n	margin: 1px 0;\n	text-decoration: none;\n	font-weight: bold;\n	color: #333;\n	background: #cfcfcf none repeat-y 100% 0;\n}\n\n#navigation a:hover {\n	text-decoration: none;\n	background-color: #c6c6c6;\n	color: #bcbcbc;\n	background-image: none;\n}\n\n#navigation #active-subsection a {\n	display: block;\n	color: #d3d3d3;\n	background-color: #F9F9F9;\n	background-image: none;\n}\n\n#navigation #active-subsection a:hover {\n	color: #d3d3d3;\n}\n\n/* Preferences pane layout\n----------------------------------------*/\n#cp-main h2 {\n	border-bottom: none;\n	padding: 0;\n	margin-left: 10px;\n	color: #333333;\n}\n\n#cp-main .panel {\n	background-color: #F9F9F9;\n}\n\n#cp-main .pm {\n	background-color: #FFFFFF;\n}\n\n#cp-main span.corners-top, #cp-menu span.corners-top {\n	background-image: none;\n}\n\n#cp-main span.corners-top span, #cp-menu span.corners-top span {\n	background-image: none;\n}\n\n#cp-main span.corners-bottom, #cp-menu span.corners-bottom {\n	background-image: none;\n}\n\n#cp-main span.corners-bottom span, #cp-menu span.corners-bottom span {\n	background-image: none;\n}\n\n/* Topicreview */\n#cp-main .panel #topicreview span.corners-top, #cp-menu .panel #topicreview span.corners-top {\n	background-image: none;\n}\n\n#cp-main .panel #topicreview span.corners-top span, #cp-menu .panel #topicreview span.corners-top span {\n	background-image: none;\n}\n\n#cp-main .panel #topicreview span.corners-bottom, #cp-menu .panel #topicreview span.corners-bottom {\n	background-image: none;\n}\n\n#cp-main .panel #topicreview span.corners-bottom span, #cp-menu .panel #topicreview span.corners-bottom span {\n	background-image: none;\n}\n\n/* Friends list */\n.cp-mini {\n	background-color: #f9f9f9;\n	padding: 0 5px;\n	margin: 10px 15px 10px 5px;\n}\n\n.cp-mini span.corners-top, .cp-mini span.corners-bottom {\n	margin: 0 -5px;\n}\n\ndl.mini dt {\n	font-weight: bold;\n	color: #676767;\n}\n\ndl.mini dd {\n	padding-top: 4px;\n}\n\n.friend-online {\n	font-weight: bold;\n}\n\n.friend-offline {\n	font-style: italic;\n}\n\n/* PM Styles\n----------------------------------------*/\n#pm-menu {\n	line-height: 2.5em;\n}\n\n/* PM panel adjustments */\n.pm-panel-header {\n	margin: 0; \n	padding-bottom: 10px; \n	border-bottom: 1px dashed #bfa6a4;\n}\n\n.reply-all {\n	display: block; \n	padding-top: 4px; \n	clear: both;\n	float: left;\n}\n\n.pm-panel-message {\n	padding-top: 10px;\n}\n\n.pm-return-to {\n	padding-top: 23px;\n}\n\n#cp-main .pm-message-nav {\n	margin: 0; \n	padding: 2px 10px 5px 10px; \n	border-bottom: 1px dashed #bfa6a4;\n}\n\n/* PM Message history */\n.current {\n	color: #999999;\n}\n\n/* Defined rules list for PM options */\nol.def-rules {\n	padding-left: 0;\n}\n\nol.def-rules li {\n	line-height: 180%;\n	padding: 1px;\n}\n\n/* PM marking colours */\n.pmlist li.bg1 {\n	border: solid 3px transparent;\n	border-width: 0 3px;\n}\n\n.pmlist li.bg2 {\n	border: solid 3px transparent;\n	border-width: 0 3px;\n}\n\n.pmlist li.pm_message_reported_colour, .pm_message_reported_colour {\n	border-left-color: #bcbcbc;\n	border-right-color: #bcbcbc;\n}\n\n.pmlist li.pm_marked_colour, .pm_marked_colour {\n	border: solid 3px #ffffff;\n	border-width: 0 3px;\n}\n\n.pmlist li.pm_replied_colour, .pm_replied_colour {\n	border: solid 3px #c2c2c2;\n	border-width: 0 3px;	\n}\n\n.pmlist li.pm_friend_colour, .pm_friend_colour {\n	border: solid 3px #bdbdbd;\n	border-width: 0 3px;\n}\n\n.pmlist li.pm_foe_colour, .pm_foe_colour {\n	border: solid 3px #000000;\n	border-width: 0 3px;\n}\n\n.pm-legend {\n	border-left-width: 10px;\n	border-left-style: solid;\n	border-right-width: 0;\n	margin-bottom: 3px;\n	padding-left: 3px;\n}\n\n/* Avatar gallery */\n#gallery label {\n	position: relative;\n	float: left;\n	margin: 10px;\n	padding: 5px;\n	width: auto;\n	background: #FFFFFF;\n	border: 1px solid #CCC;\n	text-align: center;\n}\n\n#gallery label:hover {\n	background-color: #EEE;\n}\n/* proSilver Form Styles\n---------------------------------------- */\n\n/* General form styles\n----------------------------------------*/\nfieldset {\n	border-width: 0;\n	font-family: Verdana, Helvetica, Arial, sans-serif;\n	font-size: 1.1em;\n}\n\ninput {\n	font-weight: normal;\n	cursor: pointer;\n	vertical-align: middle;\n	padding: 0 3px;\n	font-size: 1em;\n	font-family: Verdana, Helvetica, Arial, sans-serif;\n}\n\nselect {\n	font-family: Verdana, Helvetica, Arial, sans-serif;\n	font-weight: normal;\n	cursor: pointer;\n	vertical-align: middle;\n	border: 1px solid #666666;\n	padding: 1px;\n	background-color: #FAFAFA;\n}\n\noption {\n	padding-right: 1em;\n}\n\noption.disabled-option {\n	color: graytext;\n}\n\ntextarea {\n	font-family: \"Lucida Grande\", Verdana, Helvetica, Arial, sans-serif;\n	width: 60%;\n	padding: 2px;\n	font-size: 1em;\n	line-height: 1.4em;\n}\n\nlabel {\n	cursor: default;\n	padding-right: 5px;\n	color: #676767;\n}\n\nlabel input {\n	vertical-align: middle;\n}\n\nlabel img {\n	vertical-align: middle;\n}\n\n/* Definition list layout for forms\n---------------------------------------- */\nfieldset dl {\n	padding: 4px 0;\n}\n\nfieldset dt {\n	float: left;	\n	width: 40%;\n	text-align: left;\n	display: block;\n}\n\nfieldset dd {\n	margin-left: 41%;\n	vertical-align: top;\n	margin-bottom: 3px;\n}\n\n/* Specific layout 1 */\nfieldset.fields1 dt {\n	width: 15em;\n	border-right-width: 0;\n}\n\nfieldset.fields1 dd {\n	margin-left: 15em;\n	border-left-width: 0;\n}\n\nfieldset.fields1 {\n	background-color: transparent;\n}\n\nfieldset.fields1 div {\n	margin-bottom: 3px;\n}\n\n/* Specific layout 2 */\nfieldset.fields2 dt {\n	width: 15em;\n	border-right-width: 0;\n}\n\nfieldset.fields2 dd {\n	margin-left: 16em;\n	border-left-width: 0;\n}\n\n/* Form elements */\ndt label {\n	font-weight: bold;\n	text-align: left;\n}\n\ndd label {\n	white-space: nowrap;\n	color: #333;\n}\n\ndd input, dd textarea {\n	margin-right: 3px;\n}\n\ndd select {\n	width: auto;\n}\n\ndd textarea {\n	width: 85%;\n}\n\n/* Hover effects */\nfieldset dl:hover dt label {\n	color: #000000;\n}\n\nfieldset.fields2 dl:hover dt label {\n	color: inherit;\n}\n\n#timezone {\n	width: 95%;\n}\n\n* html #timezone {\n	width: 50%;\n}\n\n/* Quick-login on index page */\nfieldset.quick-login {\n	margin-top: 5px;\n}\n\nfieldset.quick-login input {\n	width: auto;\n}\n\nfieldset.quick-login input.inputbox {\n	width: 15%;\n	vertical-align: middle;\n	margin-right: 5px;\n	background-color: #f3f3f3;\n}\n\nfieldset.quick-login label {\n	white-space: nowrap;\n	padding-right: 2px;\n}\n\n/* Display options on viewtopic/viewforum pages  */\nfieldset.display-options {\n	text-align: center;\n	margin: 3px 0 5px 0;\n}\n\nfieldset.display-options label {\n	white-space: nowrap;\n	padding-right: 2px;\n}\n\nfieldset.display-options a {\n	margin-top: 3px;\n}\n\n/* Display actions for ucp and mcp pages */\nfieldset.display-actions {\n	text-align: right;\n	line-height: 2em;\n	white-space: nowrap;\n	padding-right: 1em;\n}\n\nfieldset.display-actions label {\n	white-space: nowrap;\n	padding-right: 2px;\n}\n\nfieldset.sort-options {\n	line-height: 2em;\n}\n\n/* MCP forum selection*/\nfieldset.forum-selection {\n	margin: 5px 0 3px 0;\n	float: right;\n}\n\nfieldset.forum-selection2 {\n	margin: 13px 0 3px 0;\n	float: right;\n}\n\n/* Jumpbox */\nfieldset.jumpbox {\n	text-align: right;\n	margin-top: 15px;\n	height: 2.5em;\n}\n\nfieldset.quickmod {\n	width: 50%;\n	float: right;\n	text-align: right;\n	height: 2.5em;\n}\n\n/* Submit button fieldset */\nfieldset.submit-buttons {\n	text-align: center;\n	vertical-align: middle;\n	margin: 5px 0;\n}\n\nfieldset.submit-buttons input {\n	vertical-align: middle;\n	padding-top: 3px;\n	padding-bottom: 3px;\n}\n\n/* Posting page styles\n----------------------------------------*/\n\n/* Buttons used in the editor */\n#format-buttons {\n	margin: 15px 0 2px 0;\n}\n\n#format-buttons input, #format-buttons select {\n	vertical-align: middle;\n}\n\n/* Main message box */\n#message-box {\n	width: 80%;\n}\n\n#message-box textarea {\n	font-family: \"Trebuchet MS\", Verdana, Helvetica, Arial, sans-serif;\n	width: 100%;\n	font-size: 1.2em;\n	color: #333333;\n}\n\n/* Emoticons panel */\n#smiley-box {\n	width: 18%;\n	float: right;\n}\n\n#smiley-box img {\n	margin: 3px;\n}\n\n/* Input field styles\n---------------------------------------- */\n.inputbox {\n	background-color: #FFFFFF;\n	border: 1px solid #c0c0c0;\n	color: #333333;\n	padding: 2px;\n	cursor: text;\n}\n\n.inputbox:hover {\n	border: 1px solid #eaeaea;\n}\n\n.inputbox:focus {\n	border: 1px solid #eaeaea;\n	color: #4b4b4b;\n}\n\ninput.inputbox	{ width: 85%; }\ninput.medium	{ width: 50%; }\ninput.narrow	{ width: 25%; }\ninput.tiny		{ width: 125px; }\n\ntextarea.inputbox {\n	width: 85%;\n}\n\n.autowidth {\n	width: auto !important;\n}\n\n/* Form button styles\n---------------------------------------- */\ninput.button1, input.button2 {\n	font-size: 1em;\n}\n\na.button1, input.button1, input.button3, a.button2, input.button2 {\n	width: auto !important;\n	padding-top: 1px;\n	padding-bottom: 1px;\n	font-family: \"Lucida Grande\", Verdana, Helvetica, Arial, sans-serif;\n	color: #000;\n	background: #FAFAFA none repeat-x top left;\n}\n\na.button1, input.button1 {\n	font-weight: bold;\n	border: 1px solid #666666;\n}\n\ninput.button3 {\n	padding: 0;\n	margin: 0;\n	line-height: 5px;\n	height: 12px;\n	background-image: none;\n	font-variant: small-caps;\n}\n\n/* Alternative button */\na.button2, input.button2, input.button3 {\n	border: 1px solid #666666;\n}\n\n/* <a> button in the style of the form buttons */\na.button1, a.button1:link, a.button1:visited, a.button1:active, a.button2, a.button2:link, a.button2:visited, a.button2:active {\n	text-decoration: none;\n	color: #000000;\n	padding: 2px 8px;\n	line-height: 250%;\n	vertical-align: text-bottom;\n	background-position: 0 1px;\n}\n\n/* Hover states */\na.button1:hover, input.button1:hover, a.button2:hover, input.button2:hover, input.button3:hover {\n	border: 1px solid #BCBCBC;\n	background-position: 0 100%;\n	color: #BCBCBC;\n}\n\ninput.disabled {\n	font-weight: normal;\n	color: #666666;\n}\n\n/* Topic and forum Search */\n.search-box {\n	margin-top: 3px;\n	margin-left: 5px;\n	float: left;\n}\n\n.search-box input {\n}\n\ninput.search {\n	background-image: none;\n	background-repeat: no-repeat;\n	background-position: left 1px;\n	padding-left: 17px;\n}\n\n.full { width: 95%; }\n.medium { width: 50%;}\n.narrow { width: 25%;}\n.tiny { width: 10%;}\n/* proSilver Style Sheet Tweaks\n\nThese style definitions are mainly IE specific \ntweaks required due to its poor CSS support.\n-------------------------------------------------*/\n\n* html table, * html select, * html input { font-size: 100%; }\n* html hr { margin: 0; }\n* html span.corners-top, * html span.corners-bottom { background-image: url(\"{T_THEME_PATH}/images/corners_left.gif\"); }\n* html span.corners-top span, * html span.corners-bottom span { background-image: url(\"{T_THEME_PATH}/images/corners_right.gif\"); }\n\ntable.table1 {\n	width: 99%;		/* IE < 6 browsers */\n	/* Tantek hack */\n	voice-family: \"\\\"}\\\"\";\n	voice-family: inherit;\n	width: 100%;\n}\nhtml>body table.table1 { width: 100%; }	/* Reset 100% for opera */\n\n* html ul.topiclist li { position: relative; }\n* html .postbody h3 img { vertical-align: middle; }\n\n/* Form styles */\nhtml>body dd label input { vertical-align: text-bottom; }	/* Align checkboxes/radio buttons nicely */\n\n* html input.button1, * html input.button2 {\n	padding-bottom: 0;\n	margin-bottom: 1px;\n}\n\n/* Misc layout styles */\n* html .column1, * html .column2 { width: 45%; }\n\n/* Nice method for clearing floated blocks without having to insert any extra markup (like spacer above)\n   From http://www.positioniseverything.net/easyclearing.html \n#tabs:after, #minitabs:after, .post:after, .navbar:after, fieldset dl:after, ul.topiclist dl:after, ul.linklist:after, dl.polls:after {\n	content: \".\"; \n	display: block; \n	height: 0; \n	clear: both; \n	visibility: hidden;\n}*/\n\n\n.navbar:after,#page-body:after,#search-box:after,.modules:after,.modules .inner:after, #page-footer .navbar:after,p.body_paragraph:after  {\n	content: \".\"; \n	display: block; \n	height: 0; \n	clear: both; \n	visibility: hidden;\n}\n\n.clearfix, #tabs, #minitabs, fieldset dl, ul.topiclist dl, dl.polls {\n	height: 1%;\n	overflow: hidden;\n}\n\n/* viewtopic fix */\n* html .post {\n	height: 25%;\n	overflow: hidden;\n}\n\n/* navbar fix */\n* html .clearfix, * html .navbar, ul.linklist {\n	height: 4%;\n	overflow: hidden;\n}\n\n/* Simple fix so forum and topic lists always have a min-height set, even in IE6\n	From http://www.dustindiaz.com/min-height-fast-hack */\ndl.icon {\n	min-height: 35px;\n	height: auto !important;\n	height: 35px;\n}\n\n* html li.row dl.icon dt {\n	height: 35px;\n	overflow: visible;\n}\n\n* html #search-box {\n	width: 25%;\n}\n\n/* Correctly clear floating for details on profile view */\n*:first-child+html dl.details dd {\n	margin-left: 30%;\n	float: none;\n}\n\n* html dl.details dd {\n	margin-left: 30%;\n	float: none;\n}\n\n* html .forumbg table.table1 {\n	margin: 0 -2px 0px -1px;\n}\n/*  	\n--------------------------------------------------------------\nColours and backgrounds for common.css\n-------------------------------------------------------------- */\n\nhtml, body {\n	color: #7e6057;\n	background-color: #FFFFFF;\n}\n\nh1 {\n	color: #FFFFFF;\n}\n\nh2 {\n	color: #3f2e28;\n}\n\nh3 {\n	border-bottom-color: #CCCCCC;\n	color: #982811;\n}\n\nhr {\n	border-color: #FFFFFF;\n	border-top-color: #CCCCCC;\n}\n\nhr.dashed {\n	border-top-color: #CCCCCC;\n}\n\n/* Search box\n--------------------------------------------- */\n\n#search-box {\n	color: #FFFFFF;\n}\n\n#search-box #keywords {\n	background-color: #FFF;\n}\n\n#search-box input {\n	border-color: #b00006;\n}\n\n/* Round cornered boxes and backgrounds\n---------------------------------------- */\n.headerbar {\n	background-color: #eb121a;\n	background-image: url(\"{T_THEME_PATH}/images/bg_header.gif\");\n	color: #FFFFFF;\n}\n\n.navbar {\n	background-color: #ebcdca;\n}\n\n.forabg {\n	background-color: #b10006;\n	background-image: url(\"{T_THEME_PATH}/images/bg_list.gif\");\n}\n\n.forumbg {\n	background-color: #eb121a;\n	background-image: url(\"{T_THEME_PATH}/images/bg_header.gif\");\n}\n\n.panel {\n	background-color: #f3eced;\n	color: #3f2e28;\n}\n\n.post:target .content {\n	color: #000000;\n}\n\n.post:target h3 a {\n	color: #000000;\n}\n\n.bg1	{ background-color: #f7ecec; }\n.bg2	{ background-color: #f2e2e1;  }\n.bg3	{ background-color: #ebcdca; }\n\n.ucprowbg {\n	background-color: #e1dedd;\n}\n\n.fieldsbg {\n	background-color: #eae8e7;\n}\n\nspan.corners-top {\n	background-image: url(\"{T_THEME_PATH}/images/corners_left.png\");\n}\n\nspan.corners-top span {\n	background-image: url(\"{T_THEME_PATH}/images/corners_right.png\");\n}\n\nspan.corners-bottom {\n	background-image: url(\"{T_THEME_PATH}/images/corners_left.png\");\n}\n\nspan.corners-bottom span {\n	background-image: url(\"{T_THEME_PATH}/images/corners_right.png\");\n}\n\n/* Horizontal lists\n----------------------------------------*/\n\nul.navlinks {\n	border-bottom-color: #FFFFFF;\n}\n\n/* Table styles\n----------------------------------------*/\ntable.table1 thead th {\n	color: #FFFFFF;\n}\n\ntable.table1 tbody tr {\n	border-color: #c6c4c8;\n}\n\ntable.table1 tbody tr:hover, table.table1 tbody tr.hover {\n	background-color: #f6d6cf;\n	color: #000;\n}\n\ntable.table1 td {\n	color: #7e6057;\n}\n\ntable.table1 tbody td {\n	border-top-color: #FAFAFA;\n}\n\ntable.table1 tbody th {\n	border-bottom-color: #000000;\n	color: #333333;\n	background-color: #FFFFFF;\n}\n\ntable.info tbody th {\n	color: #000000;\n}\n\n/* Misc layout styles\n---------------------------------------- */\ndl.details dt {\n	color: #000000;\n}\n\ndl.details dd {\n	color: #7e6057;\n}\n\n.sep {\n	color: #d91119;\n}\n\n/* Pagination\n---------------------------------------- */\n\n.pagination span strong {\n	color: #FFFFFF;\n	background-color: #bf4746;\n	border-color: #bf4746;\n}\n\n.pagination span a, .pagination span a:link, .pagination span a:visited, .pagination span a:active {\n	color: #8c615c;\n	background-color: #eeecec;\n	border-color: #c0b6b4;\n}\n\n.pagination span a:hover {\n	border-color: #d24536;\n	background-color: #d24536;\n	color: #FFF;\n}\n\n/* Pagination in viewforum for multipage topics */\n.row .pagination {\n	background-image: url(\"{T_THEME_PATH}/images/icon_pages.gif\");\n}\n\n.row .pagination span a, li.pagination span a {\n	background-color: #FFFFFF;\n}\n\n.row .pagination span a:hover, li.pagination span a:hover {\n	background-color: #d24536;\n}\n\n/* Miscellaneous styles\n---------------------------------------- */\n\n.copyright {\n	color: #555555;\n}\n\n.error {\n	color: #BC2A4D;\n}\n\n.reported {\n	background-color: #F7ECEF;\n}\n\nli.reported:hover {\n	background-color: #ECD5D8 !important;\n}\n.sticky, .announce {\n	/* you can add a background for stickies and announcements*/\n}\n\ndiv.rules {\n	background-color: #ECD5D8;\n	color: #BC2A4D;\n}\n\np.rules {\n	background-color: #ECD5D8;\n	background-image: none;\n}\n\n/*  	\n--------------------------------------------------------------\nColours and backgrounds for links.css\n-------------------------------------------------------------- */\n\na:link	{ color: #891b10; }\na:visited	{ color: #891b10; }\na:hover	{ color: #D31141; }\na:active	{ color: #d24536; }\n\n/* Links on gradient backgrounds */\n#search-box a:link, .navbg a:link, .forumbg .header a:link, .forabg .header a:link, th a:link {\n	color: #FFFFFF;\n}\n\n#search-box a:visited, .navbg a:visited, .forumbg .header a:visited, .forabg .header a:visited, th a:visited {\n	color: #FFFFFF;\n}\n\n#search-box a:hover, .navbg a:hover, .forumbg .header a:hover, .forabg .header a:hover, th a:hover {\n	color: #ffafa8;\n}\n\n#search-box a:active, .navbg a:active, .forumbg .header a:active, .forabg .header a:active, th a:active {\n	color: #ffcdc8;\n}\n\n/* Links for forum/topic lists */\na.forumtitle {\n	color: #891b10;\n}\n\n/* a.forumtitle:visited { color: #891b10; } */\n\na.forumtitle:hover {\n	color: #BC2A4D;\n}\n\na.forumtitle:active {\n	color: #891b10;\n}\n\na.topictitle {\n	color: #891b10;\n}\n\n/* a.topictitle:visited { color: #d24536; } */\n\na.topictitle:hover {\n	color: #BC2A4D;\n}\n\na.topictitle:active {\n	color: #891b10;\n}\n\n/* Post body links */\n.postlink {\n	color: #d24536;\n	border-bottom-color: #d24536;\n}\n\n.postlink:visited {\n	color: #bd685d;\n	border-bottom-color: #666666;\n}\n\n.postlink:active {\n	color: #d24536;\n}\n\n.postlink:hover {\n	background-color: #f6d4d0;\n	color: #73170d;\n}\n\n.signature a, .signature a:visited, .signature a:active, .signature a:hover {\n	background-color: transparent;\n}\n\n/* Profile links */\n.postprofile a:link, .postprofile a:active, .postprofile a:visited, .postprofile dt.author a {\n	color: #891b10;\n}\n\n.postprofile a:hover, .postprofile dt.author a:hover {\n	color: #D31141;\n}\n\n/* Profile searchresults */	\n.search .postprofile a {\n	color: #891b10;\n}\n\n.search .postprofile a:hover {\n	color: #D31141;\n}\n\n/* Back to top of page */\na.top {\n	background-image: url(\"{IMG_ICON_BACK_TOP_SRC}\");\n}\n\na.top2 {\n	background-image: url(\"{IMG_ICON_BACK_TOP_SRC}\");\n}\n\n/* Arrow links  */\na.up		{ background-image: url(\"{T_THEME_PATH}/images/arrow_up.gif\") }\na.down		{ background-image: url(\"{T_THEME_PATH}/images/arrow_down.gif\") }\na.left		{ background-image: url(\"{T_THEME_PATH}/images/arrow_left.gif\") }\na.right		{ background-image: url(\"{T_THEME_PATH}/images/arrow_right.gif\") }\n\na.up:hover {\n	background-color: transparent;\n}\n\na.left:hover {\n	color: #d24536;\n}\n\na.right:hover {\n	color: #d24536;\n}\n\n\n/*  	\n--------------------------------------------------------------\nColours and backgrounds for content.css\n-------------------------------------------------------------- */\n\nul.forums {\n	background-color: #f9eeee;\n	background-image: url(\"{T_THEME_PATH}/images/gradient.gif\");\n}\n\nul.topiclist li {\n	color: #77564c;\n}\n\nul.topiclist dd {\n	border-left-color: #FFFFFF;\n}\n\n.rtl ul.topiclist dd {\n	border-right-color: #fff;\n	border-left-color: transparent;\n}\n\nul.topiclist li.row dt a.subforum.read {\n	background-image: url(\"{IMG_SUBFORUM_READ_SRC}\");\n}\n\nul.topiclist li.row dt a.subforum.unread {\n	background-image: url(\"{IMG_SUBFORUM_UNREAD_SRC}\");\n}\n\nli.row {\n	border-top-color:  #FFFFFF;\n	border-bottom-color: #8f0005;\n}\n\nli.row strong {\n	color: #000000;\n}\n\nli.row:hover {\n	background-color: #f6d9d0;\n}\n\nli.row:hover dd {\n	border-left-color: #CCCCCC;\n}\n\n.rtl li.row:hover dd {\n	border-right-color: #CCCCCC;\n	border-left-color: transparent;\n}\n\nli.header dt, li.header dd {\n	color: #FFFFFF;\n}\n\n/* Forum list column styles */\nul.topiclist dd.searchextra {\n	color: #333333;\n}\n\n/* Post body styles\n----------------------------------------*/\n.postbody {\n	color: #333333;\n}\n\n/* Content container styles\n----------------------------------------*/\n.content {\n	color: #333333;\n}\n\n.content h2, .panel h2 {\n	color: #982811;\n	border-bottom-color:  #CCCCCC;\n}\n\ndl.faq dt {\n	color: #333333;\n}\n\n.posthilit {\n	background-color: #F3BFCC;\n	color: #BC2A4D;\n}\n\n/* Post signature */\n.signature {\n	border-top-color: #CCCCCC;\n}\n\n/* Post noticies */\n.notice {\n	border-top-color:  #CCCCCC;\n}\n\n/* BB Code styles\n----------------------------------------*/\n/* Quote block */\nblockquote {\n	background-color: #ebe0dd;\n	background-image: url(\"{T_THEME_PATH}/images/quote.gif\");\n	border-color:#dbd3ce;\n}\n\n.rtl blockquote {\n	background-image: url(\"{T_THEME_PATH}/images/quote_rtl.gif\");\n}\n\nblockquote blockquote {\n	/* Nested quotes */\n	background-color:#efdfd9;\n}\n\nblockquote blockquote blockquote {\n	/* Nested quotes */\n	background-color: #ebe0dd;\n}\n\n/* Code block */\ndl.codebox {\n	background-color: #FFFFFF;\n	border-color: #d8cac9;\n}\n\ndl.codebox dt {\n	border-bottom-color:  #CCCCCC;\n}\n\ndl.codebox code {\n	color: #2E8B57;\n}\n\n.syntaxbg		{ color: #FFFFFF; }\n.syntaxcomment	{ color: #ff0055; }\n.syntaxdefault	{ color: #251896; }\n.syntaxhtml		{ color: #000000; }\n.syntaxkeyword	{ color: #007700; }\n.syntaxstring	{ color: #dd0030; }\n\n/* Attachments\n----------------------------------------*/\n.attachbox {\n	background-color: #FFFFFF;\n	border-color:  #d8cac9;\n}\n\n.pm-message .attachbox {\n	background-color: #f3f2f2;\n}\n\n.attachbox dd {\n	border-top-color: #d8cac9;\n}\n\n.attachbox p {\n	color: #666666;\n}\n\n.attachbox p.stats {\n	color: #666666;\n}\n\n.attach-image img {\n	border-color: #999999;\n}\n\n/* Inline image thumbnails */\n\ndl.file dd {\n	color: #666666;\n}\n\ndl.thumbnail img {\n	border-color: #666666;\n	background-color: #FFFFFF;\n}\n\ndl.thumbnail dd {\n	color: #666666;\n}\n\ndl.thumbnail dt a:hover {\n	background-color: #EEEEEE;\n}\n\ndl.thumbnail dt a:hover img {\n	border-color: #d24536;\n}\n\n/* Post poll styles\n----------------------------------------*/\n\nfieldset.polls dl {\n	border-top-color: #e1dedd;\n	color: #666666;\n}\n\nfieldset.polls dl.voted {\n	color: #000000;\n}\n\nfieldset.polls dd div {\n	color: #FFFFFF;\n}\n\n.rtl .pollbar1, .rtl .pollbar2, .rtl .pollbar3, .rtl .pollbar4, .rtl .pollbar5 {\n	border-right-color: transparent;\n}\n\n.pollbar1 {\n	background-color: #AA2346;\n	border-bottom-color: #74162C;\n	border-right-color: #74162C;\n}\n\n.rtl .pollbar1 {\n	border-left-color: #74162C;\n}\n\n.pollbar2 {\n	background-color: #BE1E4A;\n	border-bottom-color: #8C1C38;\n	border-right-color: #8C1C38;\n}\n\n.rtl .pollbar2 {\n	border-left-color: #8C1C38;\n}\n\n.pollbar3 {\n	background-color: #D11A4E;\n	border-bottom-color: #AA2346;\n	border-right-color: #AA2346;\n}\n\n.rtl .pollbar3 {\n	border-left-color: #AA2346;\n}\n\n.pollbar4 {\n	background-color: #E41653;\n	border-bottom-color: #BE1E4A;\n	border-right-color: #BE1E4A;\n}\n\n.rtl .pollbar4 {\n	border-left-color: #BE1E4A;\n}\n\n.pollbar5 {\n	background-color: #F81157;\n	border-bottom-color: #D11A4E;\n	border-right-color: #D11A4E;\n}\n\n.rtl .pollbar5 {\n	border-left-color: #D11A4E;\n}\n\n/* Poster profile block\n----------------------------------------*/\n.postprofile {\n	color: #666666;\n	border-left-color: #FFFFFF;\n}\n\n.rtl .postprofile {\n	border-right-color: #FFFFFF;\n	border-left-color: transparent;\n}\n\n.pm .postprofile {\n	border-left-color: #DDDDDD;\n}\n\n.rtl .pm .postprofile {\n	border-right-color: #DDDDDD;\n	border-left-color: transparent;\n}\n\n.postprofile strong {\n	color: #000000;\n}\n\n.online {\n	background-image: url(\"{T_IMAGESET_LANG_PATH}/icon_user_online.png\");\n}\n\n/*  	\n--------------------------------------------------------------\nColours and backgrounds for buttons.css\n-------------------------------------------------------------- */\n\n/* Big button images */\n.reply-icon span	{ background-image: url(\"{IMG_BUTTON_TOPIC_REPLY_SRC}\"); }\n.post-icon span		{ background-image: url(\"{IMG_BUTTON_TOPIC_NEW_SRC}\"); }\n.locked-icon span	{ background-image: url(\"{IMG_BUTTON_TOPIC_LOCKED_SRC}\"); }\n.pmreply-icon span	{ background-image: url(\"{IMG_BUTTON_PM_REPLY_SRC}\") ;}\n.newpm-icon span 	{ background-image: url(\"{IMG_BUTTON_PM_NEW_SRC}\") ;}\n.forwardpm-icon span	{ background-image: url(\"{IMG_BUTTON_PM_FORWARD_SRC}\") ;}\n\na.print {\n	background-image: url(\"{T_THEME_PATH}/images/icon_print.gif\");\n}\n\na.sendemail {\n	background-image: url(\"{T_THEME_PATH}/images/icon_sendemail.gif\");\n}\n\na.fontsize {\n	background-image: url(\"{T_THEME_PATH}/images/icon_fontsize.gif\");\n}\n\n/* Icon images\n---------------------------------------- */\n.sitehome						{ background-image: url(\"{T_THEME_PATH}/images/icon_home.gif\"); }\n.icon-faq						{ background-image: url(\"{T_THEME_PATH}/images/icon_faq.gif\"); }\n.icon-members					{ background-image: url(\"{T_THEME_PATH}/images/icon_members.gif\"); }\n.icon-home						{ background-image: url(\"{T_THEME_PATH}/images/icon_home.gif\"); }\n.icon-ucp						{ background-image: url(\"{T_THEME_PATH}/images/icon_ucp.gif\"); }\n.icon-register					{ background-image: url(\"{T_THEME_PATH}/images/icon_register.gif\"); }\n.icon-logout					{ background-image: url(\"{T_THEME_PATH}/images/icon_logout.gif\"); }\n.icon-bookmark					{ background-image: url(\"{T_THEME_PATH}/images/icon_bookmark.gif\"); }\n.icon-bump						{ background-image: url(\"{T_THEME_PATH}/images/icon_bump.gif\"); }\n.icon-subscribe					{ background-image: url(\"{T_THEME_PATH}/images/icon_subscribe.gif\"); }\n.icon-unsubscribe				{ background-image: url(\"{T_THEME_PATH}/images/icon_unsubscribe.gif\"); }\n.icon-pages						{ background-image: url(\"{T_THEME_PATH}/images/icon_pages.gif\"); }\n.icon-search					{ background-image: url(\"{T_THEME_PATH}/images/icon_search.gif\"); }\n\n/* Profile & navigation icons */\n.email-icon, .email-icon a		{ background-image: url(\"{IMG_ICON_CONTACT_EMAIL_SRC}\"); }\n.aim-icon, .aim-icon a			{ background-image: url(\"{IMG_ICON_CONTACT_AIM_SRC}\"); }\n.yahoo-icon, .yahoo-icon a		{ background-image: url(\"{IMG_ICON_CONTACT_YAHOO_SRC}\"); }\n.web-icon, .web-icon a			{ background-image: url(\"{IMG_ICON_CONTACT_WWW_SRC}\"); }\n.msnm-icon, .msnm-icon a			{ background-image: url(\"{IMG_ICON_CONTACT_MSNM_SRC}\"); }\n.icq-icon, .icq-icon a			{ background-image: url(\"{IMG_ICON_CONTACT_ICQ_SRC}\"); }\n.jabber-icon, .jabber-icon a		{ background-image: url(\"{IMG_ICON_CONTACT_JABBER_SRC}\"); }\n.pm-icon, .pm-icon a				{ background-image: url(\"{IMG_ICON_CONTACT_PM_SRC}\"); }\n.quote-icon, .quote-icon a		{ background-image: url(\"{IMG_ICON_POST_QUOTE_SRC}\"); }\n\n/* Moderator icons */\n.report-icon, .report-icon a		{ background-image: url(\"{IMG_ICON_POST_REPORT_SRC}\"); }\n.edit-icon, .edit-icon a			{ background-image: url(\"{IMG_ICON_POST_EDIT_SRC}\"); }\n.delete-icon, .delete-icon a		{ background-image: url(\"{IMG_ICON_POST_DELETE_SRC}\"); }\n.info-icon, .info-icon a			{ background-image: url(\"{IMG_ICON_POST_INFO_SRC}\"); }\n.warn-icon, .warn-icon a			{ background-image: url(\"{IMG_ICON_USER_WARN_SRC}\"); } /* Need updated warn icon */\n\n/*  	\n--------------------------------------------------------------\nColours and backgrounds for cp.css\n-------------------------------------------------------------- */\n\n/* Main CP box\n----------------------------------------*/\n\n#cp-main h3, #cp-main hr, #cp-menu hr {\n	border-color: #bfa6a4;\n}\n\n#cp-main .panel li.row {\n	border-bottom-color: #cbb7b5;\n	border-top-color: #F9F9F9;\n}\n\nul.cplist {\n	border-top-color: #cbb7b5;\n}\n\n#cp-main .panel li.header dd, #cp-main .panel li.header dt {\n	color: #000000;\n}\n\n#cp-main table.table1 thead th {\n	color: #333333;\n	border-bottom-color: #333333;\n}\n\n#cp-main .pm-message {\n	border-color: #e2dcdb;\n	background-color: #FFFFFF;\n}\n\n/* CP tabbed menu\n----------------------------------------*/\n#tabs a {\n	background-image: url(\"{T_THEME_PATH}/images/bg_tabs1.gif\");\n}\n\n#tabs a span {\n	background-image: url(\"{T_THEME_PATH}/images/bg_tabs2.gif\");\n	color: #7e6057;\n}\n\n#tabs a:hover span {\n	color: #BC2A4D;\n}\n\n#tabs .activetab a {\n	border-bottom-color: #ebcdca;\n}\n\n#tabs .activetab a span {\n	color: #333333;\n}\n\n#tabs .activetab a:hover span {\n	color: #000000;\n}\n\n/* Mini tabbed menu used in MCP\n----------------------------------------*/\n#minitabs li {\n	background-color: #f2e2e1;\n}\n\n#minitabs li.activetab {\n	background-color: #F9F9F9;\n}\n\n#minitabs li.activetab a, #minitabs li.activetab a:hover {\n	color: #333333;\n}\n\n/* UCP navigation menu\n----------------------------------------*/\n\n/* Link styles for the sub-section links */\n#navigation a {\n	color: #333;\n	background-color: #cfb4b2;\n	background-image: url(\"{T_THEME_PATH}/images/bg_menu.gif\");\n}\n\n.rtl #navigation a {\n	background-image: url(\"{T_THEME_PATH}/images/bg_menu_rtl.gif\");\n	background-position: 0 100%;\n}\n\n#navigation a:hover {\n	background-image: none;\n	background-color: #c6acaa;\n	color: #BC2A4D;\n}\n\n#navigation #active-subsection a {\n	color: #D31141;\n	background-color: #F9F9F9;\n	background-image: none;\n}\n\n#navigation #active-subsection a:hover {\n	color: #D31141;\n}\n\n/* Preferences pane layout\n----------------------------------------*/\n#cp-main h2 {\n	color: #333333;\n}\n\n#cp-main .panel {\n	background-color: #F9F9F9;\n}\n\n#cp-main .pm {\n	background-color: #FFFFFF;\n}\n\n#cp-main span.corners-top, #cp-menu span.corners-top {\n	background-image: url(\"{T_THEME_PATH}/images/corners_left2.gif\");\n}\n\n#cp-main span.corners-top span, #cp-menu span.corners-top span {\n	background-image: url(\"{T_THEME_PATH}/images/corners_right2.gif\");\n}\n\n#cp-main span.corners-bottom, #cp-menu span.corners-bottom {\n	background-image: url(\"{T_THEME_PATH}/images/corners_left2.gif\");\n}\n\n#cp-main span.corners-bottom span, #cp-menu span.corners-bottom span {\n	background-image: url(\"{T_THEME_PATH}/images/corners_right2.gif\");\n}\n\n/* Topicreview */\n#cp-main .panel #topicreview span.corners-top, #cp-menu .panel #topicreview span.corners-top {\n	background-image: url(\"{T_THEME_PATH}/images/corners_left.gif\");\n}\n\n#cp-main .panel #topicreview span.corners-top span, #cp-menu .panel #topicreview span.corners-top span {\n	background-image: url(\"{T_THEME_PATH}/images/corners_right.gif\");\n}\n\n#cp-main .panel #topicreview span.corners-bottom, #cp-menu .panel #topicreview span.corners-bottom {\n	background-image: url(\"{T_THEME_PATH}/images/corners_left.gif\");\n}\n\n#cp-main .panel #topicreview span.corners-bottom span, #cp-menu .panel #topicreview span.corners-bottom span {\n	background-image: url(\"{T_THEME_PATH}/images/corners_right.gif\");\n}\n\n/* Friends list */\n.cp-mini {\n	background-color: #f9eeee;\n}\n\ndl.mini dt {\n	color: #654c44;\n}\n\n/* PM Styles\n----------------------------------------*/\n/* PM Message history */\n.current {\n	color: #000000 !important;\n}\n\n/* PM panel adjustments */\n.pm-panel-header,\n#cp-main .pm-message-nav {\n	border-bottom-color: #bfa6a4;\n}\n\n/* PM marking colours */\n.pmlist li.pm_message_reported_colour, .pm_message_reported_colour {\n	border-left-color: #BC2A4D;\n	border-right-color: #BC2A4D;\n}\n\n.pmlist li.pm_marked_colour, .pm_marked_colour {\n	border-color: #ff006f;\n}\n\n.pmlist li.pm_replied_colour, .pm_replied_colour {\n	border-color: #c2aaa9;\n}\n\n.pmlist li.pm_friend_colour, .pm_friend_colour {\n	border-color: #bd685d;\n}\n\n.pmlist li.pm_foe_colour, .pm_foe_colour {\n	border-color: #000000;\n}\n\n/* Avatar gallery */\n#gallery label {\n	background-color: #FFFFFF;\n	border-color: #CCC;\n}\n\n#gallery label:hover {\n	background-color: #EEE;\n}\n\n/*  	\n--------------------------------------------------------------\nColours and backgrounds for forms.css\n-------------------------------------------------------------- */\n\n/* General form styles\n----------------------------------------*/\nselect {\n	border-color: #666666;\n	background-color: #FAFAFA;\n	color: #000;\n}\n\nlabel {\n	color: #654c44;\n}\n\noption.disabled-option {\n	color: graytext;\n}\n\n/* Definition list layout for forms\n---------------------------------------- */\ndd label {\n	color: #333;\n}\n\n/* Hover effects */\nfieldset dl:hover dt label {\n	color: #000000;\n}\n\nfieldset.fields2 dl:hover dt label {\n	color: inherit;\n}\n\n/* Quick-login on index page */\nfieldset.quick-login input.inputbox {\n	background-color: #f3f2f2;\n}\n\n/* Posting page styles\n----------------------------------------*/\n\n#message-box textarea {\n	color: #333333;\n}\n\n/* Input field styles\n---------------------------------------- */\n.inputbox {\n	background-color: #FFFFFF; \n	border-color: #c0b6b4;\n	color: #333333;\n}\n\n.inputbox:hover {\n	border-color: #ea111a;\n}\n\n.inputbox:focus {\n	border-color: #ea111a;\n	color: #87210f;\n}\n\n/* Form button styles\n---------------------------------------- */\n\na.button1, input.button1, input.button3, a.button2, input.button2 {\n	color: #000;\n	background-color: #FAFAFA;\n	background-image: url(\"{T_THEME_PATH}/images/bg_button.gif\");\n}\n\na.button1, input.button1 {\n	border-color: #666666;\n}\n\ninput.button3 {\n	background-image: none;\n}\n\n/* Alternative button */\na.button2, input.button2, input.button3 {\n	border-color: #666666;\n}\n\n/* <a> button in the style of the form buttons */\na.button1, a.button1:link, a.button1:visited, a.button1:active, a.button2, a.button2:link, a.button2:visited, a.button2:active {\n	color: #000000;\n}\n\n/* Hover states */\na.button1:hover, input.button1:hover, a.button2:hover, input.button2:hover, input.button3:hover {\n	border-color: #BC2A4D;\n	color: #BC2A4D;\n}\n\ninput.search {\n	background-image: url(\"{T_THEME_PATH}/images/icon_textbox_search.gif\");\n}\n\ninput.disabled {\n	color: #666666;\n}\n/*  Forum Body and general parts */\n\nbody,html {\n    margin: 0px;\n    padding: 0px;\n    height: 100%;\n    font-family:Helvetica,Arial,sans-serif;\n}\n\np.body_paragraph {\n    padding-top: 5px;\n    margin-bottom: 7px;\n}\n\n.panel {\n    background-color: transparent;\n}\n\n#search-box #keywords {\n    clear: both;\n}\n\n#search-box {\n    margin:-2px 4px 0 0;\n    padding: 0px;\n}\n\nul.linklist {\n    clear: both;\n}\n\n#site-description {\n    width:auto;\n}\n\n.cplist li.row dl.icon dt {\npadding-left: 45px !important;\n}\n\n#wrap {\n    margin: 0px;\n    padding: 0px;\n    height: 100%;\n}\n\n#logo {\n    padding: 0px 0px 0px 0px;\n    width: 177px;\n    height: 46px;\n    margin-top: 27px;\n    \n}\n\n.redirect dt {\n    margin-left: 8px;\n    margin-top:3px;\n    width: 73% !important;\n}\n\n.forabg, .forumbg {\n   margin-left: -10px;\n   margin-right: -10px;\n   padding: 0px;\n   background: none;\n}\n\nul.forums, ul.topics {\n   background: none;\n}\n\n\nli.header dl.icon {\n    min-height:26px;\n    padding-top:5px;\n}\n\nli.header dl.icon dt{\n    padding-left:10px;\n    padding-right:46px;\n\n}\n\nli.header dt, li.header dd  {\n    text-transform: none;\n    font-size: 120%;\n    font-weight: bold;\n}\n\n\n\n.navbar .inner,#page-body,.headerbar .inner,.modules .inner,.solo_inner {\n     margin: 0px auto;\n     padding-left: 10px;\n     padding-right: 10px;\n}\n\n\n.headerbar .inner {\n    padding: 0px;\n}\n\n#page-body {\n    padding-top: 5px;\n    padding-bottom: 18px;\n}\n\n\n\n.headerbar,.navbar {\n    clear: both;\n    display: block;\n    margin: 0px;\n    padding: 0px;\n}\n\n.headerbar {\n    min-height: 69px;\n}\n\n\nul.topiclist li.row dl {\n    padding:0px;\n\n}\n\nul.topiclist dt {\n    width:68%;\n}\nli.row dd {\n    padding:10px 0;\n}\n\nli.row dt {\n    padding:7px 0;\n}\n\ndd.lastpost {\n    width:17%;\n}\n\n.topic_icon  {\nbackground-position:98% 50%;\n}\n\n.lastpost_img {\n   display: block;\n   float: left;\n   padding-right:3px;\n   padding-top:4px;\n   padding-left:3px;\n\n}\n\n\n/*  Titles and Headers */\n\n\nh3 {\n    border: 0px none;\n    font-size:150%;\n    line-height:2em;\n    padding-left:27px;\n    text-transform:none;\n    margin-top: 0px;\n}\n\nh2,.postbody h3,#cp-main h2  {\n    border: 0px none;\n    line-height:2em;\n    padding-left:27px;\n    text-transform:none;\n}\n.content h2, .panel h2 {\n    padding-top:4px;\n}\n\n\n/*  Bottom modules */\n.w33 {\n    width: 33%;\n    display: block;\n    float: left;\n}\n\n.w49 {\n    width: 49%;\n    display: block;\n    float: left;\n}\n\n.modules h3 {\n    background: none;\n    margin-top:-29px !important;\n    padding:0 0 11px;\n    position: relative;\n    z-index: 200;\n    \n}\n\n.modules {\n    display: block;\n    clear: both;\n}\n\n.copyright {\n    clear: both;\n}\n\n#page-footer .navbar  {\n    display: block;\n    height: 29px;\n    line-height: 29px;\n}\n\n/*  Post */\n\n.post {\n    margin-left: -10px;\n    margin-right: -10px;\n    background-color: transparent;\n    padding-bottom: 6px;\n    margin-bottom: 15px;\n}\n\n\n.postprofile {\n        font-size: 120%;\n	border-left: none;\n	float: left;\n        min-height:196px;\n}\n\n.online .postprofile {\n    margin-top:34px;\n}\n\n.postprofile dd strong{\n    font-weight: bold;\n}\n\n.online {\n    background-position:0 0;\n}\n\n.postbody {\n    float: right;\n}\n\n.postbody ul.profile-icons {\n    margin-top:9px;\n}\n\n\n/*  Top Icons */\nul.top_icons {\n    display: block;\n    padding-top:6px;\n    float: right;\n}\n\nul.top_icons li {\n    float:left;\n    list-style:none outside none;\n    position:relative;\n    margin-right:11px;\n    font-size: 110%;        \n\n}\n\nul.top_icons li a {\n    padding-top:34px;\n    height: 18px;\n    display: block;\n}\n\n.top_icons li a:hover  {\n  text-decoration: none;\n   \n}\n.top_icons li.faq a {\n     padding-right:4px;\n     padding-left:4px;\n}\n\n.separator {\n    width: 2px;\n    height: 52px;\n}\n.level2 {\nleft:auto;\npadding:3px 0px 3px 3px;\nposition:absolute;\ntop:-999em;\nwidth:100px;\ndisplay: block;\nbackground: transparent url(\"{T_THEME_PATH}/images/pixel.png\");\nborder: 1px solid #EBEBEB;\nz-index: 1000;\nfont-size: 90%;\n}\n.top_icons li.styles:hover .level2{\nleft : 0;\ntop: 49px;\n}\n\n.level2 li {\n    float: none !important;\n    padding-left: 5px;\n} \n\n.level2 li a {\n    background: none !important;\n    height: auto !important;\n    padding: 4px 0px 4px 0px !important;\n    color: #77564c !important;\n    text-shadow:  none;\n    font-weight: bold;\n}\n.top_icons li.styles a {\n        background: transparent url(\"{T_THEME_PATH}/images/icons/icon_styles.png\") 50% -53px no-repeat;\n}\n\n\n\n/*  Submenu */\nul.submenu {\n    display: block;\n    line-height: 29px;\n}\n\n#page-header .navbar .inner {\n    height: 29px;\n}\n\nul.submenu li {\n    float:left;\n    list-style:none outside none;\n    position:relative;\n    margin-right: 10px;\n    font-size: 110%;\n}\n.separator2 {\n    width: 2px;\n    height: 14px;\n    margin-top:8px;\n    \n}\n\n\n/*  Pathway */\n#pathway {\n    margin-left: -10px;\n    margin-right: -10px;\n   line-height: 31px;\n   margin-bottom: 5px;\n   display: block;\n   padding-left: 10px;\n   font-size: 110%;\n    height: 31px;\n}\n\n#pathway a.home {\n  padding-left:26px;\n  display: block;\n  float: left;\n}\n\n#pathway .navlinks {\n    display: block;\n    float: left;\n}\n\n\n\n\n/*  Forum */\nli.row dd.topics {\n    padding-bottom:10px;\n\n}\n\ndd.lastpost {\n    line-height:1.2;\n}\n\n/*  Post count */\n.posts_container {\n    display: block;\n    float: left;\n    margin-left: 5px !important;\n    width:49px !important;\n    text-align: center !important;\n    margin-top: 6px !important;\n    margin-right: 3px !important;\n    padding: 0px !important;\n}\n\n.forumbg .posts_container {\n    margin-right: 4px !important;\n    padding-right: 8px !important;\n}\n\n.forumbg li.header dl.icon dt {\npadding-right:53px;\n}\n\n.post_count {\n    font-size: 19px;\n    font-weight: bold;\n    letter-spacing:-1px;\n}\n\n.post_desc {\n    text-transform: uppercase;\n    font-weight: bold;\n    font-size: 10px;\n\n}\n\n\n/* Icon images\n---------------------------------------- */\n.sitehome						{ background-image: url(\"{T_THEME_PATH}/images/icon_home.png\"); }\n.icon-faq						{ background-image: url(\"{T_THEME_PATH}/images/icon_faq.png\"); }\n.icon-members					{ background-image: url(\"{T_THEME_PATH}/images/icon_members.png\"); }\n.icon-home					{ background-image: url(\"{T_THEME_PATH}/images/icon_home.png\"); padding:5px 0 0 24px; }\n.icon-ucp						{ background-image: url(\"{T_THEME_PATH}/images/icon_ucp.png\"); }\n.icon-register					{ background-image: url(\"{T_THEME_PATH}/images/icon_register.png\"); }\n.icon-logout					{ background-image: url(\"{T_THEME_PATH}/images/icon_logout.png\"); }\n.icon-bookmark					{ background-image: url(\"{T_THEME_PATH}/images/icon_bookmark.png\"); }\n.icon-bump						{ background-image: url(\"{T_THEME_PATH}/images/icon_bump.png\"); }\n.icon-subscribe					{ background-image: url(\"{T_THEME_PATH}/images/icon_subscribe.png\"); }\n.icon-unsubscribe				{ background-image: url(\"{T_THEME_PATH}/images/icon_unsubscribe.png\"); }\n.icon-pages						{ background-image: url(\"{T_THEME_PATH}/images/icon_pages.png\"); }\n.icon-search					{ background-image: url(\"{T_THEME_PATH}/images/icon_search.png\"); }\n\n.icon-bookmark, .icon-bump, .icon-subscribe, .icon-unsubscribe {\n    margin-top: 4px;\n}\n\n\n\n/* UCP\n---------------------------------------- */\n\n\n#tabs .activetab a {\n    border: 0px;\n}\n\ndd.mark {\n    width: 5%;\n}\n\n#mcp li.header dl.icon dt{\n    padding-left: 0px;\n    padding-right: 43px;\n}\n\n.cplist li.row dt {\n    padding-left: 10px;\n}\n\n#cp-main ul.topiclist dt {\n    width: 58% !important;\n}\n\n.cplist dd.lastpost {\nwidth:19%;\n}\n\n#cp-main .post {\nmargin:4px 0px 0px 0px;\npadding-bottom: 0px;\nborder-bottom: 0px none;\n}\n\n.pm .postprofile {\n    border-left: 0px none;\n}\n\n#cp-main .bg1 {\n    background-color: transparent;\n}'),(11, 'quasar', '&copy; RocketTheme, 2009', 'quasar', 1, 1375665086, '/*  phpBB 3.0 Style Sheet\n    --------------------------------------------------------------\n	Style name:		proSilver\n	Based on style:	proSilver (this is the default phpBB 3 style)\n	Original author:	subBlue ( http://www.subBlue.com/ )\n	Modified by:		\n	\n	Copyright 2006 phpBB Group ( http://www.phpbb.com/ )\n    --------------------------------------------------------------\n*/\n\n/* General proSilver Markup Styles\n---------------------------------------- */\n\n* {\n	/* Reset browsers default margin, padding and font sizes */\n	margin: 0;\n	padding: 0;\n}\n\nhtml {\n	/* Always show a scrollbar for short pages - stops the jump when the scrollbar appears. non-IE browsers */\n	height: 101%;\n	margin-bottom: 1px;\n}\n\nbody {\n	/* Text-Sizing with ems: http://www.clagnut.com/blog/348/ */\n	/*font-size: 62.5%;			 This sets the default font size to be equivalent to 10px */\n	margin: 0;\n}\n\n\nh1 {\n	/* Forum name */\n	margin-right: 200px;\n	color: #FFFFFF;\n	margin-top: 15px;\n	font-weight: bold;\n	font-size: 2em;\n}\n\nh2 {\n	/* Forum header titles */\n	color: #3f3f3f;\n	font-size: 2em;\n	margin: 0.8em 0 0.2em 0;\n}\n\nh2.solo {\n	margin-bottom: 1em;\n}\n\nh4 {\n	/* Forum and topic list titles */\n	font-size: 1.3em;\n}\n\np {\n	line-height: 1.3em;\n	margin-bottom: 1.5em;\n}\n\nimg {\n	border-width: 0;\n}\n\nhr {\n	/* Also see tweaks.css */\n	border: 0 none #FFFFFF;\n	border-top: 1px solid #CCCCCC;\n	height: 1px;\n	margin: 5px 0;\n	display: block;\n	clear: both;\n}\n\nhr.dashed {\n	border-top: 1px dashed #CCCCCC;\n	margin: 10px 0;\n}\n\nhr.divider {\n	display: none;\n}\n\np.right {\n	text-align: right;\n}\n\n/* Main blocks\n---------------------------------------- */\n#wrap {\n	padding: 0 20px;\n	min-width: 650px;\n}\n\n#simple-wrap {\n	padding: 6px 10px;\n}\n\n#page-body {\n	margin: 4px 0;\n	clear: both;\n}\n\n#page-footer {\n	clear: both;\n}\n\n#page-footer h3 {\n	margin-top: 20px;\n}\n\n\na#logo:hover {\n	text-decoration: none;\n}\n\n/* Search box\n--------------------------------------------- */\n#search-box {\n	color: #FFFFFF;\n	position: relative;\n	margin-top: 30px;\n	margin-right: 5px;\n	display: block;\n	float: right;\n	text-align: right;\n	white-space: nowrap; /* For Opera */\n}\n\n#search-box #keywords {\n	width: 95px;\n	background-color: #FFF;\n}\n\n#search-box input {\n	border: 1px solid #b0b0b0;\n}\n\n/* .button1 style defined later, just a few tweaks for the search button version */\n#search-box input.button1 {\n	padding: 1px 5px;\n}\n\n#search-box li {\n	text-align: right;\n	margin-top: 4px;\n}\n\n#search-box img {\n	vertical-align: middle;\n	margin-right: 3px;\n}\n\n/* Site description and logo */\n#site-description {\n	float: left;\n	width: 70%;\n}\n\n#site-description h1 {\n	margin-right: 0;\n}\n\n/* Round cornered boxes and backgrounds\n---------------------------------------- */\n.headerbar {\n	background: #ebebeb none repeat-x 0 0;\n	color: #FFFFFF;\n	margin-bottom: 4px;\n	padding: 0 5px;\n}\n\n.navbar {\n	background-color: #ebebeb;\n	padding: 0 10px;\n}\n\n.forabg {\n	background: #b1b1b1 none repeat-x 0 0;\n	margin-bottom: 4px;\n	padding: 0 5px;\n	clear: both;\n}\n\n.forumbg {\n	background: #ebebeb none repeat-x 0 0;\n	margin-bottom: 4px;\n	padding: 0 5px;\n	clear: both;\n}\n\n.panel {\n	margin-bottom: 4px;\n	padding: 0 10px;\n	background-color: #f3f3f3;\n}\n\n.post {\n	padding: 0 10px;\n	margin-bottom: 4px;\n	background-repeat: no-repeat;\n	background-position: 100% 0;\n}\n\n.post:target .content {\n	color: #000000;\n}\n\n\n\n.bg1	{ background-color: #f7f7f7;}\n.bg2	{ background-color: #f2f2f2; }\n.bg3	{ background-color: #ebebeb; }\n\n.rowbg {\n	margin: 5px 5px 2px 5px;\n}\n\n.ucprowbg {\n	background-color: #e2e2e2;\n}\n\n.fieldsbg {\n	/*border: 1px #DBDEE2 solid;*/\n	background-color: #eaeaea;\n}\n\nspan.corners-top, span.corners-bottom, span.corners-top span, span.corners-bottom span {\n	font-size: 1px;\n	line-height: 1px;\n	display: block;\n	height: 5px;\n	background-repeat: no-repeat;\n}\n\nspan.corners-top {\n	background-image: none;\n	background-position: 0 0;\n	margin: 0 -5px;\n}\n\nspan.corners-top span {\n	background-image: none;\n	background-position: 100% 0;\n}\n\nspan.corners-bottom {\n	background-image: none;\n	background-position: 0 100%;\n	margin: 0 -5px;\n	clear: both;\n}\n\nspan.corners-bottom span {\n	background-image: none;\n	background-position: 100% 100%;\n}\n\n.headbg span.corners-bottom {\n	margin-bottom: -1px;\n}\n\n.post span.corners-top, .post span.corners-bottom, .panel span.corners-top, .panel span.corners-bottom, .navbar span.corners-top, .navbar span.corners-bottom {\n	margin: 0 -10px;\n}\n\n.rules span.corners-top {\n	margin: 0 -10px 5px -10px;\n}\n\n.rules span.corners-bottom {\n	margin: 5px -10px 0 -10px;\n}\n\n/* Horizontal lists\n----------------------------------------*/\nul.linklist {\n	display: block;\n	margin: 0;\n}\n\nul.linklist li {\n	display: block;\n	list-style-type: none;\n	float: left;\n	width: auto;\n	margin-right: 5px;\n	line-height: 2.2em;\n}\n\nul.linklist li.rightside, p.rightside {\n	float: right;\n	margin-right: 0;\n	margin-left: 5px;\n	text-align: right;\n}\n\nul.navlinks {\n	padding-bottom: 1px;\n	margin-bottom: 1px;\n	border-bottom: 1px solid #FFFFFF;\n	font-weight: bold;\n}\n\nul.leftside {\n	float: left;\n	margin-left: 0;\n	margin-right: 5px;\n	text-align: left;\n}\n\nul.rightside {\n	float: right;\n	margin-left: 5px;\n	margin-right: -5px;\n	text-align: right;\n}\n\n/* Table styles\n----------------------------------------*/\ntable.table1 {\n	/* See tweaks.css */\n}\n\n#ucp-main table.table1 {\n	padding: 2px;\n}\n\ntable.table1 thead th {\n	font-weight: normal;\n	text-transform: uppercase;\n	line-height: 1.3em;\n	font-size: 1em;\n	padding: 0 0 4px 3px;\n}\n\ntable.table1 thead th span {\n	padding-left: 7px;\n}\n\ntable.table1 tbody tr {\n	border: 1px solid #cfcfcf;\n}\n\ntable.table1 tbody tr:hover, table.table1 tbody tr.hover {\n	background-color: #f6f6f6;\n}\n\ntable.table1 td {\n	font-size: 1.1em;\n}\n\ntable.table1 tbody td {\n	padding: 5px;\n	border-top: 1px solid #FAFAFA;\n}\n\ntable.table1 tbody th {\n	padding: 5px;\n	border-bottom: 1px solid #000000;\n	text-align: left;\n	color: #333333;\n	background-color: #FFFFFF;\n}\n\n/* Specific column styles */\ntable.table1 .name		{ text-align: left; }\ntable.table1 .posts		{ text-align: center !important; width: 7%; }\ntable.table1 .joined	{ text-align: left; width: 15%; }\ntable.table1 .active	{ text-align: left; width: 15%; }\ntable.table1 .mark		{ text-align: center; width: 7%; }\ntable.table1 .info		{ text-align: left; width: 30%; }\ntable.table1 .info div	{ width: 100%; white-space: normal; overflow: hidden; }\ntable.table1 .autocol	{ line-height: 2em; white-space: nowrap; }\ntable.table1 thead .autocol { padding-left: 1em; }\n\ntable.table1 span.rank-img {\n	float: right;\n	width: auto;\n}\n\ntable.info td {\n	padding: 3px;\n}\n\ntable.info tbody th {\n	padding: 3px;\n	text-align: right;\n	vertical-align: top;\n	color: #000000;\n	font-weight: normal;\n}\n\n.forumbg table.table1 {\nmargin: 0;\n}\n\n.forumbg-table > .inner {\n	margin: 0 -1px;\n}\n\n.forumbg-table > .inner > span.corners-top {\n	margin: 0 -4px -1px -4px;\n}\n\n.forumbg-table > .inner > span.corners-bottom {\n	margin: -1px -4px 0 -4px;\n}\n/* Misc layout styles\n---------------------------------------- */\n/* column[1-2] styles are containers for two column layouts \n   Also see tweaks.css */\n.column1 {\n	float: left;\n	clear: left;\n	width: 49%;\n}\n\n.column2 {\n	float: right;\n	clear: right;\n	width: 49%;\n}\n\n/* General classes for placing floating blocks */\n.left-box {\n	float: left;\n	width: auto;\n	text-align: left;\n}\n\n.right-box {\n	float: right;\n	width: auto;\n	text-align: right;\n}\n\ndl.details {\n	/*font-family: \"Lucida Grande\", Verdana, Helvetica, Arial, sans-serif;*/\n	font-size: 1.1em;\n}\n\ndl.details dt {\n	float: left;\n	clear: left;\n	width: 30%;\n	text-align: right;\n	display: block;\n}\n\ndl.details dd {\n	margin-left: 0;\n	padding-left: 5px;\n	margin-bottom: 5px;\n	color: #828282;\n	float: left;\n	width: 65%;\n}\n\n/* Pagination\n---------------------------------------- */\n.pagination {\n	height: 1%; /* IE tweak (holly hack) */\n	width: auto;\n	text-align: right;\n	margin-top: 5px;\n	float: right;\n}\n\n.pagination span.page-sep {\n	display: none;\n}\n\nli.pagination {\n	margin-top: 0;\n}\n\n.pagination strong, .pagination b {\n	font-weight: normal;\n}\n\n.pagination span strong {\n	padding: 0 2px;\n	margin: 0 2px;\n	font-weight: normal;\n	color: #FFFFFF;\n	background-color: #bfbfbf;\n	border: 1px solid #bfbfbf;\n	font-size: 0.9em;\n}\n\n.pagination span a, .pagination span a:link, .pagination span a:visited, .pagination span a:active {\n	font-weight: normal;\n	text-decoration: none;\n	color: #747474;\n	margin: 0 2px;\n	padding: 0 2px;\n	background-color: #eeeeee;\n	border: 1px solid #bababa;\n	font-size: 0.9em;\n	line-height: 1.5em;\n}\n\n.pagination span a:hover {\n	border-color: #d2d2d2;\n	background-color: #d2d2d2;\n	color: #FFF;\n	text-decoration: none;\n}\n\n.pagination img {\n	vertical-align: middle;\n}\n\n/* Pagination in viewforum for multipage topics */\n.row .pagination {\n	display: block;\n	float: right;\n	width: auto;\n	margin-top: 0;\n	padding: 1px 0 1px 15px;\n	font-size: 0.9em;\n	background: none 0 50% no-repeat;\n}\n\n.row .pagination span a, li.pagination span a {\n	background-color: #FFFFFF;\n}\n\n.row .pagination span a:hover, li.pagination span a:hover {\n	background-color: #d2d2d2;\n}\n\n/* Miscellaneous styles\n---------------------------------------- */\n#forum-permissions {\n	float: right;\n	width: auto;\n	padding-left: 5px;\n	margin-left: 5px;\n	margin-top: 10px;\n	text-align: right;\n}\n\n.copyright {\n	padding: 5px;\n	text-align: center;\n	color: #555555;\n}\n\n.small {\n	font-size: 0.9em !important;\n}\n\n.titlespace {\n	margin-bottom: 15px;\n}\n\n.headerspace {\n	margin-top: 20px;\n}\n\n.error {\n	color: #bcbcbc;\n	font-weight: bold;\n	font-size: 1em;\n}\n\n.reported {\n	background-color: #f7f7f7;\n}\n\nli.reported:hover {\n	background-color: #ececec;\n}\n\ndiv.rules {\n	background-color: #ececec;\n	color: #bcbcbc;\n	padding: 0 10px;\n	margin: 10px 0;\n	font-size: 1.1em;\n}\n\ndiv.rules ul, div.rules ol {\n	margin-left: 20px;\n}\n\np.rules {\n	background-color: #ececec;\n	background-image: none;\n	padding: 5px;\n}\n\np.rules img {\n	vertical-align: middle;\n        padding-top: 5px;\n}\n\np.rules a {\n	vertical-align: middle;\n	clear: both;\n}\n\n#top {\n	position: absolute;\n	top: -20px;\n}\n\n.clear {\n	display: block;\n	clear: both;\n	font-size: 1px;\n	line-height: 1px;\n	background: transparent;\n}\n/* proSilver Link Styles\n/* Links adjustment to correctly display an order of rtl/ltr mixed content */\na {\n	direction: ltr;\n	unicode-bidi: embed;\n}\n\n---------------------------------------- */\n\na:link	{text-decoration: none; }\na:visited	{text-decoration: none; }\na:hover	{text-decoration: underline; }\na:active	{text-decoration: none; }\n\n/* Coloured usernames */\n.username-coloured {\n	font-weight: bold;\n	display: inline !important;\n}\n\n/* Post body links */\n.postlink {\n	text-decoration: none;\n	color: #d2d2d2;\n	border-bottom: 1px solid #d2d2d2;\n	padding-bottom: 0;\n}\n\n.postlink:visited {\n	color: #bdbdbd;\n	border-bottom-style: dotted;\n	border-bottom-color: #666666;\n}\n\n.postlink:active {\n	color: #d2d2d2;\n}\n\n.postlink:hover {\n	background-color: #f6f6f6;\n	text-decoration: none;\n	color: #404040;\n}\n\n.signature a, .signature a:visited, .signature a:active, .signature a:hover {\n	border: none;\n	text-decoration: underline;\n	background-color: transparent;\n}\n\n/* Profile links */\n.postprofile a:link, .postprofile a:active, .postprofile a:visited, .postprofile dt.author a {\n	font-weight: bold;\n	color: #898989;\n	text-decoration: none;\n}\n\n.postprofile a:hover, .postprofile dt.author a:hover {\n	text-decoration: underline;\n	color: #d3d3d3;\n}\n\n\n/* Profile searchresults */	\n.search .postprofile a {\n	color: #898989;\n	text-decoration: none; \n	font-weight: normal;\n}\n\n.search .postprofile a:hover {\n	color: #d3d3d3;\n	text-decoration: underline; \n}\n\n/* Back to top of page */\n.back2top {\n	clear: both;\n	height: 11px;\n	text-align: right;\n}\n\na.top {\n	background: none no-repeat top left;\n	text-decoration: none;\n	width: {IMG_ICON_BACK_TOP_WIDTH}px;\n	height: {IMG_ICON_BACK_TOP_HEIGHT}px;\n	display: block;\n	float: right;\n	overflow: hidden;\n	letter-spacing: 1000px;\n	text-indent: 11px;\n}\n\na.top2 {\n	background: none no-repeat 0 50%;\n	text-decoration: none;\n	padding-left: 15px;\n}\n\n/* Arrow links  */\na.up		{ background: none no-repeat left center; }\na.down		{ background: none no-repeat right center; }\na.left		{ background: none no-repeat 3px 60%; }\na.right		{ background: none no-repeat 95% 60%; }\n\na.up, a.up:link, a.up:active, a.up:visited {\n	padding-left: 10px;\n	text-decoration: none;\n	border-bottom-width: 0;\n}\n\na.up:hover {\n	background-position: left top;\n	background-color: transparent;\n}\n\na.down, a.down:link, a.down:active, a.down:visited {\n	padding-right: 10px;\n}\n\na.down:hover {\n	background-position: right bottom;\n	text-decoration: none;\n}\n\na.left, a.left:active, a.left:visited {\n	padding-left: 12px;\n}\n\na.left:hover {\n	color: #d2d2d2;\n	text-decoration: none;\n	background-position: 0 60%;\n}\n\na.right, a.right:active, a.right:visited {\n	padding-right: 12px;\n}\n\na.right:hover {\n	color: #d2d2d2;\n	text-decoration: none;\n	background-position: 100% 60%;\n}\n/* invisible skip link, used for accessibility  */\n.skiplink {\n	position: absolute;\n	left: -999px;\n	width: 990px;\n}\na.feed-icon-forum {\n	float: right;\n	margin: 3px;\n}\n/* proSilver Content Styles\n---------------------------------------- */\n\nul.topiclist {\n	display: block;\n	list-style-type: none;\n	margin: 0;\n}\n\nul.forums {\n	background: #f9f9f9 none repeat-x 0 0;\n}\n\n\nul.topiclist li {\n	display: block;\n	list-style-type: none;\n	margin: 0;\n}\n\nul.topiclist dl {\n	position: relative;\n}\n\nul.topiclist li.row dl {\n	padding: 2px 0;\n}\n\nul.topiclist dt {\n	display: block;\n	float: left;\n	width: 50%;\n	padding-left: 5px;\n	padding-right: 5px;\n}\n\nul.topiclist dd {\n	display: block;\n	float: left;\n	border-left: 1px solid #FFFFFF;\n	padding: 4px 0;\n}\n\nul.topiclist dfn {\n	/* Labels for post/view counts */\n	position: absolute;\n	left: -999px;\n	width: 990px;\n}\n\nul.topiclist li.row dt a.subforum {\n	background-image: none;\n	background-position: 0 50%;\n	background-repeat: no-repeat;\n	position: relative;\n	white-space: nowrap;\n	padding: 0 0 0 12px;\n}\n\n.forum-image {\n	float: left;\n	padding-top: 5px;\n	margin-right: 5px;\n}\n\nli.row {\n	border-top: 1px solid #FFFFFF;\n	border-bottom: 1px solid #8f8f8f;\n}\n\nli.row strong {\n	font-weight: normal;\n	color: #000000;\n}\n\nli.row:hover {\n	background-color: #f6f6f6;\n}\n\nli.row:hover dd {\n	border-left-color: #CCCCCC;\n}\n\nli.header dt, li.header dd {\n	line-height: 1em;\n	border-left-width: 0;\n	margin: 2px 0 4px 0;\n	padding-top: 2px;\n	padding-bottom: 2px;\n	font-size: 1em;\n	text-transform: uppercase;\n}\n\nli.header dt {\n	font-weight: bold;\n}\n\nli.header dd {\n	margin-left: 1px;\n}\n\nli.header dl.icon {\n	min-height: 0;\n}\n\nli.header dl.icon dt {\n	/* Tweak for headers alignment when folder icon used */\n	padding-left: 0;\n	padding-right: 50px;\n}\n\n/* Forum list column styles */\ndl.icon {\n	min-height: 35px;\n	background-position: 10px 50%;		/* Position of folder icon */\n	background-repeat: no-repeat;\n}\n\ndl.icon dt {\n	padding-left: 45px;					/* Space for folder icon */\n	background-repeat: no-repeat;\n	background-position: 5px 95%;		/* Position of topic icon */\n}\n\ndd.posts, dd.topics, dd.views {\n	width: 8%;\n	text-align: center;\n	line-height: 2.2em;\n}\n\ndd.lastpost {\n	width: 25%;\n}\n\ndd.redirect {\n	font-size: 1.1em;\n	line-height: 2.5em;\n}\n\ndd.moderation {\n	font-size: 1.1em;\n}\n\ndd.lastpost span, ul.topiclist dd.searchby span, ul.topiclist dd.info span, ul.topiclist dd.time span, dd.redirect span, dd.moderation span {\n	display: block;\n	padding-left: 5px;\n}\n\ndd.time {\n	width: auto;\n	line-height: 200%;\n	font-size: 1.1em;\n}\n\ndd.extra {\n	width: 12%;\n	line-height: 200%;\n	text-align: center;\n	font-size: 1.1em;\n}\n\ndd.mark {\n	float: right !important;\n	width: 9%;\n	text-align: center;\n	line-height: 200%;\n	font-size: 1.2em;\n}\n\ndd.info {\n	width: 30%;\n}\n\ndd.option {\n	width: 15%;\n	line-height: 200%;\n	text-align: center;\n	font-size: 1.1em;\n}\n\ndd.searchby {\n	width: 47%;\n	font-size: 1.1em;\n	line-height: 1em;\n}\n\nul.topiclist dd.searchextra {\n	margin-left: 5px;\n	padding: 0.2em 0;\n	font-size: 1.1em;\n	color: #333333;\n	border-left: none;\n	clear: both;\n	width: 98%;\n	overflow: hidden;\n}\n\n/* Container for post/reply buttons and pagination */\n.topic-actions {\n	margin-bottom: 3px;\n	height: 28px;\n	min-height: 28px;\n	font-weight: none;\n}\ndiv[class].topic-actions {\n	height: auto;\n}\n\n/* Post body styles\n----------------------------------------*/\n.postbody {\n	padding: 0;\n	line-height: 1.48em;\n	width: 76%;\n	float: left;\n	clear: both;\n}\n\n.postbody .ignore {\n	font-size: 1.1em;\n}\n\n.postbody h3.first {\n	/* The first post on the page uses this */\n	font-size: 1.7em;\n}\n\n.postbody h3 {\n	/* Postbody requires a different h3 format - so change it here */\n	font-size: 1.5em;\n	padding: 2px 0 0 0;\n	margin: 0 0 0.3em 0 !important;\n	text-transform: none;\n	border: none;\n	line-height: 125%;\n}\n\n.postbody h3 img {\n	/* Also see tweaks.css */\n	vertical-align: bottom;\n}\n\n\n.search .postbody {\n	width: 68%\n}\n\n/* Topic review panel\n----------------------------------------*/\n#review {\n	margin-top: 2em;\n}\n\n#topicreview {\n	padding-right: 5px;\n	overflow: auto;\n	height: 300px;\n}\n\n#topicreview .postbody {\n	width: auto;\n	float: none;\n	margin: 0;\n	height: auto;\n}\n\n#topicreview .post {\n	height: auto;\n}\n\n#topicreview h2 {\n	border-bottom-width: 0;\n}\n\n.post-ignore .postbody {\n	display: none;\n}\n/* MCP Post details\n----------------------------------------*/\n#post_details\n{\n	/* This will only work in IE7+, plus the others */\n	overflow: auto;\n	max-height: 300px;\n}\n\n#expand {\n	clear: both;\n}\n\n\n\n/* Content container styles\n----------------------------------------*/\n.content {\n	min-height: 3em;\n	overflow: hidden;\n	line-height: 1.4em;\n}\n\n.content h2, .panel h2 {\n	font-weight: normal;\n	border-bottom: 1px solid #CCCCCC;\n	font-size: 1.6em;\n	margin-top: 0.5em;\n	margin-bottom: 0.5em;\n	padding-bottom: 0.5em;\n}\n\n.panel h3 {\n	margin: 0.5em 0;\n}\n\n.panel p {\n	margin-bottom: 1em;\n	line-height: 1.4em;\n}\n\n.content p {\n	margin-bottom: 1em;\n	line-height: 1.4em;\n}\n\ndl.faq {\n	margin-top: 1em;\n	margin-bottom: 2em;\n	line-height: 1.4em;\n}\n\ndl.faq dt {\n	font-weight: bold;\n}\n\n.content dl.faq {\n	margin-bottom: 0.5em;\n}\n\n.content li {\n	list-style-type: inherit;\n}\n\n.content ul, .content ol {\n	margin-bottom: 1em;\n	margin-left: 3em;\n}\n\n.posthilit {\n	background-color: #f3f3f3;\n	color: #BCBCBC;\n	padding: 0 2px 1px 2px;\n}\n\n.announce, .unreadpost {\n	/* Highlight the announcements & unread posts box */\n	border-left-color: #BCBCBC;\n	border-right-color: #BCBCBC;\n}\n\n/* Post author */\np.author {\n	margin: 0 15em 0.6em 0;\n	padding: 0 0 5px 0;\n	font-size: 1em;\n	line-height: 1.2em;\n}\n\n/* Post signature */\n.signature {\n	margin-top: 1.5em;\n	padding-top: 0.2em;\n	font-size: 1.1em;\n	border-top: 1px solid #CCCCCC;\n	clear: left;\n	line-height: 140%;\n	overflow: hidden;\n	width: 100%;\n}\n\ndd .signature {\n	margin: 0;\n	padding: 0;\n	clear: none;\n	border: none;\n}\n\n/* Post noticies */\n.notice {\n	width: auto;\n	margin-top: 1.5em;\n	padding-top: 0.2em;\n	font-size: 1em;\n	border-top: 1px dashed #CCCCCC;\n	clear: left;\n	line-height: 130%;\n}\n\n/* Jump to post link for now */\nul.searchresults {\n	list-style: none;\n	text-align: right;\n	clear: both;\n}\n\n/* BB Code styles\n----------------------------------------*/\n/* Quote block */\nblockquote {\n	background: #ebebeb none 6px 8px no-repeat;\n	border: 1px solid #dbdbdb;\n	font-size: 0.95em;\n	margin: 0.5em 1px 0 25px;\n	overflow: hidden;\n	padding: 5px;\n}\n\nblockquote blockquote {\n	/* Nested quotes */\n	background-color: #bababa;\n	font-size: 1em;\n	margin: 0.5em 1px 0 15px;	\n}\n\nblockquote blockquote blockquote {\n	/* Nested quotes */\n	background-color: #e4e4e4;\n}\n\nblockquote cite {\n	/* Username/source of quoter */\n	font-style: normal;\n	font-weight: bold;\n	margin-left: 20px;\n	display: block;\n	font-size: 0.9em;\n}\n\nblockquote cite cite {\n	font-size: 1em;\n}\n\nblockquote.uncited {\n	padding-top: 25px;\n}\n\n/* Code block */\ndl.codebox {\n	padding: 3px;\n	background-color: #FFFFFF;\n	border: 1px solid #d8d8d8;\n	font-size: 1em;\n}\n\ndl.codebox dt {\n	text-transform: uppercase;\n	border-bottom: 1px solid #CCCCCC;\n	margin-bottom: 3px;\n	font-size: 0.8em;\n	font-weight: bold;\n	display: block;\n}\n\nblockquote dl.codebox {\n	margin-left: 0;\n}\n\ndl.codebox code {\n	/* Also see tweaks.css */\n	overflow: auto;\n	display: block;\n	height: auto;\n	max-height: 200px;\n	white-space: normal;\n	padding-top: 5px;\n	font: 0.9em Monaco, \"Andale Mono\",\"Courier New\", Courier, mono;\n	line-height: 1.3em;\n	color: #8b8b8b;\n	margin: 2px 0;\n}\n\n.syntaxbg		{ color: #FFFFFF; }\n.syntaxcomment	{ color: #000000; }\n.syntaxdefault	{ color: #bcbcbc; }\n.syntaxhtml		{ color: #000000; }\n.syntaxkeyword	{ color: #585858; }\n.syntaxstring	{ color: #a7a7a7; }\n\n/* Attachments\n----------------------------------------*/\n.attachbox {\n	float: left;\n	width: auto; \n	margin: 5px 5px 5px 0;\n	padding: 6px;\n	background-color: #FFFFFF;\n	border: 1px dashed #d8d8d8;\n	clear: left;\n}\n\n.pm-message .attachbox {\n	background-color: #f3f3f3;\n}\n\n.attachbox dt {\n	text-transform: uppercase;\n}\n\n.attachbox dd {\n	margin-top: 4px;\n	padding-top: 4px;\n	clear: left;\n	border-top: 1px solid #d8d8d8;\n}\n\n.attachbox dd dd {\n	border: none;\n}\n\n.attachbox p {\n	line-height: 110%;\n	color: #666666;\n	font-weight: normal;\n	clear: left;\n}\n\n.attachbox p.stats\n{\n	line-height: 110%;\n	color: #666666;\n	font-weight: normal;\n	clear: left;\n}\n\n.attach-image {\n	margin: 3px 0;\n	width: 100%;\n	max-height: 350px;\n	overflow: auto;\n}\n\n.attach-image img {\n	border: 1px solid #999999;\n/*	cursor: move; */\n	cursor: default;\n}\n\n/* Inline image thumbnails */\ndiv.inline-attachment dl.thumbnail, div.inline-attachment dl.file {\n	display: block;\n	margin-bottom: 4px;\n}\n\ndiv.inline-attachment p {\n	font-size: 100%;\n}\n\ndl.file {\n	display: block;\n}\n\ndl.file dt {\n	text-transform: none;\n	margin: 0;\n	padding: 0;\n	font-weight: bold;\n}\n\ndl.file dd {\n	color: #666666;\n	margin: 0;\n	padding: 0;	\n}\n\ndl.thumbnail img {\n	padding: 3px;\n	border: 1px solid #666666;\n	background-color: #FFF;\n}\n\ndl.thumbnail dd {\n	color: #666666;\n	font-style: italic;\n	\n}\n\n.attachbox dl.thumbnail dd {\n	font-size: 100%;\n}\n\ndl.thumbnail dt a:hover {\n	background-color: #EEEEEE;\n}\n\ndl.thumbnail dt a:hover img {\n	border: 1px solid #d2d2d2;\n}\n\n/* Post poll styles\n----------------------------------------*/\n\n\nfieldset.polls dl {\n	margin-top: 5px;\n	border-top: 1px solid #e2e2e2;\n	padding: 5px 0 0 0;\n	line-height: 120%;\n	color: #666666;\n}\n\nfieldset.polls dl.voted {\n	font-weight: bold;\n	color: #000000;\n}\n\nfieldset.polls dt {\n	text-align: left;\n	float: left;\n	display: block;\n	width: 30%;\n	border-right: none;\n	padding: 0;\n	margin: 0;\n	font-size: 1.1em;\n}\n\nfieldset.polls dd {\n	float: left;\n	width: 10%;\n	border-left: none;\n	padding: 0 5px;\n	margin-left: 0;\n	font-size: 1.1em;\n}\n\nfieldset.polls dd.resultbar {\n	width: 50%;\n}\n\nfieldset.polls dd input {\n	margin: 2px 0;\n}\n\nfieldset.polls dd div {\n	text-align: right;\n	color: #FFFFFF;\n	font-weight: bold;\n	padding: 0 2px;\n	overflow: visible;\n	min-width: 2%;\n}\n\n.pollbar1 {\n	background-color: #aaaaaa;\n	border-bottom: 1px solid #747474;\n	border-right: 1px solid #747474;\n}\n\n.pollbar2 {\n	background-color: #bebebe;\n	border-bottom: 1px solid #8c8c8c;\n	border-right: 1px solid #8c8c8c;\n}\n\n.pollbar3 {\n	background-color: #D1D1D1;\n	border-bottom: 1px solid #aaaaaa;\n	border-right: 1px solid #aaaaaa;\n}\n\n.pollbar4 {\n	background-color: #e4e4e4;\n	border-bottom: 1px solid #bebebe;\n	border-right: 1px solid #bebebe;\n}\n\n.pollbar5 {\n	background-color: #f8f8f8;\n	border-bottom: 1px solid #D1D1D1;\n	border-right: 1px solid #D1D1D1;\n}\n\n/* Poster profile block\n----------------------------------------*/\n.postprofile {\n	/* Also see tweaks.css */\n	margin: 5px 0 10px 0;\n	min-height: 80px;\n	border-left: 1px solid #FFFFFF;\n	width: 22%;\n	float: right;\n	display: inline;\n}\n.pm .postprofile {\n	border-left: 1px solid #DDDDDD;\n}\n\n.postprofile dd, .postprofile dt {\n	line-height: 1.2em;\n	margin-left: 8px;\n}\n\n.postprofile strong {\n	font-weight: normal;\n	color: #000000;\n}\n\n.avatar {\n	border: none;\n	margin-bottom: 3px;\n}\n\n.online {\n	background-image: none;\n	background-position: 100% 0;\n	background-repeat: no-repeat;\n}\n\n/* Poster profile used by search*/\n.search .postprofile {\n	width: 30%;\n}\n\n/* pm list in compose message if mass pm is enabled */\ndl.pmlist dt {\n	width: 60% !important;\n}\n\ndl.pmlist dt textarea {\n	width: 95%;\n}\n\ndl.pmlist dd {\n	margin-left: 61% !important;\n	margin-bottom: 2px;\n}\n/* proSilver Button Styles\n---------------------------------------- */\n\n/* Rollover buttons\n   Based on: http://wellstyled.com/css-nopreload-rollovers.html\n----------------------------------------*/\n.buttons {\n	float: left;\n	width: auto;\n	height: auto;\n}\n\n/* Rollover state */\n.buttons div {\n	float: left;\n	margin: 0 5px 0 0;\n	background-position: 0 100%;\n}\n\n/* Rolloff state */\n.buttons div a {\n	display: block;\n	width: 100%;\n	height: 100%;\n	background-position: 0 0;\n	position: relative;\n	overflow: hidden;\n}\n\n/* Hide <a> text and hide off-state image when rolling over (prevents flicker in IE) */\n/*.buttons div span		{ display: none; }*/\n/*.buttons div a:hover	{ background-image: none; }*/\n.buttons div span			{ position: absolute; width: 100%; height: 100%; cursor: pointer;}\n.buttons div a:hover span	{ background-position: 0 100%; }\n\n/* Big button images */\n.reply-icon span	{ background: transparent none 0 0 no-repeat; }\n.post-icon span		{ background: transparent none 0 0 no-repeat; }\n.locked-icon span	{ background: transparent none 0 0 no-repeat; }\n.pmreply-icon span	{ background: none 0 0 no-repeat; }\n.newpm-icon span 	{ background: none 0 0 no-repeat; }\n.forwardpm-icon span 	{ background: none 0 0 no-repeat; }\n\n/* Set big button dimensions */\n.buttons div.reply-icon		{ width: {IMG_BUTTON_TOPIC_REPLY_WIDTH}px; height: {IMG_BUTTON_TOPIC_REPLY_HEIGHT}px; }\n.buttons div.post-icon		{ width: {IMG_BUTTON_TOPIC_NEW_WIDTH}px; height: {IMG_BUTTON_TOPIC_NEW_HEIGHT}px; }\n.buttons div.locked-icon	{ width: {IMG_BUTTON_TOPIC_LOCKED_WIDTH}px; height: {IMG_BUTTON_TOPIC_LOCKED_HEIGHT}px; }\n.buttons div.pmreply-icon	{ width: {IMG_BUTTON_PM_REPLY_WIDTH}px; height: {IMG_BUTTON_PM_REPLY_HEIGHT}px; }\n.buttons div.newpm-icon		{ width: {IMG_BUTTON_PM_NEW_WIDTH}px; height: {IMG_BUTTON_PM_NEW_HEIGHT}px; }\n.buttons div.forwardpm-icon	{ width: {IMG_BUTTON_PM_FORWARD_WIDTH}px; height: {IMG_BUTTON_PM_FORWARD_HEIGHT}px; }\n\n/* Sub-header (navigation bar)\n--------------------------------------------- */\na.print, a.sendemail, a.fontsize {\n	display: block;\n	overflow: hidden;\n	height: 18px;\n	text-indent: -5000px;\n	text-align: left;\n	background-repeat: no-repeat;\n}\n\na.print {\n	background-image: none;\n	width: 22px;\n}\n\na.sendemail {\n	background-image: none;\n	width: 22px;\n}\n\na.fontsize {\n	background-image: none;\n	background-position: 0 -1px;\n	width: 29px;\n}\n\na.fontsize:hover {\n	background-position: 0 -20px;\n	text-decoration: none;\n}\n\n/* Icon images\n---------------------------------------- */\n.sitehome, .icon-faq, .icon-members, .icon-home, .icon-ucp, .icon-register, .icon-logout,\n.icon-bookmark, .icon-bump, .icon-subscribe, .icon-unsubscribe, .icon-pages, .icon-search {\n	background-position: 0 50%;\n	background-repeat: no-repeat;\n	background-image: none;\n	padding: 1px 0 0 17px;\n}\n\n/* Poster profile icons\n----------------------------------------*/\nul.profile-icons {\n	padding-top: 10px;\n	list-style: none;\n}\n\n/* Rollover state */\nul.profile-icons li {\n	float: left;\n	margin: 0 6px 3px 0;\n	background-position: 0 100%;\n}\n\n/* Rolloff state */\nul.profile-icons li a {\n	display: block;\n	width: 100%;\n	height: 100%;\n	background-position: 0 0;\n}\n\n/* Hide <a> text and hide off-state image when rolling over (prevents flicker in IE) */\nul.profile-icons li span { display:none; }\nul.profile-icons li a:hover { background: none; }\n\n/* Positioning of moderator icons */\n.postbody ul.profile-icons {\n	float: right;\n	width: auto;\n	padding: 0;\n}\n\n.postbody ul.profile-icons li {\n	margin: 0 3px;\n}\n\n/* Profile & navigation icons */\n.email-icon, .email-icon a		{ background: none top left no-repeat; }\n.aim-icon, .aim-icon a			{ background: none top left no-repeat; }\n.yahoo-icon, .yahoo-icon a		{ background: none top left no-repeat; }\n.web-icon, .web-icon a			{ background: none top left no-repeat; }\n.msnm-icon, .msnm-icon a			{ background: none top left no-repeat; }\n.icq-icon, .icq-icon a			{ background: none top left no-repeat; }\n.jabber-icon, .jabber-icon a		{ background: none top left no-repeat; }\n.pm-icon, .pm-icon a				{ background: none top left no-repeat; }\n.quote-icon, .quote-icon a		{ background: none top left no-repeat; }\n\n/* Moderator icons */\n.report-icon, .report-icon a		{ background: none top left no-repeat; }\n.warn-icon, .warn-icon a			{ background: none top left no-repeat; }\n.edit-icon, .edit-icon a			{ background: none top left no-repeat; }\n.delete-icon, .delete-icon a		{ background: none top left no-repeat; }\n.info-icon, .info-icon a			{ background: none top left no-repeat; }\n\n/* Set profile icon dimensions */\nul.profile-icons li.email-icon		{ width: {IMG_ICON_CONTACT_EMAIL_WIDTH}px; height: {IMG_ICON_CONTACT_EMAIL_HEIGHT}px; }\nul.profile-icons li.aim-icon	{ width: {IMG_ICON_CONTACT_AIM_WIDTH}px; height: {IMG_ICON_CONTACT_AIM_HEIGHT}px; }\nul.profile-icons li.yahoo-icon	{ width: {IMG_ICON_CONTACT_YAHOO_WIDTH}px; height: {IMG_ICON_CONTACT_YAHOO_HEIGHT}px; }\nul.profile-icons li.web-icon	{ width: {IMG_ICON_CONTACT_WWW_WIDTH}px; height: {IMG_ICON_CONTACT_WWW_HEIGHT}px; }\nul.profile-icons li.msnm-icon	{ width: {IMG_ICON_CONTACT_MSNM_WIDTH}px; height: {IMG_ICON_CONTACT_MSNM_HEIGHT}px; }\nul.profile-icons li.icq-icon	{ width: {IMG_ICON_CONTACT_ICQ_WIDTH}px; height: {IMG_ICON_CONTACT_ICQ_HEIGHT}px; }\nul.profile-icons li.jabber-icon	{ width: {IMG_ICON_CONTACT_JABBER_WIDTH}px; height: {IMG_ICON_CONTACT_JABBER_HEIGHT}px; }\nul.profile-icons li.pm-icon		{ width: {IMG_ICON_CONTACT_PM_WIDTH}px; height: {IMG_ICON_CONTACT_PM_HEIGHT}px; }\nul.profile-icons li.quote-icon	{ width: {IMG_ICON_POST_QUOTE_WIDTH}px; height: {IMG_ICON_POST_QUOTE_HEIGHT}px; }\nul.profile-icons li.report-icon	{ width: {IMG_ICON_POST_REPORT_WIDTH}px; height: {IMG_ICON_POST_REPORT_HEIGHT}px; }\nul.profile-icons li.edit-icon	{ width: {IMG_ICON_POST_EDIT_WIDTH}px; height: {IMG_ICON_POST_EDIT_HEIGHT}px; }\nul.profile-icons li.delete-icon	{ width: {IMG_ICON_POST_DELETE_WIDTH}px; height: {IMG_ICON_POST_DELETE_HEIGHT}px; }\nul.profile-icons li.info-icon	{ width: {IMG_ICON_POST_INFO_WIDTH}px; height: {IMG_ICON_POST_INFO_HEIGHT}px; }\nul.profile-icons li.warn-icon	{ width: {IMG_ICON_USER_WARN_WIDTH}px; height: {IMG_ICON_USER_WARN_HEIGHT}px; }\n\n/* Fix profile icon default margins */\nul.profile-icons li.edit-icon	{ margin: 0 0 0 3px; }\nul.profile-icons li.quote-icon	{ margin: 0 0 0 10px; }\nul.profile-icons li.info-icon, ul.profile-icons li.report-icon	{ margin: 0 3px 0 0; }\n/* proSilver Control Panel Styles\n---------------------------------------- */\n\n\n/* Main CP box\n----------------------------------------*/\n#cp-menu {\n	float:left;\n	width: 19%;\n	margin-top: 1em;\n	margin-bottom: 5px;\n}\n\n#cp-main {\n	float: left;\n	width: 81%;\n}\n\n#cp-main .content {\n	padding: 0;\n}\n\n#cp-main h3, #cp-main hr, #cp-menu hr {\n	border-color: #bfbfbf;\n}\n\n#cp-main .panel p {\n	font-size: 1.1em;\n}\n\n#cp-main .panel ol {\n	margin-left: 2em;\n	font-size: 1.1em;\n}\n\n#cp-main .panel li.row {\n	border-bottom: 1px solid #cbcbcb;\n	border-top: 1px solid #F9F9F9;\n}\n\nul.cplist {\n	margin-bottom: 5px;\n	border-top: 1px solid #cbcbcb;\n}\n\n#cp-main .panel li.header dd, #cp-main .panel li.header dt {\n	color: #000000;\n	margin-bottom: 2px;\n}\n\n#cp-main table.table1 {\n	margin-bottom: 1em;\n}\n\n#cp-main table.table1 thead th {\n	font-weight: bold;\n	border-bottom: 1px solid #333333;\n	padding: 5px;\n}\n\n#cp-main table.table1 tbody th {\n	font-style: italic;\n	background-color: transparent !important;\n	border-bottom: none;\n}\n\n#cp-main .pagination {\n	float: right;\n	width: auto;\n	padding-top: 1px;\n}\n\n#cp-main .postbody p {\n	font-size: 1.1em;\n}\n\n#cp-main .pm-message {\n	border: 1px solid #e2e2e2;\n	margin: 10px 0;\n	background-color: #FFFFFF;\n	width: auto;\n	float: none;\n}\n\n.pm-message h2 {\n	padding-bottom: 5px;\n}\n\n#cp-main .postbody h3, #cp-main .box2 h3 {\n	margin-top: 0;\n}\n\n#cp-main .buttons {\n	margin-left: 0;\n}\n\n#cp-main ul.linklist {\n	margin: 0;\n}\n\n/* MCP Specific tweaks */\n.mcp-main .postbody {\n	width: 100%;\n}\n.tabs-container h2 {\n	float: left;\n	margin-bottom: 0px;\n}\n\n.tabs-container #minitabs {\n	float: right;\n	margin-top: 19px;\n}\n\n.tabs-container:after {\n	display: block;\n	clear: both;\n	content: \'\';\n}\n/* CP tabbed menu\n----------------------------------------*/\n#tabs {\n	line-height: normal;\n	margin: 20px 0 -1px 7px;\n	min-width: 570px;\n}\n\n#tabs ul {\n	margin:0;\n	padding: 0;\n	list-style: none;\n}\n\n#tabs li {\n	display: inline;\n	margin: 0;\n	padding: 0;\n	font-size: 1em;\n	font-weight: bold;\n}\n\n#tabs a {\n	float: left;\n	background: none no-repeat 0% -35px;\n	margin: 0 1px 0 0;\n	padding: 0 0 0 5px;\n	text-decoration: none;\n	position: relative;\n	cursor: pointer;\n}\n\n#tabs a span {\n	float: left;\n	display: block;\n	background: none no-repeat 100% -35px;\n	padding: 6px 10px 6px 5px;\n	white-space: nowrap;\n}\n\n#tabs .activetab a {\n	background-position: 0 0;\n	border-bottom: 1px solid #ebebeb;\n}\n\n#tabs .activetab a span {\n	background-position: 100% 0;\n	padding-bottom: 7px;\n}\n\n#tabs a:hover {\n	background-position: 0 -70px;\n}\n\n#tabs a:hover span {\n	background-position:100% -70px;\n}\n\n#tabs .activetab a:hover {\n	background-position: 0 0;\n}\n\n#tabs .activetab a:hover span {\n	background-position: 100% 0;\n}\n\n/* Mini tabbed menu used in MCP\n----------------------------------------*/\n#minitabs {\n	line-height: normal;\n	margin: -20px 7px 0 0;\n}\n\n#minitabs ul {\n	margin:0;\n	padding: 0;\n	list-style: none;\n}\n\n#minitabs li {\n	display: block;\n	float: right;\n	padding: 0 10px 4px 10px;\n	font-size: 1em;\n	font-weight: bold;\n	background-color: #f2f2f2;\n	margin-left: 2px;\n}\n\n#minitabs a {\n}\n\n#minitabs a:hover {\n	text-decoration: none;\n}\n\n#minitabs li.activetab {\n	background-color: #F9F9F9;\n}\n\n#minitabs li.activetab a, #minitabs li.activetab a:hover {\n	color: #333333;\n}\n\n/* UCP navigation menu\n----------------------------------------*/\n/* Container for sub-navigation list */\n#navigation {\n	width: 100%;\n	padding-top: 36px;\n}\n\n#navigation ul {\n	list-style:none;\n}\n\n/* Default list state */\n#navigation li {\n	margin: 1px 0;\n	padding: 0;\n	font-weight: bold;\n	display: inline;\n}\n\n/* Link styles for the sub-section links */\n#navigation a {\n	display: block;\n	padding: 5px;\n	margin: 1px 0;\n	text-decoration: none;\n	font-weight: bold;\n	background: #cfcfcf none repeat-y 100% 0;\n}\n\n#navigation a:hover {\n	text-decoration: none;\n	background-color: #c6c6c6;\n	background-image: none;\n}\n\n#navigation #active-subsection a {\n	display: block;\n	background-color: #F9F9F9;\n	background-image: none;\n}\n\n\n/* Preferences pane layout\n----------------------------------------*/\n#cp-main h2 {\n	border-bottom: none;\n	padding: 0;\n	margin-left: 10px;\n}\n\n#cp-main .panel {\n	background-color: #F9F9F9;\n}\n\n#cp-main .pm {\n	background-color: #FFFFFF;\n}\n\n#cp-main span.corners-top, #cp-menu span.corners-top {\n	background-image: none;\n}\n\n#cp-main span.corners-top span, #cp-menu span.corners-top span {\n	background-image: none;\n}\n\n#cp-main span.corners-bottom, #cp-menu span.corners-bottom {\n	background-image: none;\n}\n\n#cp-main span.corners-bottom span, #cp-menu span.corners-bottom span {\n	background-image: none;\n}\n\n/* Topicreview */\n#cp-main .panel #topicreview span.corners-top, #cp-menu .panel #topicreview span.corners-top {\n	background-image: none;\n}\n\n#cp-main .panel #topicreview span.corners-top span, #cp-menu .panel #topicreview span.corners-top span {\n	background-image: none;\n}\n\n#cp-main .panel #topicreview span.corners-bottom, #cp-menu .panel #topicreview span.corners-bottom {\n	background-image: none;\n}\n\n#cp-main .panel #topicreview span.corners-bottom span, #cp-menu .panel #topicreview span.corners-bottom span {\n	background-image: none;\n}\n\n/* Friends list */\n.cp-mini {\n	background-color: #f9f9f9;\n	padding: 0 5px;\n	margin: 10px 15px 10px 5px;\n}\n\n.cp-mini span.corners-top, .cp-mini span.corners-bottom {\n	margin: 0 -5px;\n}\n\ndl.mini dt {\n	font-weight: bold;\n}\n\ndl.mini dd {\n	padding-top: 4px;\n}\n\n.friend-online {\n	font-weight: bold;\n}\n\n.friend-offline {\n	font-style: italic;\n}\n\n/* PM Styles\n----------------------------------------*/\n#pm-menu {\n	line-height: 2.5em;\n}\n#\n/* PM panel adjustments */\n.reply-all a.left {\n	background-position: 3px 60%;\n}\n\n.reply-all a.left:hover {\n	background-position: 0px 60%;\n}\n\n.reply-all {\n	font-size: 11px;\n	padding-top: 5px;\n}\n\n\n/* PM Message history */\n.current {\n	color: #999999;\n}\n\n/* Defined rules list for PM options */\nol.def-rules {\n	padding-left: 0;\n}\n\nol.def-rules li {\n	line-height: 180%;\n	padding: 1px;\n}\n\n\n\n/* PM marking colours */\n.pmlist li.bg1 {\n	border: solid 3px transparent;\n	border-width: 0 3px;\n}\n\n.pmlist li.bg2 {\n	border: solid 3px transparent;\n	border-width: 0 3px;\n}\n\n.pmlist li.pm_message_reported_colour, .pm_message_reported_colour {\n	border-left-color: #bcbcbc;\n	border-right-color: #bcbcbc;\n}\n\n.pmlist li.pm_marked_colour, .pm_marked_colour {\n	border: solid 3px #ffffff;\n	border-width: 0 3px;\n}\n\n.pmlist li.pm_replied_colour, .pm_replied_colour {\n	border: solid 3px #c2c2c2;\n	border-width: 0 3px;	\n}\n\n.pmlist li.pm_friend_colour, .pm_friend_colour {\n	border: solid 3px #bdbdbd;\n	border-width: 0 3px;\n}\n\n.pmlist li.pm_foe_colour, .pm_foe_colour {\n	border: solid 3px #000000;\n	border-width: 0 3px;\n}\n\n.pm-legend {\n	border-left-width: 10px;\n	border-left-style: solid;\n	border-right-width: 0;\n	margin-bottom: 3px;\n	padding-left: 3px;\n}\n\n/* Avatar gallery */\n#gallery label {\n	position: relative;\n	float: left;\n	margin: 10px;\n	padding: 5px;\n	width: auto;\n	background: #FFFFFF;\n	border: 1px solid #CCC;\n	text-align: center;\n}\n\n#gallery label:hover {\n	background-color: #EEE;\n}\n/* proSilver Form Styles\n---------------------------------------- */\n\n/* General form styles\n----------------------------------------*/\nfieldset {\n	border-width: 0;\n	font-size: 0.9em;\n}\n\ninput {\n	font-weight: normal;\n	cursor: pointer;\n	vertical-align: middle;\n	padding: 0 3px;\n}\n\nselect {\n	font-weight: normal;\n	cursor: pointer;\n	vertical-align: middle;\n	border: 1px solid #666666;\n	padding: 1px;\n	background-color: #FAFAFA;\n}\n\noption {\n	padding-right: 1em;\n}\n\noption.disabled-option {\n	color: graytext;\n}\n\ntextarea {\n	width: 60%;\n	padding: 2px;\n	font-size: 1em;\n	line-height: 1.4em;\n}\n\nlabel {\n	cursor: default;\n	padding-right: 5px;\n}\n\nlabel input {\n	vertical-align: middle;\n}\n\nlabel img {\n	vertical-align: middle;\n}\n\n\n/* Definition list layout for forms\n---------------------------------------- */\nfieldset dl {\n	padding: 4px 0;\n}\n\nfieldset dt {\n	float: left;	\n	width: 40%;\n	text-align: left;\n	display: block;\n}\n\nfieldset dd {\n	margin-left: 41%;\n	vertical-align: top;\n	margin-bottom: 3px;\n}\n\n/* Specific layout 1 */\nfieldset.fields1 dt {\n	width: 15em;\n	border-right-width: 0;\n}\n\nfieldset.fields1 dd {\n	margin-left: 15em;\n	border-left-width: 0;\n}\n\nfieldset.fields1 {\n	background-color: transparent;\n}\n\nfieldset.fields1 div {\n	margin-bottom: 3px;\n}\n/* Set it back to 0px for the reCaptcha divs: PHPBB3-9587 */\nfieldset.fields1 #recaptcha_widget_div div {\n	margin-bottom: 0;\n}\n\n/* Specific layout 2 */\nfieldset.fields2 dt {\n	width: 15em;\n	border-right-width: 0;\n}\n\nfieldset.fields2 dd {\n	margin-left: 16em;\n	border-left-width: 0;\n}\n\n/* Form elements */\ndt label {\n	font-weight: bold;\n	text-align: left;\n}\n\ndd label {\n	white-space: nowrap;\n}\n\ndd input, dd textarea {\n	margin-right: 3px;\n}\n\ndd select {\n	width: auto;\n}\n\ndd textarea {\n	width: 85%;\n}\n\n\n\n#timezone {\n	width: 95%;\n}\n\n* html #timezone {\n	width: 50%;\n}\n\n/* Quick-login on index page */\nfieldset.quick-login {\n	margin-top: 5px;\n}\n\nfieldset.quick-login input {\n	width: auto;\n}\n\nfieldset.quick-login input.inputbox {\n	width: 15%;\n	vertical-align: middle;\n	margin-right: 5px;\n	background-color: #f3f3f3;\n}\n\nfieldset.quick-login label {\n	white-space: nowrap;\n	padding-right: 2px;\n}\n\n/* Display options on viewtopic/viewforum pages  */\nfieldset.display-options {\n	text-align: center;\n	margin: 3px 0 5px 0;\n}\n\nfieldset.display-options label {\n	white-space: nowrap;\n	padding-right: 2px;\n}\n\nfieldset.display-options a {\n	margin-top: 3px;\n}\n\n/* Display actions for ucp and mcp pages */\nfieldset.display-actions {\n	text-align: right;\n	line-height: 2em;\n	white-space: nowrap;\n	padding-right: 1em;\n}\n\nfieldset.display-actions label {\n	white-space: nowrap;\n	padding-right: 2px;\n}\n\nfieldset.sort-options {\n	line-height: 2em;\n}\n\n/* MCP forum selection*/\nfieldset.forum-selection {\n	margin: 5px 0 3px 0;\n	float: right;\n}\n\nfieldset.forum-selection2 {\n	margin: 13px 0 3px 0;\n	float: right;\n}\n\n/* Jumpbox */\nfieldset.jumpbox {\n	text-align: right;\n	margin-top: 15px;\n	height: 2.5em;\n}\n\nfieldset.quickmod {\n	width: 50%;\n	float: right;\n	text-align: right;\n	height: 2.5em;\n}\n\n/* Submit button fieldset */\nfieldset.submit-buttons {\n	text-align: center;\n	vertical-align: middle;\n	margin: 5px 0;\n}\n\nfieldset.submit-buttons input {\n	vertical-align: middle;\n	padding-top: 3px;\n	padding-bottom: 3px;\n}\n\n/* Posting page styles\n----------------------------------------*/\n\n/* Buttons used in the editor */\n#format-buttons {\n	margin: 15px 0 2px 0;\n}\n\n#format-buttons input, #format-buttons select {\n	vertical-align: middle;\n}\n\n/* Main message box */\n#message-box {\n	width: 80%;\n}\n\n#message-box textarea {\n	width: 450px;\n	height: 270px;\n	min-width: 100%;\n	max-width: 100%;\n	color: #333333;\n}\n\n/* Emoticons panel */\n#smiley-box {\n	width: 18%;\n	float: right;\n}\n\n#smiley-box img {\n	margin: 3px;\n}\n\n/* Input field styles\n---------------------------------------- */\n.inputbox {\n	background-color: #FFFFFF;\n	border: 1px solid #c0c0c0;\n	color: #333333;\n	padding: 2px;\n	cursor: text;\n}\n\n.inputbox:hover {\n	border: 1px solid #eaeaea;\n}\n\n.inputbox:focus {\n	border: 1px solid #eaeaea;\n	color: #4b4b4b;\n}\n\ninput.inputbox	{ width: 85%; }\ninput.medium	{ width: 50%; }\ninput.narrow	{ width: 25%; }\ninput.tiny		{ width: 125px; }\n\ntextarea.inputbox {\n	width: 85%;\n}\n\n.autowidth {\n	width: auto !important;\n}\n\n/* Form button styles\n---------------------------------------- */\n\na.button1, input.button1, input.button3, a.button2, input.button2 {\n	width: auto !important;\n	padding-top: 1px;\n	padding-bottom: 1px;\n	color: #000;\n	background: #FAFAFA none repeat-x top left;\n}\n\na.button1, input.button1 {\n	font-weight: bold;\n	border: 1px solid #666666;\n}\n\ninput.button3 {\n	padding: 0;\n	margin: 0;\n	line-height: 5px;\n	height: 12px;\n	background-image: none;\n	font-variant: small-caps;\n}\n\n/* Alternative button */\na.button2, input.button2, input.button3 {\n	border: 1px solid #666666;\n}\n\n/* <a> button in the style of the form buttons */\na.button1, a.button1:link, a.button1:visited, a.button1:active, a.button2, a.button2:link, a.button2:visited, a.button2:active {\n	text-decoration: none;\n	color: #000000;\n	padding: 2px 8px;\n	line-height: 250%;\n	vertical-align: text-bottom;\n	background-position: 0 1px;\n}\n\n/* Hover states */\na.button1:hover, input.button1:hover, a.button2:hover, input.button2:hover, input.button3:hover {\n	border: 1px solid #BCBCBC;\n	background-position: 0 100%;\n	color: #BCBCBC;\n}\n\ninput.disabled {\n	font-weight: normal;\n	color: #666666;\n}\n\n/* Topic and forum Search */\n.search-box {\n	margin-top: 3px;\n	margin-left: 5px;\n	float: left;\n}\n\n.search-box input {\n}\n\ninput.search {\n	background-image: none;\n	background-repeat: no-repeat;\n	background-position: left 1px;\n	padding-left: 17px;\n}\n\n\n.narrow { width: 25%;}\n.tiny { width: 10%;}\n/* proSilver Style Sheet Tweaks\n\nThese style definitions are mainly IE specific \ntweaks required due to its poor CSS support.\n-------------------------------------------------*/\n.module-inner {zoom:1;position: relative;overflow:hidden;}\n\n* html table, * html select, * html input { font-size: 100%; }\n* html hr { margin: 0; }\n\n\ntable.table1 {\n	width: 99%;		/* IE < 6 browsers */\n	/* Tantek hack */\n	voice-family: \"\\\"}\\\"\";\n	voice-family: inherit;\n	width: 100%;\n}\nhtml>body table.table1 { width: 100%; }	/* Reset 100% for opera */\n\n* html ul.topiclist li { position: relative; }\n* html .postbody h3 img { vertical-align: middle; }\n\n/* Form styles */\nhtml>body dd label input { vertical-align: text-bottom; }	/* Align checkboxes/radio buttons nicely */\n\n* html input.button1, * html input.button2 {\n	padding-bottom: 0;\n	margin-bottom: 1px;\n}\n\n\n\n/* Misc layout styles */\n* html .column1, * html .column2 { width: 45%; }\n\n/* Nice method for clearing floated blocks without having to insert any extra markup (like spacer above)\n   From http://www.positioniseverything.net/easyclearing.html \n#tabs:after, #minitabs:after, .post:after, .navbar:after, fieldset dl:after, ul.topiclist dl:after, ul.linklist:after, dl.polls:after {\n	content: \".\"; \n	display: block; \n	height: 0; \n	clear: both; \n	visibility: hidden;\n}*/\n\n.clearfix, #tabs, #minitabs, fieldset dl, ul.topiclist dl, dl.polls {\n	height: 1%;\n	overflow: hidden;\n}\n\n/* viewtopic fix */\n* html .post {\n	height: 25%;\n	overflow: hidden;\n}\n\n/* navbar fix */\n* html .clearfix, * html .navbar, ul.linklist {\n	height: 4%;\n	overflow: hidden;\n}\n\n/* Simple fix so forum and topic lists always have a min-height set, even in IE6\n	From http://www.dustindiaz.com/min-height-fast-hack */\ndl.icon {\n	min-height: 35px;\n	height: auto !important;\n	height: 35px;\n}\n* html li.row dl.icon dt {\n	height: 35px;\n	overflow: visible;\n}\n\n* html #search-box {\n	width: 25%;\n}\n\n/* Correctly clear floating for details on profile view */\n*:first-child+html dl.details dd {\n	margin-left: 30%;\n	float: none;\n}\n\n* html dl.details dd {\n	margin-left: 30%;\n	float: none;\n}\n\n/* #minitabs fix for IE */\n.tabs-container {\n	zoom: 1;\n}\n\n#minitabs {\n	white-space: nowrap;\n	*min-width: 50%;\n}\n/*  	\n--------------------------------------------------------------\nColours and backgrounds for common.css\n-------------------------------------------------------------- */\n\n\nh3 {\n	border-bottom-color: #CCCCCC;\n}\n\nhr {\n	border-color: #FFFFFF;\n	border-top-color: #CCCCCC;\n}\n\nhr.dashed {\n	border-top-color: #CCCCCC;\n}\n\n/* Search box\n--------------------------------------------- */\n\n#search-box {\n	color: #FFFFFF;\n}\n\n#search-box #keywords {\n	background-color: #FFF;\n}\n\n#search-box input {\n	border-color: #0075B0;\n}\n\n/* Round cornered boxes and backgrounds\n---------------------------------------- */\n.headerbar {\n	background-color: #12A3EB;\n	background-image: url(\"{T_THEME_PATH}/images/bg_header.gif\");\n	color: #FFFFFF;\n}\n\n.navbar {\n	background-color: #cadceb;\n}\n\n.forabg {\n	background-color: #0076b1;\n	background-image: url(\"{T_THEME_PATH}/images/bg_list.gif\");\n}\n\n.forumbg {\n	background-color: #12A3EB;\n	background-image: url(\"{T_THEME_PATH}/images/bg_header.gif\");\n}\n\n.panel {\n	background-color: #ECF1F3;\n}\n\n\n\n\n\n.bg1	{ background-color: #ECF3F7; }\n.bg2	{ background-color: #e1ebf2;  }\n.bg3	{ background-color: #cadceb; }\n\n.ucprowbg {\n	background-color: #DCDEE2;\n}\n\n.fieldsbg {\n	background-color: #E7E8EA;\n}\n\nspan.corners-top {\n	background-image: url(\"{T_THEME_PATH}/images/corners_left.png\");\n}\n\nspan.corners-top span {\n	background-image: url(\"{T_THEME_PATH}/images/corners_right.png\");\n}\n\nspan.corners-bottom {\n	background-image: url(\"{T_THEME_PATH}/images/corners_left.png\");\n}\n\nspan.corners-bottom span {\n	background-image: url(\"{T_THEME_PATH}/images/corners_right.png\");\n}\n\n/* Horizontal lists\n----------------------------------------*/\n\nul.navlinks {\n	border-bottom-color: #FFFFFF;\n}\n\n/* Table styles\n----------------------------------------*/\n\n\ntable.table1 tbody tr {\n	border-color: #BFC1CF;\n}\n\ntable.table1 tbody tr:hover, table.table1 tbody tr.hover {\n	background-color: #CFE1F6;\n}\n\n\n\ntable.table1 tbody td {\n	border-top-color: #FAFAFA;\n}\n\ntable.table1 tbody th {\n	border-bottom-color: #000000;\n	color: #333333;\n	background-color: #FFFFFF;\n}\n\ntable.info tbody th {\n	color: #000000;\n}\n\n/* Misc layout styles\n---------------------------------------- */\n\n\n\n.sep {\n	color: #1198D9;\n}\n\n/* Pagination\n---------------------------------------- */\n\n.pagination span strong {\n	color: #FFFFFF;\n	background-color: #4692BF;\n	border-color: #4692BF;\n}\n\n.pagination span a, .pagination span a:link, .pagination span a:visited, .pagination span a:active {\n	color: #5C758C;\n	background-color: #ECEDEE;\n	border-color: #B4BAC0;\n}\n\n.pagination span a:hover {\n	border-color: #555555;\n	background-color: #555555;\n	color: #FFF;\n}\n\n/* Pagination in viewforum for multipage topics */\n.row .pagination {\n	background-image: url(\"{T_THEME_PATH}/images/icon_pages.gif\");\n}\n\n.row .pagination span a, li.pagination span a {\n	background-color: #FFFFFF;\n}\n\n.row .pagination span a:hover, li.pagination span a:hover {\n	background-color: #555555;\n}\n\n/* Miscellaneous styles\n---------------------------------------- */\n\n.copyright {\n	color: #555555;\n}\n\n.error {\n	color: #BC2A4D;\n}\n\n.reported {\n	background-color: #F7ECEF;\n}\n\nli.reported:hover {\n	background-color: #ECD5D8 !important;\n}\n.sticky, .announce {\n	/* you can add a background for stickies and announcements*/\n}\n\ndiv.rules {\n	background-color: #ECD5D8;\n	color: #BC2A4D;\n}\n\np.rules {\n	background-color: #ECD5D8;\n	background-image: none;\n}\n\n/*  	\n--------------------------------------------------------------\nColours and backgrounds for links.css\n-------------------------------------------------------------- */\n\n/* Post body links */\n.postlink {\n	color: #555555;\n	border-bottom-color: #555555;\n}\n\n.postlink:visited {\n	color: #5D8FBD;\n	border-bottom-color: #666666;\n}\n\n.postlink:active {\n	color: #555555;\n}\n\n.postlink:hover {\n	background-color: #D0E4F6;\n	color: #0D4473;\n}\n\n.signature a, .signature a:visited, .signature a:active, .signature a:hover {\n	background-color: transparent;\n}\n\n/* Profile links */\n.postprofile a:link, .postprofile a:active, .postprofile a:visited, .postprofile dt.author a {\n	color: #105289;\n}\n\n.postprofile a:hover, .postprofile dt.author a:hover {\n	color: #D31141;\n}\n\n/* Profile searchresults */	\n.search .postprofile a {\n	color: #105289;\n}\n\n.search .postprofile a:hover {\n	color: #D31141;\n}\n\n/* Back to top of page */\na.top {\n	background-image: url(\"{IMG_ICON_BACK_TOP_SRC}\");\n}\n\na.top2 {\n	background-image: url(\"{IMG_ICON_BACK_TOP_SRC}\");\n}\n\n/* Arrow links  */\na.up		{ background-image: url(\"{T_THEME_PATH}/images/arrow_up.gif\") }\na.down		{ background-image: url(\"{T_THEME_PATH}/images/arrow_down.gif\") }\na.left		{ background-image: url(\"{T_THEME_PATH}/images/arrow_left.gif\") }\na.right		{ background-image: url(\"{T_THEME_PATH}/images/arrow_right.gif\") }\n\na.up:hover {\n	background-color: transparent;\n}\n\na.left:hover {\n	color: #555555;\n}\n\na.right:hover {\n	color: #555555;\n}\n\n\n/*  	\n--------------------------------------------------------------\nColours and backgrounds for content.css\n-------------------------------------------------------------- */\n\nul.forums {\n	background-color: #eef5f9;\n	background-image: url(\"{T_THEME_PATH}/images/gradient.gif\");\n}\n\n\n\nul.topiclist dd {\n	border-left-color: #FFFFFF;\n}\n\n.rtl ul.topiclist dd {\n	border-right-color: #fff;\n	border-left-color: transparent;\n}\n\nul.topiclist li.row dt a.subforum.read {\n	background-image: url(\"{IMG_SUBFORUM_READ_SRC}\");\n}\n\nul.topiclist li.row dt a.subforum.unread {\n	background-image: url(\"{IMG_SUBFORUM_UNREAD_SRC}\");\n}\n\nli.row {\n	border-top-color:  #FFFFFF;\n	border-bottom-color: #00608F;\n}\n\nli.row strong {\n	color: #000000;\n}\n\nli.row:hover {\n	background-color: #F6F4D0;\n}\n\nli.row:hover dd {\n	border-left-color: #CCCCCC;\n}\n\n.rtl li.row:hover dd {\n	border-right-color: #CCCCCC;\n	border-left-color: transparent;\n}\n\n\n/* Forum list column styles */\nul.topiclist dd.searchextra {\n	color: #333333;\n}\n\n/* Post body styles\n----------------------------------------*/\n\n\n/* Content container styles\n----------------------------------------*/\n\n\n.content h2, .panel h2 {\n	border-bottom-color:  #CCCCCC;\n}\n\n\n\n.posthilit {\n	background-color: #F3BFCC;\n	color: #BC2A4D;\n}\n\n/* Post signature */\n.signature {\n	border-top-color: #CCCCCC;\n}\n\n/* Post noticies */\n.notice {\n	border-top-color:  #CCCCCC;\n}\n\n/* BB Code styles\n----------------------------------------*/\n/* Quote block */\nblockquote {\n	background-color: #FFFFFF;\n	background-image: url(\"{T_THEME_PATH}/images/quote.gif\");\n	border-color:#DBDBCE;\n}\n.rtl blockquote {\n	background-image: url(\"{T_THEME_PATH}/images/quote_rtl.gif\");\n}\n\n\nblockquote blockquote {\n	/* Nested quotes */\n	background-color:#ECECEC;\n}\n\nblockquote blockquote blockquote {\n	/* Nested quotes */\n	background-color: #DFDFDF;\n}\n\n/* Code block */\ndl.codebox {\n	background-color: #FFFFFF;\n	border-color: #C9D2D8;\n}\n\ndl.codebox dt {\n	border-bottom-color:  #CCCCCC;\n}\n\ndl.codebox code {\n	color: #2E8B57;\n}\n\n.syntaxbg		{ color: #FFFFFF; }\n.syntaxcomment	{ color: #FF8000; }\n.syntaxdefault	{ color: #0000BB; }\n.syntaxhtml		{ color: #000000; }\n.syntaxkeyword	{ color: #007700; }\n.syntaxstring	{ color: #DD0000; }\n\n/* Attachments\n----------------------------------------*/\n.attachbox {\n	background-color: #FFFFFF;\n	border-color:  #C9D2D8;\n}\n\n.pm-message .attachbox {\n	background-color: #F2F3F3;\n}\n\n.attachbox dd {\n	border-top-color: #C9D2D8;\n}\n\n.attachbox p {\n	color: #666666;\n}\n\n.attachbox p.stats {\n	color: #666666;\n}\n\n.attach-image img {\n	border-color: #999999;\n}\n\n/* Inline image thumbnails */\n\ndl.file dd {\n	color: #666666;\n}\n\ndl.thumbnail img {\n	border-color: #666666;\n	background-color: #FFFFFF;\n}\n\ndl.thumbnail dd {\n	color: #666666;\n}\n\ndl.thumbnail dt a:hover {\n	background-color: #EEEEEE;\n}\n\ndl.thumbnail dt a:hover img {\n	border-color: #555555;\n}\n\n/* Post poll styles\n----------------------------------------*/\n\nfieldset.polls dl {\n	border-top-color: #DCDEE2;\n	color: #666666;\n}\n\nfieldset.polls dl.voted {\n	color: #000000;\n}\n\nfieldset.polls dd div {\n	color: #FFFFFF;\n}\n\n.rtl .pollbar1, .rtl .pollbar2, .rtl .pollbar3, .rtl .pollbar4, .rtl .pollbar5 {\n	border-right-color: transparent;\n}\n\n.pollbar1 {\n	background-color: #AA2346;\n	border-bottom-color: #74162C;\n	border-right-color: #74162C;\n}\n\n.rtl .pollbar1 {\n	border-left-color: #74162C;\n}\n\n.pollbar2 {\n	background-color: #BE1E4A;\n	border-bottom-color: #8C1C38;\n	border-right-color: #8C1C38;\n}\n\n.rtl .pollbar2 {\n	border-left-color: #8C1C38;\n}\n\n.pollbar3 {\n	background-color: #D11A4E;\n	border-bottom-color: #AA2346;\n	border-right-color: #AA2346;\n}\n\n.rtl .pollbar3 {\n	border-left-color: #AA2346;\n}\n\n.pollbar4 {\n	background-color: #E41653;\n	border-bottom-color: #BE1E4A;\n	border-right-color: #BE1E4A;\n}\n\n.rtl .pollbar4 {\n	border-left-color: #BE1E4A;\n}\n\n.pollbar5 {\n	background-color: #F81157;\n	border-bottom-color: #D11A4E;\n	border-right-color: #D11A4E;\n}\n\n.rtl .pollbar5 {\n	border-left-color: #D11A4E;\n}\n\n/* Poster profile block\n----------------------------------------*/\n.postprofile {\n	border-left-color: #FFFFFF;\n}\n\n.rtl .postprofile {\n	border-right-color: #FFFFFF;\n	border-left-color: transparent;\n}\n\n.pm .postprofile {\n	border-left-color: #DDDDDD;\n}\n\n.rtl .pm .postprofile {\n	border-right-color: #DDDDDD;\n	border-left-color: transparent;\n}\n\n.postprofile strong {\n	color: #000000;\n}\n\n.online {\n	background-image: url(\"{T_IMAGESET_LANG_PATH}/icon_user_online.png\");\n}\n\n/*  	\n--------------------------------------------------------------\nColours and backgrounds for buttons.css\n-------------------------------------------------------------- */\n\n/* Big button images */\n.reply-icon span	{ background-image: url(\"{IMG_BUTTON_TOPIC_REPLY_SRC}\"); }\n.post-icon span		{ background-image: url(\"{IMG_BUTTON_TOPIC_NEW_SRC}\"); }\n.locked-icon span	{ background-image: url(\"{IMG_BUTTON_TOPIC_LOCKED_SRC}\"); }\n.pmreply-icon span	{ background-image: url(\"{IMG_BUTTON_PM_REPLY_SRC}\") ;}\n.newpm-icon span 	{ background-image: url(\"{IMG_BUTTON_PM_NEW_SRC}\") ;}\n.forwardpm-icon span	{ background-image: url(\"{IMG_BUTTON_PM_FORWARD_SRC}\") ;}\n\na.print {\n	background-image: url(\"{T_THEME_PATH}/images/icon_print.gif\");\n}\n\na.sendemail {\n	background-image: url(\"{T_THEME_PATH}/images/icon_sendemail.gif\");\n}\n\na.fontsize {\n	background-image: url(\"{T_THEME_PATH}/images/icon_fontsize.gif\");\n}\n\n/* Icon images\n---------------------------------------- */\n.sitehome						{ background-image: url(\"{T_THEME_PATH}/images/icon_home.gif\"); }\n.icon-faq						{ background-image: url(\"{T_THEME_PATH}/images/icon_faq.gif\"); }\n.icon-members					{ background-image: url(\"{T_THEME_PATH}/images/icon_members.gif\"); }\n.icon-home						{ background-image: url(\"{T_THEME_PATH}/images/icon_home.gif\"); }\n.icon-ucp						{ background-image: url(\"{T_THEME_PATH}/images/icon_ucp.gif\"); }\n.icon-register					{ background-image: url(\"{T_THEME_PATH}/images/icon_register.gif\"); }\n.icon-logout					{ background-image: url(\"{T_THEME_PATH}/images/icon_logout.gif\"); }\n.icon-bookmark					{ background-image: url(\"{T_THEME_PATH}/images/icon_bookmark.gif\"); }\n.icon-bump						{ background-image: url(\"{T_THEME_PATH}/images/icon_bump.gif\"); }\n.icon-subscribe					{ background-image: url(\"{T_THEME_PATH}/images/icon_subscribe.gif\"); }\n.icon-unsubscribe				{ background-image: url(\"{T_THEME_PATH}/images/icon_unsubscribe.gif\"); }\n.icon-pages						{ background-image: url(\"{T_THEME_PATH}/images/icon_pages.gif\"); }\n.icon-search					{ background-image: url(\"{T_THEME_PATH}/images/icon_search.gif\"); }\n\n/* Profile & navigation icons */\n.email-icon, .email-icon a		{ background-image: url(\"{IMG_ICON_CONTACT_EMAIL_SRC}\"); }\n.aim-icon, .aim-icon a			{ background-image: url(\"{IMG_ICON_CONTACT_AIM_SRC}\"); }\n.yahoo-icon, .yahoo-icon a		{ background-image: url(\"{IMG_ICON_CONTACT_YAHOO_SRC}\"); }\n.web-icon, .web-icon a			{ background-image: url(\"{IMG_ICON_CONTACT_WWW_SRC}\"); }\n.msnm-icon, .msnm-icon a			{ background-image: url(\"{IMG_ICON_CONTACT_MSNM_SRC}\"); }\n.icq-icon, .icq-icon a			{ background-image: url(\"{IMG_ICON_CONTACT_ICQ_SRC}\"); }\n.jabber-icon, .jabber-icon a		{ background-image: url(\"{IMG_ICON_CONTACT_JABBER_SRC}\"); }\n.pm-icon, .pm-icon a				{ background-image: url(\"{IMG_ICON_CONTACT_PM_SRC}\"); }\n.quote-icon, .quote-icon a		{ background-image: url(\"{IMG_ICON_POST_QUOTE_SRC}\"); }\n\n/* Moderator icons */\n.report-icon, .report-icon a		{ background-image: url(\"{IMG_ICON_POST_REPORT_SRC}\"); }\n.edit-icon, .edit-icon a			{ background-image: url(\"{IMG_ICON_POST_EDIT_SRC}\"); }\n.delete-icon, .delete-icon a		{ background-image: url(\"{IMG_ICON_POST_DELETE_SRC}\"); }\n.info-icon, .info-icon a			{ background-image: url(\"{IMG_ICON_POST_INFO_SRC}\"); }\n.warn-icon, .warn-icon a			{ background-image: url(\"{IMG_ICON_USER_WARN_SRC}\"); } /* Need updated warn icon */\n\n/*  	\n--------------------------------------------------------------\nColours and backgrounds for cp.css\n-------------------------------------------------------------- */\n\n/* Main CP box\n----------------------------------------*/\n\n#cp-main h3, #cp-main hr, #cp-menu hr {\n	border-color: #A4B3BF;\n}\n\n#cp-main .panel li.row {\n	border-bottom-color: #B5C1CB;\n	border-top-color: #F9F9F9;\n}\n\nul.cplist {\n	border-top-color: #B5C1CB;\n}\n\n#cp-main .panel li.header dd, #cp-main .panel li.header dt {\n	color: #000000;\n}\n\n#cp-main table.table1 thead th {\n	border-bottom-color: #333333;\n}\n\n#cp-main .pm-message {\n	border-color: #DBDEE2;\n	background-color: #FFFFFF;\n}\n\n/* CP tabbed menu\n----------------------------------------*/\n#tabs a {\n	background-image: url(\"{T_THEME_PATH}/images/bg_tabs1.gif\");\n}\n\n#tabs a span {\n	background-image: url(\"{T_THEME_PATH}/images/bg_tabs2.gif\");\n}\n\n#tabs .activetab a {\n	border-bottom-color: #CADCEB;\n}\n/* Mini tabbed menu used in MCP\n----------------------------------------*/\n#minitabs li {\n	background-color: #E1EBF2;\n}\n\n#minitabs li.activetab {\n	background-color: #F9F9F9;\n}\n\n#minitabs li.activetab a, #minitabs li.activetab a:hover {\n	color: #333333;\n}\n\n/* UCP navigation menu\n----------------------------------------*/\n\n/* Link styles for the sub-section links */\n#navigation a {\n	background-color: #B2C2CF;\n	background-image: url(\"{T_THEME_PATH}/images/bg_menu.gif\");\n}\n\n#navigation a:hover {\n                   background-image: none;\n	background-color: #aabac6;\n}\n\n#navigation #active-subsection a {\n	background-color: #F9F9F9;\n	background-image: none;\n}\n\n\n\n/* Preferences pane layout\n----------------------------------------*/\n\n\n#cp-main .panel {\n	background-color: #F9F9F9;\n}\n\n#cp-main .pm {\n	background-color: #FFFFFF;\n}\n\n#cp-main span.corners-top, #cp-menu span.corners-top {\n	background-image: url(\"{T_THEME_PATH}/images/corners_left2.gif\");\n}\n\n#cp-main span.corners-top span, #cp-menu span.corners-top span {\n	background-image: url(\"{T_THEME_PATH}/images/corners_right2.gif\");\n}\n\n#cp-main span.corners-bottom, #cp-menu span.corners-bottom {\n	background-image: url(\"{T_THEME_PATH}/images/corners_left2.gif\");\n}\n\n#cp-main span.corners-bottom span, #cp-menu span.corners-bottom span {\n	background-image: url(\"{T_THEME_PATH}/images/corners_right2.gif\");\n}\n\n/* Topicreview */\n#cp-main .panel #topicreview span.corners-top, #cp-menu .panel #topicreview span.corners-top {\n	background-image: url(\"{T_THEME_PATH}/images/corners_left.gif\");\n}\n\n#cp-main .panel #topicreview span.corners-top span, #cp-menu .panel #topicreview span.corners-top span {\n	background-image: url(\"{T_THEME_PATH}/images/corners_right.gif\");\n}\n\n#cp-main .panel #topicreview span.corners-bottom, #cp-menu .panel #topicreview span.corners-bottom {\n	background-image: url(\"{T_THEME_PATH}/images/corners_left.gif\");\n}\n\n#cp-main .panel #topicreview span.corners-bottom span, #cp-menu .panel #topicreview span.corners-bottom span {\n	background-image: url(\"{T_THEME_PATH}/images/corners_right.gif\");\n}\n\n/* Friends list */\n.cp-mini {\n	background-color: #eef5f9;\n}\n\n\n\n/* PM Styles\n----------------------------------------*/\n/* PM Message history */\n.current {\n	color: #000000 !important;\n}\n\n/* PM panel adjustments */\n.pm-panel-header,\n#cp-main .pm-message-nav {\n	border-bottom-color: #A4B3BF;\n}\n\n/* PM marking colours */\n.pmlist li.pm_message_reported_colour, .pm_message_reported_colour {\n	border-left-color: #BC2A4D;\n	border-right-color: #BC2A4D;\n}\n\n.pmlist li.pm_marked_colour, .pm_marked_colour {\n	border-color: #FF6600;\n}\n\n.pmlist li.pm_replied_colour, .pm_replied_colour {\n	border-color: #A9B8C2;\n}\n\n.pmlist li.pm_friend_colour, .pm_friend_colour {\n	border-color: #5D8FBD;\n}\n\n.pmlist li.pm_foe_colour, .pm_foe_colour {\n	border-color: #000000;\n}\n\n/* Avatar gallery */\n#gallery label {\n	background-color: #FFFFFF;\n	border-color: #CCC;\n}\n\n#gallery label:hover {\n	background-color: #EEE;\n}\n\n/*  	\n--------------------------------------------------------------\nColours and backgrounds for forms.css\n-------------------------------------------------------------- */\n\n/* General form styles\n----------------------------------------*/\nselect {\n	border-color: #666666;\n	background-color: #FAFAFA;\n        color: #000;\n}\n\n\n\noption.disabled-option {\n	color: graytext;\n}\n\n/* Definition list layout for forms\n---------------------------------------- */\n\n\n\n\n/* Quick-login on index page */\nfieldset.quick-login input.inputbox {\n	background-color: #F2F3F3;\n}\n\n/* Posting page styles\n----------------------------------------*/\n\n#message-box textarea {\n	color: #333333;\n}\n\n/* Input field styles\n---------------------------------------- */\n.inputbox {\n	background-color: #FFFFFF; \n	border-color: #B4BAC0;\n	color: #333333;\n}\n\n.inputbox:hover {\n	border-color: #11A3EA;\n}\n\n.inputbox:focus {\n	border-color: #11A3EA;\n	color: #0F4987;\n}\n\n/* Form button styles\n---------------------------------------- */\n\na.button1, input.button1, input.button3, a.button2, input.button2 {\n	color: #000;\n	background-color: #FAFAFA;\n	background-image: url(\"{T_THEME_PATH}/images/bg_button.gif\");\n}\n\na.button1, input.button1 {\n	border-color: #666666;\n}\n\ninput.button3 {\n	background-image: none;\n}\n\n/* Alternative button */\na.button2, input.button2, input.button3 {\n	border-color: #666666;\n}\n\n/* <a> button in the style of the form buttons */\na.button1, a.button1:link, a.button1:visited, a.button1:active, a.button2, a.button2:link, a.button2:visited, a.button2:active {\n	color: #000000;\n}\n\n/* Hover states */\na.button1:hover, input.button1:hover, a.button2:hover, input.button2:hover, input.button3:hover {\n	border-color: #BC2A4D;\n	color: #BC2A4D;\n}\n\ninput.search {\n	background-image: url(\"{T_THEME_PATH}/images/icon_textbox_search.gif\");\n}\n\ninput.disabled {\n	color: #666666;\n}\n/**\n * @package   Quasar Template - RocketTheme\n * @version   1.5.2 March 9, 2010\n * @author    RocketTheme http://www.rockettheme.com\n * @copyright Copyright (C) 2007 - 2010 RocketTheme, LLC\n * @license   http://www.rockettheme.com/legal/license.php RocketTheme Proprietary Use License\n */\n/* Core */\nbody {font-family: Helvetica,Arial,sans-serif;min-width: 960px;}\n.font-family-optima {font-family: Optima, Lucida, \'MgOpen Cosmetica\', \'Lucida Sans Unicode\', sans-serif;}\n.font-family-geneva {font-family: Geneva, Tahoma, \"Nimbus Sans L\", sans-serif;}\n.font-family-helvetica {font-family: Helvetica, Arial, FreeSans, sans-serif;}\n.font-family-lucida {font-family: \"Lucida Grande\",Helvetica,Verdana,sans-serif;}\n.font-family-georgia {font-family: Georgia, sans-serif;}\n.font-family-trebuchet {font-family: \"Trebuchet MS\", sans-serif;}\n.font-family-palatino {font-family: \"Palatino Linotype\", \"Book Antiqua\", Palatino, \"Times New Roman\", Times, serif;}\n#rt-menu .rt-container, #rt-top .rt-container, #rt-showcase .rt-container, #rt-feature .rt-container, #rt-main .rt-container, #rt-bottom .rt-container, #rt-footer .rt-container, #rt-copyright .rt-container, #rt-maintop .rt-container, #rt-mainbottom .rt-container, #rt-breadcrumbs .rt-container, #rt-header .rt-container, #rt-toptab .rt-container, #rt-bottomtab .rt-container {background: transparent;}\n.title {font-weight: normal;}\n\n/* phpBB3 */\n#wrap {\n    padding: 0px;\n}\n\n#page-body  {\n    font-size: 1em;\n    line-height: normal; \n}\n\n#tz {\n    width: 100% !important;\n}\n#page-body {\n    line-height:normal;\n}\n.navbar, .forabg,.forumbg, .headerbar,ul.forums, li.row  {\n    background: none;\n    border: 0px none;\n}\n\n.forabg,.forumbg {\npadding-left: 16px;\n}\n\ndiv.panel {\n    background-color: transparent;\n}\n\ndd.lastpost {\nwidth:29%;\n}\nul.topiclist dt {\n    width:45%;\n}\nul.topiclist dd {\n    border: 0px none;\n}\n\n#cp-main li.header { \ndisplay: none;\n}\n\ndiv.panel.bg3   {\n    background-color: #DDDDDD;\n}\n\n#cp-main .panel { \nbackground-color: #ECECEC;\n}\n\n#tabs .activetab a {\n    border: 0px none;\n}\n\ntable.table1 thead th {\n    padding-top: 9px;\n}\n.postprofile { \nborder-left-color: #DFDFDF;\n}\n\n#cp-main .pm {\n    background-color: #f9f9f9;\n}\n\n#navigation #active-subsection a {\nbackground-color: #ECECEC;\nbackground-image:none;\n}\n\n#navigation a:hover {\nbackground-color: #FFFFFF;\n}\n\n\n#navigation a {\n    background:#E3E3E3 none repeat scroll 0 0;\n}\n\n#cp-main h3, #cp-main hr, #cp-menu hr {\n    border: 0px none;\n}\n\n\n#minitabs li {\nbackground-color:#FFFFFF;\n}\n\n#minitabs {\n    margin-top: 10px;\n}\n\na.button1:hover, input.button1:hover, a.button2:hover, input.button2:hover, input.button3:hover,.inputbox:hover,.inputbox:focus {\n    border-color: #CCCCCC;\n    color: #7A7A7A;\n}\na.left:hover {\n   color: #7A7A7A;\n}\n\n#cp-main dt {\n    line-height: 1.8em;\n}\n\np.author {\n    width: 100%;\n}\n\n.row .pagination span a:hover, li.pagination span a:hover {\n	background-color:#C7C7C7;\n}\n\n#cp-main .panel li.row,ul.cplist {\n    border-top: 0px none;\n    border-bottom: 0px none;\n}\n\n.online {\n    background-repeat: no-repeat !important;\n    background-position: 100% 0 !important;\n}\n\n.pagination span strong {\nbackground-color:#DBDBDB;\nborder-color:#B6B6B6;\ncolor: #1C1C1C;\n}\n\n.pagination span a, .pagination span a:link, .pagination span a:visited, .pagination span a:active {\nbackground-color:#DBDBDB;\nborder-color:#B6B6B6;\ncolor: #1C1C1C;\n}\n\n#qr_editor_div #message-box {\n    width: 99%;\n}\n\n#tz {\n    width: 100% !important;\n}\n\ndd.lastpost {\n    white-space: nowrap;\n}\n\n#tabs {\n    font-size: 79%;\n}\n\n#cp-main,#cp-menu {\n    font-size: 90%;\n}\n\n#cp-main dt {\n    font-size: 100%;\n}\n\nfieldset dd {\nmargin-bottom:8px;\n}\n\nfieldset.display-options {\n    padding-top: 10px;\n     padding-bottom: 6px;\n}\ntextarea {\n    font-size: 120%;\n}\n\n#page-body h2 {\n    display: none;\n}\n#cp-main h2 {\n    display: block;\n}\n\n\n/* forum header */\n\nli.header {\n    font-weight: bold;    \n}\nli.header dl.icon {\nmin-height:28px;\n}\n\nli.header dt {\n    text-transform: none;\n    background: transparent url(\"{T_THEME_PATH}/images/system/light/indicator.png\") no-repeat 5% 50%;\n}\n\nli.header dd {\n    text-transform: none;\n}\n\nli.header dl{\npadding-top:4px;\nmargin-left: -14px;\n}\n\nli.header dl.icon dt {\npadding-left:26px;\npadding-right: 22px;\n}\n\nli.header { background: transparent url(\"{T_THEME_PATH}/images/system/light/header-r.png\") no-repeat scroll 100% 0; }\nli.header dl { background: transparent url(\"{T_THEME_PATH}/images/system/light/header-l.png\") no-repeat scroll 0 0; }\n\nul.forums li, ul.topics li {\n    border-bottom: 1px solid #EDEDED;\n    margin-left:-11px;\n    padding-top: 3px;\n    padding-bottom: 3px;\n}\n\n.pagination {\n    margin-bottom:10px;\nmargin-top:10px;\n}\n\n\n\n/* Icon images\n---------------------------------------- */\n.sitehome						{ background-image: url(\"{T_THEME_PATH}/images/icon_home.png\"); }\n.icon-faq						{ background-image: url(\"{T_THEME_PATH}/images/icon_faq.png\"); }\n.icon-members					{ background-image: url(\"{T_THEME_PATH}/images/icon_members.png\"); }\n.icon-home						{ background-image: url(\"{T_THEME_PATH}/images/icon_home.png\"); }\n.icon-ucp						{ background-image: url(\"{T_THEME_PATH}/images/icon_ucp.png\"); }\n.icon-register					{ background-image: url(\"{T_THEME_PATH}/images/icon_register.png\"); }\n.icon-logout					{ background-image: url(\"{T_THEME_PATH}/images/icon_logout.png\"); }\n.icon-bookmark					{ background-image: url(\"{T_THEME_PATH}/images/icon_bookmark.png\"); }\n.icon-bump						{ background-image: url(\"{T_THEME_PATH}/images/icon_bump.png\"); }\n.icon-subscribe					{ background-image: url(\"{T_THEME_PATH}/images/icon_subscribe.png\"); }\n.icon-unsubscribe				{ background-image: url(\"{T_THEME_PATH}/images/icon_unsubscribe.png\"); }\n.icon-pages						{ background-image: url(\"{T_THEME_PATH}/images/icon_pages.png\"); }\n.icon-search					{ background-image: url(\"{T_THEME_PATH}/images/icon_search.png\"); }\n\n/* Top */\n#rt-top .search .inputbox {width: 236px;height: 20px;line-height: 16px;border: 0;padding: 3px 0 0 5px;}\n#rt-top .search {text-align: right;}\n\n/* Header */\n#rt-header {position: relative;z-index: 2;}\n#rt-header .rt-block {margin-bottom: 0;}\n#rt-header4 {padding: 5px 0;}\n#rt-logo {width: 236px;height: 49px;display: block;}\n\n/* Top Menu */\n#rt-header ul {margin: 0;padding: 0;float: right;position: relative;z-index: 1000;}\n#rt-header ul li {padding: 0;margin-left: 4px;margin-bottom: 4px;list-style: none;float: left;position: relative;}\n#rt-header ul li a, #rt-header ul li .separator {display: block;height: 29px;line-height: 28px;margin-left: 8px;cursor: pointer;z-index: 100;position: relative;}\n#rt-header ul li a span, #rt-header ul li .separator span {display: block;padding: 0 10px;height: 29px;line-height: 28px;margin-left: -8px;font-size: 14px;}\n#rt-header li ul li.parent {background: url(images/parent.png) 97% 12px no-repeat;}\n\n/* Menu Dropdowns */\n#rt-header li ul {position:absolute;width:200px;top:-999em;left: auto;padding: 10px 0;}\n#rt-header li ul ul {margin: 0;}\n#rt-header li:hover ul ul, #rt-header li:hover ul ul ul, #rt-header li:hover ul ul ul ul {top:-999em;left: auto;}\n#rt-header li li {margin: 0;padding: 0 10px 0 18px;height:auto;width:172px;}\n#rt-header li li a, #rt-header li li.active a, #rt-header li li a:hover, #rt-header li li .separator, #rt-header li li.active .separator {margin:0;padding: 0;height: auto;float: none;width: auto;line-height:20px;display: block;}\n#rt-header li li a span, #rt-header li li.active a span, #rt-header li li a:hover span, #rt-header li li .separator span, #rt-header li li.active .separator span {width: auto;display: block;line-height: 20px;text-transform: none;padding: 5px 5px 0 10px;}\n#rt-header li li a, #rt-header li.active li a, #rt-header li li .separator, #rt-header li.active li .separator {font-weight:normal;}\n#rt-header li:hover ul {left: 0;top: 29px;}\n#rt-header li li:hover ul, #rt-header li li li:hover ul, #rt-header li li li li:hover ul {left:200px;top: -11px;}\n\n/* Showcase */\n#rt-showcase {position: relative;z-index: 1;}\n#rt-showcase .showcase-title {font-size: 3.8em;line-height: 1em;font-weight: bold;margin-top: 15px;}\n\n/* Main Body */\n#rt-toptab .rt-block {padding: 15px 0 0 0;margin: 0;}\n#rt-toptab .toptab, #rt-toptab .toptab2 {height: 34px;display: inline-block;}\n#rt-toptab .toptab {margin-left: 25px;}\n#rt-toptab .toptab2 {padding: 0 25px;line-height: 34px;font-size: 18px;margin-left: -25px;}\n#rt-main-surround .rt-article-title {text-transform: none;margin: 0;display: block;font-size: 180%;letter-spacing: normal;}\n#rt-sidebar-a, #rt-sidebar-b, #rt-sidebar-c {background-color: transparent;}\n#rt-main-surround {overflow: hidden;}\n#form-login ul li a, #com-form-login ul li a, ul.rt-more-articles li a, .rt-section-list ul li a {background-position: 0 2px;padding-left: 15px;}\n#form-login ul li a:hover, #com-form-login ul li a:hover, ul.rt-more-articles li a:hover, .rt-section-list ul li a:hover {background-position: 0 -453px;}\n\n/* Side Menus */\n#rt-main-surround ul.menu {padding-left: 0;}\n#rt-main-surround ul.menu li {list-style: none;margin-left: 0;}\n#rt-main-surround ul.menu a, #rt-main-surround ul.menu .separator, #rt-main-surround ul.menu .item {display: block;text-indent: 0;overflow: hidden;font-size: 120%;font-weight: normal;padding: 4px 0 8px 20px;line-height: 1.8em;}\n#rt-main-surround ul.menu li.active > a, #rt-main-surround ul.menu li.active > .separator, #rt-main-surround ul.menu li.active > .item {font-weight: bold;}\n#rt-main-surround ul.menu li li {padding: 0;margin: 0;font-size: 95%;background: none;border: none;}\n#rt-main-surround .menu .subtext em {line-height: 14px;}\n#rt-main-surround .menu em {display: block;font-size:80%;font-style: normal;font-weight: normal;}\n#rt-main-surround ul.menu li a:hover, #rt-main-surround ul.menu li .separator:hover, #rt-main-surround ul.menu li .item:hover, #rt-main-surround ul.menu li.active > a, #rt-main-surround ul.menu li.active > .separator, #rt-main-surround ul.menu li.active > .item {background-position: 5px -445px;}\n\n/* Modules */\n.module-title {margin: 15px 0;}\nh2.title {display: block;letter-spacing: normal;line-height: 1em;margin: 0;}\n.flush .rt-block {padding: 0;}\n.icon1 .module-surround, .icon2 .module-surround, .icon3 .module-surround, .icon4 .module-surround {padding-left: 60px;position: relative;}\n.module-icon {width: 45px;height: 41px;position: absolute;left: 0;top: 0;}\n.icon1 .module-icon {background-position: 0 0;}\n.icon2 .module-icon {background-position: 0 -44px;}\n.icon3 .module-icon {background-position: 0 -87px;}\n.icon4 .module-icon {background-position: 0 -129px;}\n\n/* Bottom */\n#rt-bottom .rt-container {border: 0;}\n#rt-bottomtab .rt-block {padding: 15px 0 0 0;margin: 0;}\n#rt-bottomtab .bottomtab, #rt-bottomtab .bottomtab2 {height: 34px;display: inline-block;}\n#rt-bottomtab .bottomtab2 {padding: 0 25px;line-height: 34px;font-size: 18px;}\n\n/* Footer */\n#powered-by {margin:10px 0;}\n#rocket {display:inline-block;width: 148px;height: 23px;margin:0 20px 0 5px;vertical-align:middle;}\n#gantry-logo {display:inline-block;width: 102px;height: 27px;margin:0 10px 0 0px;vertical-align:middle;background-position: 0 -24px;}\n#rt-copyright {text-align: left;}\n#gantry-totop, #gantry-totop span {height: 34px;display: inline-block;position: absolute;bottom: 0;right: 0;cursor: pointer;}\n#gantry-totop span {padding: 0 25px;line-height: 34px;text-align: center;white-space: nowrap;}\n#gantry-resetsettings {margin-left:15px;margin-bottom:5px;display:block;float:left;}\n\n/* Typography */\n.readon {display: inline-block;margin-left: 8px;height: 30px;}\n.readon span, .readon .button {display: block;margin-left: -8px;padding: 0 18px 0 10px;border: 0;font-size: 13px;cursor: pointer;height: 30px;line-height: 30px;float: left;}\n.readon:hover {background-position: 100% -30px;}\n.readon:hover span, .readon:hover .button {background-position: 0 -30px;}\n#rt-bottom .readon {background-position: 100% -60px;}\n#rt-bottom .readon span, #rt-bottom .readon .button {background-position: 0 -60px;}\n#rt-bottom .readon:hover {background-position: 100% -90px;}\n#rt-bottom .readon:hover span, #rt-bottom .readon:hover .button {background-position: 0 -90px;}\n#rt-footer .readon {background-position: 100% -120px;}\n#rt-footer .readon span, #rt-footer .readon .button {background-position: 0 -120px;}\n#rt-footer .readon:hover {background-position: 100% -150px;}\n#rt-footer .readon:hover span, #rt-footer .readon:hover .button {background-position: 0 -150px;}\n#rt-accessibility .rt-desc {display: block;float: left;text-align: left;margin-right: 5px;font-size: 12px;font-weight: bold;}\n#rt-accessibility #rt-buttons {float: left;}\n#rt-accessibility .button {display: block;width: 14px;height: 8px;}\n#rt-accessibility a.large .button {background-position: 0 0;margin-bottom: 4px;}\n#rt-accessibility a.large:hover .button {background-position: -15px 0;}\n#rt-accessibility a.small .button {background-position: 0 -11px;}\n#rt-accessibility a.small:hover .button {background-position: -15px -11px;}\n.rokradios, .rokchecks {padding: 1px 5px 7px 24px;line-height: 120%;}\n.rokradios {background-position: 0 0;background-repeat: no-repeat;}\n.rokradios-active {background-position: 0 -211px;background-repeat: no-repeat;}\n.rokchecks {background-position: 0 -423px;background-repeat: no-repeat;}\n.rokchecks-active {background-position: 0 -634px;background-repeat: no-repeat;}\n.date-block .date {font-size: 110%;}\n#rt-breadcrumbs {margin-top: 10px;}\n#breadcrumbs-home {width: 15px;height: 15px;display: block;float: left;margin-top: 4px;}\n#breadcrumbs h3, .leading_separator {display: none;}\nspan.breadcrumbs {display: block;font-size: 110%;font-weight: bold;overflow: hidden;}\nspan.breadcrumbs img {width: 12px;height: 23px;float: left;}\nspan.breadcrumbs a, span.no-link {padding: 0 10px;float: left;display: block;height: 23px;line-height: 20px;}\n.floatleft {float: left;margin-right: 25px;margin-bottom: 25px;}\n.floatright {float: right;margin-left: 25px;margin-bottom: 25px;}\n\n/* RTL */\nbody.rtl #rt-top .search .inputbox {padding: 3px 5px 0 0;}\nbody.rtl #rt-top .search {text-align: right;}\nbody.rtl #rt-header ul {float: left;}\nbody.rtl #rt-header ul li {float: right;}\nbody.rtl #rt-header li ul li.parent {background: url(images/parent-rtl.png) 5px 12px no-repeat;}\nbody.rtl #rt-header li ul {position:absolute;width:200px;top:-999em;left: auto;padding: 10px 0;}\nbody.rtl #rt-header li ul ul {margin: 0;}\nbody.rtl #rt-header li:hover ul ul, body.rtl #rt-header li:hover ul ul ul, body.rtl #rt-header li:hover ul ul ul ul {top:-999em;left: auto;}\nbody.rtl #rt-header li li {margin: 0;padding: 0 10px 0 18px;height:auto;width:172px;}\nbody.rtl #rt-header li li a, body.rtl #rt-header li li.active a, body.rtl #rt-header li li a:hover, body.rtl #rt-header li li .separator, body.rtl #rt-header li li.active .separator {margin:0;padding: 0;height: auto;float: none;width: auto;line-height:20px;display: block;}\nbody.rtl #rt-header li li a span, body.rtl #rt-header li li.active a span, body.rtl #rt-header li li a:hover span, body.rtl #rt-header li li .separator span, body.rtl #rt-header li li.active .separator span {width: auto;display: block;line-height: 20px;text-transform: none;padding: 5px 5px 0 10px;}\nbody.rtl #rt-header li li a, body.rtl #rt-header li.active li a, body.rtl #rt-header li li .separator, body.rtl #rt-header li.active li .separator {font-weight:normal;}\nbody.rtl #rt-header li:hover ul {top: 29px;right: 0;}\nbody.rtl #rt-header li li:hover ul, body.rtl #rt-header li li li:hover ul, body.rtl #rt-header li li li li:hover ul {top: -11px;right: 200px;}\nbody.rtl #form-login ul li a, body.rtl #com-form-login ul li a, body.rtl ul.rt-more-articles li a, body.rtl .rt-section-list ul li a {background-position: 100% 2px;padding-left: 15px;}\nbody.rtl #form-login ul li a:hover, body.rtl #com-form-login ul li a:hover, body.rtl ul.rt-more-articles li a:hover, body.rtl .rt-section-list ul li a:hover {background-position: 100% -453px;}\nbody.rtl #rt-main-surround ul.menu ul {margin-right: 25px;margin-left: 0;}\nbody.rtl #rt-main-surround ul.menu a, body.rtl #rt-main-surround ul.menu .separator, body.rtl #rt-main-surround ul.menu .item {padding: 4px 20px 8px 0;}\nbody.rtl #rt-main-surround ul.menu li a, body.rtl #rt-main-surround ul.menu li .separator, body.rtl #rt-main-surround ul.menu li .item {background-position: 100% 10px;}\nbody.rtl #rt-main-surround ul.menu li a:hover, body.rtl #rt-main-surround ul.menu li .separator:hover, body.rtl #rt-main-surround ul.menu li .item:hover, body.rtl #rt-main-surround ul.menu li.active > a, body.rtl #rt-main-surround ul.menu li.active > .separator, body.rtl #rt-main-surround ul.menu li.active > .item {background-position: 100% -445px;}\nbody.rtl .icon1 .module-surround, body.rtl .icon2 .module-surround, body.rtl .icon3 .module-surround, body.rtl .icon4 .module-surround {padding-left: 0;padding-right: 60px;}\nbody.rtl .module-icon {left: auto;right: 0;}\nbody.rtl #rocket {margin:0 5px 0 20px;}\nbody.rtl #gantry-logo {margin:0 0 0 10px;}\nbody.rtl #rt-copyright {text-align: right;}\nbody.rtl #gantry-totop, body.rtl #gantry-totop span {right: auto;left: 0;}\nbody.rtl #gantry-resetsettings {margin-left: 0;margin-right: 15px;float: right;}\nbody.rtl #rt-accessibility .rt-desc {float: right;text-align: right;margin-right: 0;margin-left: 5px;}\nbody.rtl #rt-accessibility #rt-buttons {float: right;}\nbody.rtl .rokradios, body.rtl .rokchecks {padding: 1px 24px 7px 5px;}\nbody.rtl .rokradios {background-position: 100% 0;}\nbody.rtl .rokradios-active {background-position: 100% -211px;}\nbody.rtl .rokchecks {background-position: 100% -423px;}\nbody.rtl .rokchecks-active {background-position: 100% -634px;}\nbody.rtl #breadcrumbs-home {float: right;}\nbody.rtl span.breadcrumbs img {float: right;}\nbody.rtl span.breadcrumbs a, body.rtl span.no-link {float: right;}\nbody.rtl .readon {margin-left: 14px;}\nbody.rtl .readon span, body.rtl .readon .button {margin-left: -14px;padding: 0 10px 0 18px;}\nbody.rtl .readon:hover {background-position: 100% -30px;}\nbody.rtl .readon:hover span, body.rtl .readon:hover .button {background-position: 0 -30px;}\n');

# Table: phpbb_topics
DROP TABLE IF EXISTS phpbb_topics;
CREATE TABLE `phpbb_topics` (
  `topic_id` mediumint(8) unsigned NOT NULL AUTO_INCREMENT,
  `forum_id` mediumint(8) unsigned NOT NULL DEFAULT '0',
  `icon_id` mediumint(8) unsigned NOT NULL DEFAULT '0',
  `topic_attachment` tinyint(1) unsigned NOT NULL DEFAULT '0',
  `topic_approved` tinyint(1) unsigned NOT NULL DEFAULT '1',
  `topic_reported` tinyint(1) unsigned NOT NULL DEFAULT '0',
  `topic_title` varchar(255) CHARACTER SET utf8 COLLATE utf8_unicode_ci NOT NULL DEFAULT '',
  `topic_poster` mediumint(8) unsigned NOT NULL DEFAULT '0',
  `topic_time` int(11) unsigned NOT NULL DEFAULT '0',
  `topic_time_limit` int(11) unsigned NOT NULL DEFAULT '0',
  `topic_views` mediumint(8) unsigned NOT NULL DEFAULT '0',
  `topic_replies` mediumint(8) unsigned NOT NULL DEFAULT '0',
  `topic_replies_real` mediumint(8) unsigned NOT NULL DEFAULT '0',
  `topic_status` tinyint(3) NOT NULL DEFAULT '0',
  `topic_type` tinyint(3) NOT NULL DEFAULT '0',
  `topic_first_post_id` mediumint(8) unsigned NOT NULL DEFAULT '0',
  `topic_first_poster_name` varchar(255) COLLATE utf8_bin NOT NULL DEFAULT '',
  `topic_first_poster_colour` varchar(6) COLLATE utf8_bin NOT NULL DEFAULT '',
  `topic_last_post_id` mediumint(8) unsigned NOT NULL DEFAULT '0',
  `topic_last_poster_id` mediumint(8) unsigned NOT NULL DEFAULT '0',
  `topic_last_poster_name` varchar(255) COLLATE utf8_bin NOT NULL DEFAULT '',
  `topic_last_poster_colour` varchar(6) COLLATE utf8_bin NOT NULL DEFAULT '',
  `topic_last_post_subject` varchar(255) COLLATE utf8_bin NOT NULL DEFAULT '',
  `topic_last_post_time` int(11) unsigned NOT NULL DEFAULT '0',
  `topic_last_view_time` int(11) unsigned NOT NULL DEFAULT '0',
  `topic_moved_id` mediumint(8) unsigned NOT NULL DEFAULT '0',
  `topic_bumped` tinyint(1) unsigned NOT NULL DEFAULT '0',
  `topic_bumper` mediumint(8) unsigned NOT NULL DEFAULT '0',
  `poll_title` varchar(255) COLLATE utf8_bin NOT NULL DEFAULT '',
  `poll_start` int(11) unsigned NOT NULL DEFAULT '0',
  `poll_length` int(11) unsigned NOT NULL DEFAULT '0',
  `poll_max_options` tinyint(4) NOT NULL DEFAULT '1',
  `poll_last_vote` int(11) unsigned NOT NULL DEFAULT '0',
  `poll_vote_change` tinyint(1) unsigned NOT NULL DEFAULT '0',
  PRIMARY KEY (`topic_id`),
  KEY `forum_id` (`forum_id`),
  KEY `forum_id_type` (`forum_id`,`topic_type`),
  KEY `last_post_time` (`topic_last_post_time`),
  KEY `topic_approved` (`topic_approved`),
  KEY `forum_appr_last` (`forum_id`,`topic_approved`,`topic_last_post_id`),
  KEY `fid_time_moved` (`forum_id`,`topic_last_post_time`,`topic_moved_id`)
) ENGINE=MyISAM AUTO_INCREMENT=8 DEFAULT CHARSET=utf8 COLLATE=utf8_bin;

INSERT INTO phpbb_topics (topic_id, forum_id, icon_id, topic_attachment, topic_approved, topic_reported, topic_title, topic_poster, topic_time, topic_time_limit, topic_views, topic_replies, topic_replies_real, topic_status, topic_type, topic_first_post_id, topic_first_poster_name, topic_first_poster_colour, topic_last_post_id, topic_last_poster_id, topic_last_poster_name, topic_last_poster_colour, topic_last_post_subject, topic_last_post_time, topic_last_view_time, topic_moved_id, topic_bumped, topic_bumper, poll_title, poll_start, poll_length, poll_max_options, poll_last_vote, poll_vote_change) VALUES (2, 21, 0, 0, 1, 0, 'Welcome to the new CCA Forums!', 2, 1371740429, 0, 365, 2, 2, 0, 0, 2, 'Neekasa', 'FF66FF', 22, 62, 'Kalador', '0066FF', 'Re: Welcome to the new CCA Forums!', 1375308154, 1375664982, 0, 0, 0, '', 0, 0, 0, 0, 0),(4, 4, 0, 0, 1, 0, 'Epidemic', 55, 1373272276, 0, 141, 0, 0, 0, 0, 7, 'Epidemic', '0066FF', 7, 55, 'Epidemic', '0066FF', 'Epidemic', 1373272276, 1375664983, 0, 0, 0, '', 0, 0, 1, 0, 0),(6, 0, 0, 0, 1, 0, '[Important] - Apply to your Usergroup!', 2, 1373556733, 0, 237, 0, 0, 0, 3, 9, 'Neekasa', 'FF66FF', 9, 2, 'Neekasa', 'FF66FF', '[Important] - Apply to your Usergroup!', 1373556733, 1375663493, 0, 0, 0, '', 0, 0, 0, 0, 0),(7, 24, 0, 0, 1, 0, '[Raids] - Subscribe to Me!', 2, 1373575416, 0, 228, 0, 0, 1, 1, 10, 'Neekasa', 'FF66FF', 10, 2, 'Neekasa', 'FF66FF', '[Raids] - Subscribe to Me!', 1373575416, 1375664983, 0, 0, 0, '', 0, 0, 0, 0, 0);

# Table: phpbb_topics_posted
DROP TABLE IF EXISTS phpbb_topics_posted;
CREATE TABLE `phpbb_topics_posted` (
  `user_id` mediumint(8) unsigned NOT NULL DEFAULT '0',
  `topic_id` mediumint(8) unsigned NOT NULL DEFAULT '0',
  `topic_posted` tinyint(1) unsigned NOT NULL DEFAULT '0',
  PRIMARY KEY (`user_id`,`topic_id`)
) ENGINE=MyISAM DEFAULT CHARSET=utf8 COLLATE=utf8_bin;

INSERT INTO phpbb_topics_posted (user_id, topic_id, topic_posted) VALUES (2, 1, 1),(2, 2, 1),(55, 2, 1),(55, 4, 1),(2, 6, 1),(2, 7, 1),(62, 2, 1);

# Table: phpbb_topics_track
DROP TABLE IF EXISTS phpbb_topics_track;
CREATE TABLE `phpbb_topics_track` (
  `user_id` mediumint(8) unsigned NOT NULL DEFAULT '0',
  `topic_id` mediumint(8) unsigned NOT NULL DEFAULT '0',
  `forum_id` mediumint(8) unsigned NOT NULL DEFAULT '0',
  `mark_time` int(11) unsigned NOT NULL DEFAULT '0',
  PRIMARY KEY (`user_id`,`topic_id`),
  KEY `topic_id` (`topic_id`),
  KEY `forum_id` (`forum_id`)
) ENGINE=MyISAM DEFAULT CHARSET=utf8 COLLATE=utf8_bin;

INSERT INTO phpbb_topics_track (user_id, topic_id, forum_id, mark_time) VALUES (54, 7, 24, 1374602416);

# Table: phpbb_topics_watch
DROP TABLE IF EXISTS phpbb_topics_watch;
CREATE TABLE `phpbb_topics_watch` (
  `topic_id` mediumint(8) unsigned NOT NULL DEFAULT '0',
  `user_id` mediumint(8) unsigned NOT NULL DEFAULT '0',
  `notify_status` tinyint(1) unsigned NOT NULL DEFAULT '0',
  KEY `topic_id` (`topic_id`),
  KEY `user_id` (`user_id`),
  KEY `notify_stat` (`notify_status`)
) ENGINE=MyISAM DEFAULT CHARSET=utf8 COLLATE=utf8_bin;

INSERT INTO phpbb_topics_watch (topic_id, user_id, notify_status) VALUES (7, 55, 1),(7, 2, 0),(7, 60, 1);

# Table: phpbb_user_group
DROP TABLE IF EXISTS phpbb_user_group;
CREATE TABLE `phpbb_user_group` (
  `group_id` mediumint(8) unsigned NOT NULL DEFAULT '0',
  `user_id` mediumint(8) unsigned NOT NULL DEFAULT '0',
  `group_leader` tinyint(1) unsigned NOT NULL DEFAULT '0',
  `user_pending` tinyint(1) unsigned NOT NULL DEFAULT '1',
  KEY `group_id` (`group_id`),
  KEY `user_id` (`user_id`),
  KEY `group_leader` (`group_leader`)
) ENGINE=MyISAM DEFAULT CHARSET=utf8 COLLATE=utf8_bin;

INSERT INTO phpbb_user_group (group_id, user_id, group_leader, user_pending) VALUES (1, 1, 0, 0),(2, 2, 0, 0),(4, 2, 0, 0),(5, 2, 1, 0),(6, 3, 0, 0),(6, 4, 0, 0),(6, 5, 0, 0),(6, 6, 0, 0),(6, 7, 0, 0),(6, 8, 0, 0),(6, 9, 0, 0),(6, 10, 0, 0),(6, 11, 0, 0),(6, 12, 0, 0),(6, 13, 0, 0),(6, 14, 0, 0),(6, 15, 0, 0),(6, 16, 0, 0),(6, 17, 0, 0),(6, 18, 0, 0),(6, 19, 0, 0),(6, 20, 0, 0),(6, 21, 0, 0),(6, 22, 0, 0),(6, 23, 0, 0),(6, 24, 0, 0),(6, 25, 0, 0),(6, 26, 0, 0),(6, 27, 0, 0),(6, 28, 0, 0),(6, 29, 0, 0),(6, 30, 0, 0),(6, 31, 0, 0),(6, 32, 0, 0),(6, 33, 0, 0),(6, 34, 0, 0),(6, 35, 0, 0),(6, 36, 0, 0),(6, 37, 0, 0),(6, 38, 0, 0),(6, 39, 0, 0),(6, 40, 0, 0),(6, 41, 0, 0),(6, 42, 0, 0),(6, 43, 0, 0),(6, 44, 0, 0),(6, 45, 0, 0),(6, 46, 0, 0),(6, 47, 0, 0),(6, 48, 0, 0),(6, 49, 0, 0),(6, 50, 0, 0),(6, 51, 0, 0),(6, 52, 0, 0),(6, 53, 0, 0),(14, 2, 1, 0),(2, 54, 0, 0),(7, 54, 0, 0),(11, 54, 1, 0),(8, 54, 1, 0),(2, 55, 0, 0),(2, 60, 0, 0),(8, 55, 1, 0),(2, 56, 0, 0),(7, 56, 0, 0),(2, 57, 0, 0),(7, 57, 0, 0),(2, 58, 0, 0),(7, 58, 0, 0),(8, 58, 1, 0),(10, 2, 1, 0),(10, 58, 1, 0),(2, 62, 0, 0),(7, 60, 0, 0),(7, 65, 0, 0),(2, 65, 0, 0),(10, 54, 1, 0),(7, 61, 0, 0),(10, 55, 1, 0),(8, 60, 1, 0),(2, 61, 0, 0),(10, 63, 0, 0),(15, 55, 1, 0),(15, 2, 1, 0),(15, 58, 1, 0),(7, 62, 0, 0),(8, 62, 1, 0),(2, 63, 0, 0),(7, 63, 0, 0),(2, 64, 0, 0),(7, 64, 0, 0),(2, 66, 0, 0),(7, 66, 0, 0);

# Table: phpbb_users
DROP TABLE IF EXISTS phpbb_users;
CREATE TABLE `phpbb_users` (
  `user_id` mediumint(8) unsigned NOT NULL AUTO_INCREMENT,
  `user_type` tinyint(2) NOT NULL DEFAULT '0',
  `group_id` mediumint(8) unsigned NOT NULL DEFAULT '3',
  `user_permissions` mediumtext COLLATE utf8_bin NOT NULL,
  `user_perm_from` mediumint(8) unsigned NOT NULL DEFAULT '0',
  `user_ip` varchar(40) COLLATE utf8_bin NOT NULL DEFAULT '',
  `user_regdate` int(11) unsigned NOT NULL DEFAULT '0',
  `username` varchar(255) COLLATE utf8_bin NOT NULL DEFAULT '',
  `username_clean` varchar(255) COLLATE utf8_bin NOT NULL DEFAULT '',
  `user_password` varchar(40) COLLATE utf8_bin NOT NULL DEFAULT '',
  `user_passchg` int(11) unsigned NOT NULL DEFAULT '0',
  `user_pass_convert` tinyint(1) unsigned NOT NULL DEFAULT '0',
  `user_email` varchar(100) COLLATE utf8_bin NOT NULL DEFAULT '',
  `user_email_hash` bigint(20) NOT NULL DEFAULT '0',
  `user_birthday` varchar(10) COLLATE utf8_bin NOT NULL DEFAULT '',
  `user_lastvisit` int(11) unsigned NOT NULL DEFAULT '0',
  `user_lastmark` int(11) unsigned NOT NULL DEFAULT '0',
  `user_lastpost_time` int(11) unsigned NOT NULL DEFAULT '0',
  `user_lastpage` varchar(200) COLLATE utf8_bin NOT NULL DEFAULT '',
  `user_last_confirm_key` varchar(10) COLLATE utf8_bin NOT NULL DEFAULT '',
  `user_last_search` int(11) unsigned NOT NULL DEFAULT '0',
  `user_warnings` tinyint(4) NOT NULL DEFAULT '0',
  `user_last_warning` int(11) unsigned NOT NULL DEFAULT '0',
  `user_login_attempts` tinyint(4) NOT NULL DEFAULT '0',
  `user_inactive_reason` tinyint(2) NOT NULL DEFAULT '0',
  `user_inactive_time` int(11) unsigned NOT NULL DEFAULT '0',
  `user_posts` mediumint(8) unsigned NOT NULL DEFAULT '0',
  `user_lang` varchar(30) COLLATE utf8_bin NOT NULL DEFAULT '',
  `user_timezone` varchar(255) COLLATE utf8_bin NOT NULL,
  `user_dst` tinyint(1) unsigned NOT NULL DEFAULT '0',
  `user_dateformat` varchar(30) COLLATE utf8_bin NOT NULL DEFAULT 'd M Y H:i',
  `user_style` mediumint(8) unsigned NOT NULL DEFAULT '0',
  `user_rank` mediumint(8) unsigned NOT NULL DEFAULT '0',
  `user_colour` varchar(6) COLLATE utf8_bin NOT NULL DEFAULT '',
  `user_new_privmsg` int(4) NOT NULL DEFAULT '0',
  `user_unread_privmsg` int(4) NOT NULL DEFAULT '0',
  `user_last_privmsg` int(11) unsigned NOT NULL DEFAULT '0',
  `user_message_rules` tinyint(1) unsigned NOT NULL DEFAULT '0',
  `user_full_folder` int(11) NOT NULL DEFAULT '-3',
  `user_emailtime` int(11) unsigned NOT NULL DEFAULT '0',
  `user_topic_show_days` smallint(4) unsigned NOT NULL DEFAULT '0',
  `user_topic_sortby_type` varchar(1) COLLATE utf8_bin NOT NULL DEFAULT 't',
  `user_topic_sortby_dir` varchar(1) COLLATE utf8_bin NOT NULL DEFAULT 'd',
  `user_post_show_days` smallint(4) unsigned NOT NULL DEFAULT '0',
  `user_post_sortby_type` varchar(1) COLLATE utf8_bin NOT NULL DEFAULT 't',
  `user_post_sortby_dir` varchar(1) COLLATE utf8_bin NOT NULL DEFAULT 'a',
  `user_notify` tinyint(1) unsigned NOT NULL DEFAULT '0',
  `user_notify_pm` tinyint(1) unsigned NOT NULL DEFAULT '1',
  `user_notify_type` tinyint(4) NOT NULL DEFAULT '0',
  `user_allow_pm` tinyint(1) unsigned NOT NULL DEFAULT '1',
  `user_allow_viewonline` tinyint(1) unsigned NOT NULL DEFAULT '1',
  `user_allow_viewemail` tinyint(1) unsigned NOT NULL DEFAULT '1',
  `user_allow_massemail` tinyint(1) unsigned NOT NULL DEFAULT '1',
  `user_options` int(11) unsigned NOT NULL DEFAULT '230271',
  `user_avatar` varchar(255) COLLATE utf8_bin NOT NULL DEFAULT '',
  `user_avatar_type` tinyint(2) NOT NULL DEFAULT '0',
  `user_avatar_width` smallint(4) unsigned NOT NULL DEFAULT '0',
  `user_avatar_height` smallint(4) unsigned NOT NULL DEFAULT '0',
  `user_sig` mediumtext COLLATE utf8_bin NOT NULL,
  `user_sig_bbcode_uid` varchar(8) COLLATE utf8_bin NOT NULL DEFAULT '',
  `user_sig_bbcode_bitfield` varchar(255) COLLATE utf8_bin NOT NULL DEFAULT '',
  `user_from` varchar(100) COLLATE utf8_bin NOT NULL DEFAULT '',
  `user_icq` varchar(15) COLLATE utf8_bin NOT NULL DEFAULT '',
  `user_aim` varchar(255) COLLATE utf8_bin NOT NULL DEFAULT '',
  `user_yim` varchar(255) COLLATE utf8_bin NOT NULL DEFAULT '',
  `user_msnm` varchar(255) COLLATE utf8_bin NOT NULL DEFAULT '',
  `user_jabber` varchar(255) COLLATE utf8_bin NOT NULL DEFAULT '',
  `user_website` varchar(200) COLLATE utf8_bin NOT NULL DEFAULT '',
  `user_occ` text COLLATE utf8_bin NOT NULL,
  `user_interests` text COLLATE utf8_bin NOT NULL,
  `user_actkey` varchar(32) COLLATE utf8_bin NOT NULL DEFAULT '',
  `user_newpasswd` varchar(40) COLLATE utf8_bin NOT NULL DEFAULT '',
  `user_form_salt` varchar(32) COLLATE utf8_bin NOT NULL DEFAULT '',
  `user_new` tinyint(1) unsigned NOT NULL DEFAULT '1',
  `user_reminded` tinyint(4) NOT NULL DEFAULT '0',
  `user_reminded_time` int(11) unsigned NOT NULL DEFAULT '0',
  PRIMARY KEY (`user_id`),
  UNIQUE KEY `username_clean` (`username_clean`),
  KEY `user_birthday` (`user_birthday`),
  KEY `user_email_hash` (`user_email_hash`),
  KEY `user_type` (`user_type`)
) ENGINE=MyISAM AUTO_INCREMENT=67 DEFAULT CHARSET=utf8 COLLATE=utf8_bin;

INSERT INTO phpbb_users (user_id, user_type, group_id, user_permissions, user_perm_from, user_ip, user_regdate, username, username_clean, user_password, user_passchg, user_pass_convert, user_email, user_email_hash, user_birthday, user_lastvisit, user_lastmark, user_lastpost_time, user_lastpage, user_last_confirm_key, user_last_search, user_warnings, user_last_warning, user_login_attempts, user_inactive_reason, user_inactive_time, user_posts, user_lang, user_timezone, user_dst, user_dateformat, user_style, user_rank, user_colour, user_new_privmsg, user_unread_privmsg, user_last_privmsg, user_message_rules, user_full_folder, user_emailtime, user_topic_show_days, user_topic_sortby_type, user_topic_sortby_dir, user_post_show_days, user_post_sortby_type, user_post_sortby_dir, user_notify, user_notify_pm, user_notify_type, user_allow_pm, user_allow_viewonline, user_allow_viewemail, user_allow_massemail, user_options, user_avatar, user_avatar_type, user_avatar_width, user_avatar_height, user_sig, user_sig_bbcode_uid, user_sig_bbcode_bitfield, user_from, user_icq, user_aim, user_yim, user_msnm, user_jabber, user_website, user_occ, user_interests, user_actkey, user_newpasswd, user_form_salt, user_new, user_reminded, user_reminded_time) VALUES (1, 2, 1, '', 0, '', 1371559657, 'Anonymous', 'anonymous', '', 0, 0, '', 0, '', 0, 0, 0, '', 'VQ0GVG366O', 0, 0, 0, 0, 0, 0, 0, 'en', '0.00', 0, 'd M Y H:i', 12, 0, '', 0, 0, 0, 0, -3, 0, 0, 't', 'd', 0, 't', 'a', 0, 1, 0, 1, 1, 1, 0, 230271, '', 0, 0, 0, '', '', '', '', '', '', '', '', '', '', '', '', '', '', '327c367fd53b7a99', 1, 0, 0),(2, 3, 14, 'zik0zjzik0zjzik0xs\n\n\nzik0zjzhb2tc\nzik0zjzhb2tc\nzik0zjzhb2tc\nzik0zjzhb2tc\nzik0zjzhb2tc\nzik0zjzhb2tc\nzik0zjzhb2tc\nzik0zjzhb2tc\nzik0zjzhb2tc\nzik0zjzhb2tc\nzik0zjzhb2tc\nzik0zjzhb2tc\nzik0zjzhb2tc\nzik0zjzhb2tc\nzik0zjzhb2tc\nzik0zjzhb2tc\nzik0zjzhb2tc\nzik0zjzhb2tc\nzik0zjzhb2tc\nzik0zjzhb2tc\nzik0zjzhb2tc\nzik0zjzhb2tc', 0, '86.185.76.91', 1371559657, 'Neekasa', 'neekasa', '$H$9BPixxPR6k5fz5gY2Vey6aMGcBinc7/', 0, 0, 'neekasa@gmail.com', 193287038217, '11-10-1989', 1375464877, 0, 1375305714, 'index.php', '', 0, 0, 0, 0, 0, 0, 3, 'en', '0.00', 1, 'D M d, Y g:i a', 12, 1, 'FF66FF', 0, 0, 1375305714, 0, -3, 1373582881, 0, 't', 'd', 0, 't', 'a', 0, 1, 0, 1, 1, 1, 1, 230271, '2_1371835505.png', 1, 120, 120, '', '', '', 'England, UK', '', '', '', '', '', 'http://www.neekasa.com', 'Student', 'Web Design, Music, Films, Games!', '', '', '0cc97a331ccf7b7f', 0, 0, 0),(3, 2, 6, '', 0, '', 1371559660, 'AdsBot [Google]', 'adsbot [google]', '', 1371559660, 0, '', 0, '', 0, 1371559660, 0, '', '', 0, 0, 0, 0, 0, 0, 0, 'en', '0.00', 0, 'D M d, Y g:i a', 12, 0, '9E8DA7', 0, 0, 0, 0, -3, 0, 0, 't', 'd', 0, 't', 'a', 0, 1, 0, 1, 1, 1, 0, 230271, '', 0, 0, 0, '', '', '', '', '', '', '', '', '', '', '', '', '', '', '5bb3f24c64a518cc', 0, 0, 0),(4, 2, 6, '', 0, '', 1371559660, 'Alexa [Bot]', 'alexa [bot]', '', 1371559660, 0, '', 0, '', 1373912156, 1371559660, 0, '../index.php', '', 0, 0, 0, 0, 0, 0, 0, 'en', '0.00', 0, 'D M d, Y g:i a', 12, 0, '9E8DA7', 0, 0, 0, 0, -3, 0, 0, 't', 'd', 0, 't', 'a', 0, 1, 0, 1, 1, 1, 0, 230271, '', 0, 0, 0, '', '', '', '', '', '', '', '', '', '', '', '', '', '', 'f318e56ab7748e56', 0, 0, 0),(5, 2, 6, '', 0, '', 1371559660, 'Alta Vista [Bot]', 'alta vista [bot]', '', 1371559660, 0, '', 0, '', 0, 1371559660, 0, '', '', 0, 0, 0, 0, 0, 0, 0, 'en', '0.00', 0, 'D M d, Y g:i a', 12, 0, '9E8DA7', 0, 0, 0, 0, -3, 0, 0, 't', 'd', 0, 't', 'a', 0, 1, 0, 1, 1, 1, 0, 230271, '', 0, 0, 0, '', '', '', '', '', '', '', '', '', '', '', '', '', '', '6734bd9e446cdfbb', 0, 0, 0),(6, 2, 6, '', 0, '', 1371559660, 'Ask Jeeves [Bot]', 'ask jeeves [bot]', '', 1371559660, 0, '', 0, '', 0, 1371559660, 0, '', '', 0, 0, 0, 0, 0, 0, 0, 'en', '0.00', 0, 'D M d, Y g:i a', 12, 0, '9E8DA7', 0, 0, 0, 0, -3, 0, 0, 't', 'd', 0, 't', 'a', 0, 1, 0, 1, 1, 1, 0, 230271, '', 0, 0, 0, '', '', '', '', '', '', '', '', '', '', '', '', '', '', 'c173af5c093ab8a2', 0, 0, 0),(7, 2, 6, '', 0, '', 1371559660, 'Baidu [Spider]', 'baidu [spider]', '', 1371559660, 0, '', 0, '', 0, 1371559660, 0, '', '', 0, 0, 0, 0, 0, 0, 0, 'en', '0.00', 0, 'D M d, Y g:i a', 12, 0, '9E8DA7', 0, 0, 0, 0, -3, 0, 0, 't', 'd', 0, 't', 'a', 0, 1, 0, 1, 1, 1, 0, 230271, '', 0, 0, 0, '', '', '', '', '', '', '', '', '', '', '', '', '', '', 'f67bbbb8b5df08fa', 0, 0, 0),(8, 2, 6, '', 0, '', 1371559660, 'Bing [Bot]', 'bing [bot]', '', 1371559660, 0, '', 0, '', 1375504898, 1371559660, 0, '../index.php', '', 0, 0, 0, 0, 0, 0, 0, 'en', '0.00', 0, 'D M d, Y g:i a', 12, 0, '9E8DA7', 0, 0, 0, 0, -3, 0, 0, 't', 'd', 0, 't', 'a', 0, 1, 0, 1, 1, 1, 0, 230271, '', 0, 0, 0, '', '', '', '', '', '', '', '', '', '', '', '', '', '', 'e70a6494592efde3', 0, 0, 0),(9, 2, 6, '', 0, '', 1371559660, 'Exabot [Bot]', 'exabot [bot]', '', 1371559660, 0, '', 0, '', 0, 1371559660, 0, '', '', 0, 0, 0, 0, 0, 0, 0, 'en', '0.00', 0, 'D M d, Y g:i a', 12, 0, '9E8DA7', 0, 0, 0, 0, -3, 0, 0, 't', 'd', 0, 't', 'a', 0, 1, 0, 1, 1, 1, 0, 230271, '', 0, 0, 0, '', '', '', '', '', '', '', '', '', '', '', '', '', '', '795e9f2e597db178', 0, 0, 0),(10, 2, 6, '', 0, '', 1371559660, 'FAST Enterprise [Crawler]', 'fast enterprise [crawler]', '', 1371559660, 0, '', 0, '', 0, 1371559660, 0, '', '', 0, 0, 0, 0, 0, 0, 0, 'en', '0.00', 0, 'D M d, Y g:i a', 12, 0, '9E8DA7', 0, 0, 0, 0, -3, 0, 0, 't', 'd', 0, 't', 'a', 0, 1, 0, 1, 1, 1, 0, 230271, '', 0, 0, 0, '', '', '', '', '', '', '', '', '', '', '', '', '', '', '8ae3a7b81997eefb', 0, 0, 0),(11, 2, 6, '', 0, '', 1371559660, 'FAST WebCrawler [Crawler]', 'fast webcrawler [crawler]', '', 1371559660, 0, '', 0, '', 0, 1371559660, 0, '', '', 0, 0, 0, 0, 0, 0, 0, 'en', '0.00', 0, 'D M d, Y g:i a', 12, 0, '9E8DA7', 0, 0, 0, 0, -3, 0, 0, 't', 'd', 0, 't', 'a', 0, 1, 0, 1, 1, 1, 0, 230271, '', 0, 0, 0, '', '', '', '', '', '', '', '', '', '', '', '', '', '', '8c915c9c11b1123c', 0, 0, 0),(12, 2, 6, '', 0, '', 1371559660, 'Francis [Bot]', 'francis [bot]', '', 1371559660, 0, '', 0, '', 0, 1371559660, 0, '', '', 0, 0, 0, 0, 0, 0, 0, 'en', '0.00', 0, 'D M d, Y g:i a', 12, 0, '9E8DA7', 0, 0, 0, 0, -3, 0, 0, 't', 'd', 0, 't', 'a', 0, 1, 0, 1, 1, 1, 0, 230271, '', 0, 0, 0, '', '', '', '', '', '', '', '', '', '', '', '', '', '', '8df9022da3dfd7af', 0, 0, 0),(13, 2, 6, '', 0, '', 1371559660, 'Gigabot [Bot]', 'gigabot [bot]', '', 1371559660, 0, '', 0, '', 0, 1371559660, 0, '', '', 0, 0, 0, 0, 0, 0, 0, 'en', '0.00', 0, 'D M d, Y g:i a', 12, 0, '9E8DA7', 0, 0, 0, 0, -3, 0, 0, 't', 'd', 0, 't', 'a', 0, 1, 0, 1, 1, 1, 0, 230271, '', 0, 0, 0, '', '', '', '', '', '', '', '', '', '', '', '', '', '', '53307484ccf917e8', 0, 0, 0),(14, 2, 6, '', 0, '', 1371559660, 'Google Adsense [Bot]', 'google adsense [bot]', '', 1371559660, 0, '', 0, '', 0, 1371559660, 0, '', '', 0, 0, 0, 0, 0, 0, 0, 'en', '0.00', 0, 'D M d, Y g:i a', 12, 0, '9E8DA7', 0, 0, 0, 0, -3, 0, 0, 't', 'd', 0, 't', 'a', 0, 1, 0, 1, 1, 1, 0, 230271, '', 0, 0, 0, '', '', '', '', '', '', '', '', '', '', '', '', '', '', '9fec4ca5c5d0ed86', 0, 0, 0),(15, 2, 6, '', 0, '', 1371559660, 'Google Desktop', 'google desktop', '', 1371559660, 0, '', 0, '', 0, 1371559660, 0, '', '', 0, 0, 0, 0, 0, 0, 0, 'en', '0.00', 0, 'D M d, Y g:i a', 12, 0, '9E8DA7', 0, 0, 0, 0, -3, 0, 0, 't', 'd', 0, 't', 'a', 0, 1, 0, 1, 1, 1, 0, 230271, '', 0, 0, 0, '', '', '', '', '', '', '', '', '', '', '', '', '', '', '3e5081952ae8d15f', 0, 0, 0),(16, 2, 6, '', 0, '', 1371559660, 'Google Feedfetcher', 'google feedfetcher', '', 1371559660, 0, '', 0, '', 0, 1371559660, 0, '', '', 0, 0, 0, 0, 0, 0, 0, 'en', '0.00', 0, 'D M d, Y g:i a', 12, 0, '9E8DA7', 0, 0, 0, 0, -3, 0, 0, 't', 'd', 0, 't', 'a', 0, 1, 0, 1, 1, 1, 0, 230271, '', 0, 0, 0, '', '', '', '', '', '', '', '', '', '', '', '', '', '', 'f5c743aa723995da', 0, 0, 0),(17, 2, 6, '', 0, '', 1371559660, 'Google [Bot]', 'google [bot]', '', 1371559660, 0, '', 0, '', 1375655386, 1371559660, 0, '../index.php', '', 0, 0, 0, 0, 0, 0, 0, 'en', '0.00', 0, 'D M d, Y g:i a', 12, 0, '9E8DA7', 0, 0, 0, 0, -3, 0, 0, 't', 'd', 0, 't', 'a', 0, 1, 0, 1, 1, 1, 0, 230271, '', 0, 0, 0, '', '', '', '', '', '', '', '', '', '', '', '', '', '', '763a9127fe7b47c4', 0, 0, 0),(18, 2, 6, '', 0, '', 1371559660, 'Heise IT-Markt [Crawler]', 'heise it-markt [crawler]', '', 1371559660, 0, '', 0, '', 0, 1371559660, 0, '', '', 0, 0, 0, 0, 0, 0, 0, 'en', '0.00', 0, 'D M d, Y g:i a', 12, 0, '9E8DA7', 0, 0, 0, 0, -3, 0, 0, 't', 'd', 0, 't', 'a', 0, 1, 0, 1, 1, 1, 0, 230271, '', 0, 0, 0, '', '', '', '', '', '', '', '', '', '', '', '', '', '', 'baa9933be5f01fce', 0, 0, 0),(19, 2, 6, '', 0, '', 1371559660, 'Heritrix [Crawler]', 'heritrix [crawler]', '', 1371559660, 0, '', 0, '', 0, 1371559660, 0, '', '', 0, 0, 0, 0, 0, 0, 0, 'en', '0.00', 0, 'D M d, Y g:i a', 12, 0, '9E8DA7', 0, 0, 0, 0, -3, 0, 0, 't', 'd', 0, 't', 'a', 0, 1, 0, 1, 1, 1, 0, 230271, '', 0, 0, 0, '', '', '', '', '', '', '', '', '', '', '', '', '', '', 'acef19c44536125e', 0, 0, 0),(20, 2, 6, '', 0, '', 1371559660, 'IBM Research [Bot]', 'ibm research [bot]', '', 1371559660, 0, '', 0, '', 0, 1371559660, 0, '', '', 0, 0, 0, 0, 0, 0, 0, 'en', '0.00', 0, 'D M d, Y g:i a', 12, 0, '9E8DA7', 0, 0, 0, 0, -3, 0, 0, 't', 'd', 0, 't', 'a', 0, 1, 0, 1, 1, 1, 0, 230271, '', 0, 0, 0, '', '', '', '', '', '', '', '', '', '', '', '', '', '', '9bf5805f2c71942e', 0, 0, 0),(21, 2, 6, '', 0, '', 1371559660, 'ICCrawler - ICjobs', 'iccrawler - icjobs', '', 1371559660, 0, '', 0, '', 0, 1371559660, 0, '', '', 0, 0, 0, 0, 0, 0, 0, 'en', '0.00', 0, 'D M d, Y g:i a', 12, 0, '9E8DA7', 0, 0, 0, 0, -3, 0, 0, 't', 'd', 0, 't', 'a', 0, 1, 0, 1, 1, 1, 0, 230271, '', 0, 0, 0, '', '', '', '', '', '', '', '', '', '', '', '', '', '', '7d18eafdbbafddf9', 0, 0, 0),(22, 2, 6, '', 0, '', 1371559660, 'ichiro [Crawler]', 'ichiro [crawler]', '', 1371559660, 0, '', 0, '', 0, 1371559660, 0, '', '', 0, 0, 0, 0, 0, 0, 0, 'en', '0.00', 0, 'D M d, Y g:i a', 12, 0, '9E8DA7', 0, 0, 0, 0, -3, 0, 0, 't', 'd', 0, 't', 'a', 0, 1, 0, 1, 1, 1, 0, 230271, '', 0, 0, 0, '', '', '', '', '', '', '', '', '', '', '', '', '', '', 'e2b92a04a6c7962f', 0, 0, 0),(23, 2, 6, '', 0, '', 1371559660, 'Majestic-12 [Bot]', 'majestic-12 [bot]', '', 1371559660, 0, '', 0, '', 1373314649, 1371559660, 0, 'viewforum.php?f=3', '', 0, 0, 0, 0, 0, 0, 0, 'en', '0.00', 0, 'D M d, Y g:i a', 12, 0, '9E8DA7', 0, 0, 0, 0, -3, 0, 0, 't', 'd', 0, 't', 'a', 0, 1, 0, 1, 1, 1, 0, 230271, '', 0, 0, 0, '', '', '', '', '', '', '', '', '', '', '', '', '', '', 'fa8c01b139b447e9', 0, 0, 0),(24, 2, 6, '', 0, '', 1371559660, 'Metager [Bot]', 'metager [bot]', '', 1371559660, 0, '', 0, '', 0, 1371559660, 0, '', '', 0, 0, 0, 0, 0, 0, 0, 'en', '0.00', 0, 'D M d, Y g:i a', 12, 0, '9E8DA7', 0, 0, 0, 0, -3, 0, 0, 't', 'd', 0, 't', 'a', 0, 1, 0, 1, 1, 1, 0, 230271, '', 0, 0, 0, '', '', '', '', '', '', '', '', '', '', '', '', '', '', 'd82040cbd4733545', 0, 0, 0),(25, 2, 6, '', 0, '', 1371559660, 'MSN NewsBlogs', 'msn newsblogs', '', 1371559660, 0, '', 0, '', 0, 1371559660, 0, '', '', 0, 0, 0, 0, 0, 0, 0, 'en', '0.00', 0, 'D M d, Y g:i a', 12, 0, '9E8DA7', 0, 0, 0, 0, -3, 0, 0, 't', 'd', 0, 't', 'a', 0, 1, 0, 1, 1, 1, 0, 230271, '', 0, 0, 0, '', '', '', '', '', '', '', '', '', '', '', '', '', '', '35e494fc46ca0688', 0, 0, 0),(26, 2, 6, '', 0, '', 1371559660, 'MSN [Bot]', 'msn [bot]', '', 1371559660, 0, '', 0, '', 0, 1371559660, 0, '', '', 0, 0, 0, 0, 0, 0, 0, 'en', '0.00', 0, 'D M d, Y g:i a', 12, 0, '9E8DA7', 0, 0, 0, 0, -3, 0, 0, 't', 'd', 0, 't', 'a', 0, 1, 0, 1, 1, 1, 0, 230271, '', 0, 0, 0, '', '', '', '', '', '', '', '', '', '', '', '', '', '', '8f423f25e82d623c', 0, 0, 0),(27, 2, 6, '', 0, '', 1371559660, 'MSNbot Media', 'msnbot media', '', 1371559660, 0, '', 0, '', 0, 1371559660, 0, '', '', 0, 0, 0, 0, 0, 0, 0, 'en', '0.00', 0, 'D M d, Y g:i a', 12, 0, '9E8DA7', 0, 0, 0, 0, -3, 0, 0, 't', 'd', 0, 't', 'a', 0, 1, 0, 1, 1, 1, 0, 230271, '', 0, 0, 0, '', '', '', '', '', '', '', '', '', '', '', '', '', '', 'adb69ccb1f59879a', 0, 0, 0),(28, 2, 6, '', 0, '', 1371559660, 'NG-Search [Bot]', 'ng-search [bot]', '', 1371559660, 0, '', 0, '', 0, 1371559660, 0, '', '', 0, 0, 0, 0, 0, 0, 0, 'en', '0.00', 0, 'D M d, Y g:i a', 12, 0, '9E8DA7', 0, 0, 0, 0, -3, 0, 0, 't', 'd', 0, 't', 'a', 0, 1, 0, 1, 1, 1, 0, 230271, '', 0, 0, 0, '', '', '', '', '', '', '', '', '', '', '', '', '', '', '7f6e79cd23312ccf', 0, 0, 0),(29, 2, 6, '', 0, '', 1371559660, 'Nutch [Bot]', 'nutch [bot]', '', 1371559660, 0, '', 0, '', 0, 1371559660, 0, '', '', 0, 0, 0, 0, 0, 0, 0, 'en', '0.00', 0, 'D M d, Y g:i a', 12, 0, '9E8DA7', 0, 0, 0, 0, -3, 0, 0, 't', 'd', 0, 't', 'a', 0, 1, 0, 1, 1, 1, 0, 230271, '', 0, 0, 0, '', '', '', '', '', '', '', '', '', '', '', '', '', '', 'b7dc4aaa80c34e8c', 0, 0, 0),(30, 2, 6, '', 0, '', 1371559660, 'Nutch/CVS [Bot]', 'nutch/cvs [bot]', '', 1371559660, 0, '', 0, '', 0, 1371559660, 0, '', '', 0, 0, 0, 0, 0, 0, 0, 'en', '0.00', 0, 'D M d, Y g:i a', 12, 0, '9E8DA7', 0, 0, 0, 0, -3, 0, 0, 't', 'd', 0, 't', 'a', 0, 1, 0, 1, 1, 1, 0, 230271, '', 0, 0, 0, '', '', '', '', '', '', '', '', '', '', '', '', '', '', '9da9069a48675871', 0, 0, 0),(31, 2, 6, '', 0, '', 1371559660, 'OmniExplorer [Bot]', 'omniexplorer [bot]', '', 1371559660, 0, '', 0, '', 0, 1371559660, 0, '', '', 0, 0, 0, 0, 0, 0, 0, 'en', '0.00', 0, 'D M d, Y g:i a', 12, 0, '9E8DA7', 0, 0, 0, 0, -3, 0, 0, 't', 'd', 0, 't', 'a', 0, 1, 0, 1, 1, 1, 0, 230271, '', 0, 0, 0, '', '', '', '', '', '', '', '', '', '', '', '', '', '', '7c844a9bbb51fed1', 0, 0, 0),(32, 2, 6, '', 0, '', 1371559660, 'Online link [Validator]', 'online link [validator]', '', 1371559660, 0, '', 0, '', 0, 1371559660, 0, '', '', 0, 0, 0, 0, 0, 0, 0, 'en', '0.00', 0, 'D M d, Y g:i a', 12, 0, '9E8DA7', 0, 0, 0, 0, -3, 0, 0, 't', 'd', 0, 't', 'a', 0, 1, 0, 1, 1, 1, 0, 230271, '', 0, 0, 0, '', '', '', '', '', '', '', '', '', '', '', '', '', '', '622b4504ccac75d2', 0, 0, 0),(33, 2, 6, '', 0, '', 1371559660, 'psbot [Picsearch]', 'psbot [picsearch]', '', 1371559660, 0, '', 0, '', 0, 1371559660, 0, '', '', 0, 0, 0, 0, 0, 0, 0, 'en', '0.00', 0, 'D M d, Y g:i a', 12, 0, '9E8DA7', 0, 0, 0, 0, -3, 0, 0, 't', 'd', 0, 't', 'a', 0, 1, 0, 1, 1, 1, 0, 230271, '', 0, 0, 0, '', '', '', '', '', '', '', '', '', '', '', '', '', '', '74da255cf0db27e9', 0, 0, 0),(34, 2, 6, '', 0, '', 1371559660, 'Seekport [Bot]', 'seekport [bot]', '', 1371559660, 0, '', 0, '', 0, 1371559660, 0, '', '', 0, 0, 0, 0, 0, 0, 0, 'en', '0.00', 0, 'D M d, Y g:i a', 12, 0, '9E8DA7', 0, 0, 0, 0, -3, 0, 0, 't', 'd', 0, 't', 'a', 0, 1, 0, 1, 1, 1, 0, 230271, '', 0, 0, 0, '', '', '', '', '', '', '', '', '', '', '', '', '', '', '156ed844af920373', 0, 0, 0),(35, 2, 6, '', 0, '', 1371559660, 'Sensis [Crawler]', 'sensis [crawler]', '', 1371559660, 0, '', 0, '', 0, 1371559660, 0, '', '', 0, 0, 0, 0, 0, 0, 0, 'en', '0.00', 0, 'D M d, Y g:i a', 12, 0, '9E8DA7', 0, 0, 0, 0, -3, 0, 0, 't', 'd', 0, 't', 'a', 0, 1, 0, 1, 1, 1, 0, 230271, '', 0, 0, 0, '', '', '', '', '', '', '', '', '', '', '', '', '', '', '43079a9ff62cf313', 0, 0, 0),(36, 2, 6, '', 0, '', 1371559660, 'SEO Crawler', 'seo crawler', '', 1371559660, 0, '', 0, '', 0, 1371559660, 0, '', '', 0, 0, 0, 0, 0, 0, 0, 'en', '0.00', 0, 'D M d, Y g:i a', 12, 0, '9E8DA7', 0, 0, 0, 0, -3, 0, 0, 't', 'd', 0, 't', 'a', 0, 1, 0, 1, 1, 1, 0, 230271, '', 0, 0, 0, '', '', '', '', '', '', '', '', '', '', '', '', '', '', '8ded559bdfaa4c30', 0, 0, 0),(37, 2, 6, '', 0, '', 1371559660, 'Seoma [Crawler]', 'seoma [crawler]', '', 1371559660, 0, '', 0, '', 0, 1371559660, 0, '', '', 0, 0, 0, 0, 0, 0, 0, 'en', '0.00', 0, 'D M d, Y g:i a', 12, 0, '9E8DA7', 0, 0, 0, 0, -3, 0, 0, 't', 'd', 0, 't', 'a', 0, 1, 0, 1, 1, 1, 0, 230271, '', 0, 0, 0, '', '', '', '', '', '', '', '', '', '', '', '', '', '', 'dd6bcd03b82a8c6f', 0, 0, 0),(38, 2, 6, '', 0, '', 1371559660, 'SEOSearch [Crawler]', 'seosearch [crawler]', '', 1371559660, 0, '', 0, '', 0, 1371559660, 0, '', '', 0, 0, 0, 0, 0, 0, 0, 'en', '0.00', 0, 'D M d, Y g:i a', 12, 0, '9E8DA7', 0, 0, 0, 0, -3, 0, 0, 't', 'd', 0, 't', 'a', 0, 1, 0, 1, 1, 1, 0, 230271, '', 0, 0, 0, '', '', '', '', '', '', '', '', '', '', '', '', '', '', '66511f09f1507af6', 0, 0, 0),(39, 2, 6, '', 0, '', 1371559660, 'Snappy [Bot]', 'snappy [bot]', '', 1371559660, 0, '', 0, '', 0, 1371559660, 0, '', '', 0, 0, 0, 0, 0, 0, 0, 'en', '0.00', 0, 'D M d, Y g:i a', 12, 0, '9E8DA7', 0, 0, 0, 0, -3, 0, 0, 't', 'd', 0, 't', 'a', 0, 1, 0, 1, 1, 1, 0, 230271, '', 0, 0, 0, '', '', '', '', '', '', '', '', '', '', '', '', '', '', '30f388b9c715d5cd', 0, 0, 0),(40, 2, 6, '', 0, '', 1371559660, 'Steeler [Crawler]', 'steeler [crawler]', '', 1371559660, 0, '', 0, '', 0, 1371559660, 0, '', '', 0, 0, 0, 0, 0, 0, 0, 'en', '0.00', 0, 'D M d, Y g:i a', 12, 0, '9E8DA7', 0, 0, 0, 0, -3, 0, 0, 't', 'd', 0, 't', 'a', 0, 1, 0, 1, 1, 1, 0, 230271, '', 0, 0, 0, '', '', '', '', '', '', '', '', '', '', '', '', '', '', 'd2bf6eef0a5843c4', 0, 0, 0),(41, 2, 6, '', 0, '', 1371559660, 'Synoo [Bot]', 'synoo [bot]', '', 1371559660, 0, '', 0, '', 0, 1371559660, 0, '', '', 0, 0, 0, 0, 0, 0, 0, 'en', '0.00', 0, 'D M d, Y g:i a', 12, 0, '9E8DA7', 0, 0, 0, 0, -3, 0, 0, 't', 'd', 0, 't', 'a', 0, 1, 0, 1, 1, 1, 0, 230271, '', 0, 0, 0, '', '', '', '', '', '', '', '', '', '', '', '', '', '', '3554f7cc498773a9', 0, 0, 0),(42, 2, 6, '', 0, '', 1371559660, 'Telekom [Bot]', 'telekom [bot]', '', 1371559660, 0, '', 0, '', 0, 1371559660, 0, '', '', 0, 0, 0, 0, 0, 0, 0, 'en', '0.00', 0, 'D M d, Y g:i a', 12, 0, '9E8DA7', 0, 0, 0, 0, -3, 0, 0, 't', 'd', 0, 't', 'a', 0, 1, 0, 1, 1, 1, 0, 230271, '', 0, 0, 0, '', '', '', '', '', '', '', '', '', '', '', '', '', '', '221edbd174c667e7', 0, 0, 0),(43, 2, 6, '', 0, '', 1371559660, 'TurnitinBot [Bot]', 'turnitinbot [bot]', '', 1371559660, 0, '', 0, '', 1375123121, 1371559660, 0, '../index.php', '', 0, 0, 0, 0, 0, 0, 0, 'en', '0.00', 0, 'D M d, Y g:i a', 12, 0, '9E8DA7', 0, 0, 0, 0, -3, 0, 0, 't', 'd', 0, 't', 'a', 0, 1, 0, 1, 1, 1, 0, 230271, '', 0, 0, 0, '', '', '', '', '', '', '', '', '', '', '', '', '', '', '611701a6debe9442', 0, 0, 0),(44, 2, 6, '', 0, '', 1371559660, 'Voyager [Bot]', 'voyager [bot]', '', 1371559660, 0, '', 0, '', 0, 1371559660, 0, '', '', 0, 0, 0, 0, 0, 0, 0, 'en', '0.00', 0, 'D M d, Y g:i a', 12, 0, '9E8DA7', 0, 0, 0, 0, -3, 0, 0, 't', 'd', 0, 't', 'a', 0, 1, 0, 1, 1, 1, 0, 230271, '', 0, 0, 0, '', '', '', '', '', '', '', '', '', '', '', '', '', '', '80acb38d51c0c434', 0, 0, 0),(45, 2, 6, '', 0, '', 1371559660, 'W3 [Sitesearch]', 'w3 [sitesearch]', '', 1371559660, 0, '', 0, '', 0, 1371559660, 0, '', '', 0, 0, 0, 0, 0, 0, 0, 'en', '0.00', 0, 'D M d, Y g:i a', 12, 0, '9E8DA7', 0, 0, 0, 0, -3, 0, 0, 't', 'd', 0, 't', 'a', 0, 1, 0, 1, 1, 1, 0, 230271, '', 0, 0, 0, '', '', '', '', '', '', '', '', '', '', '', '', '', '', 'fbf00b5e41868a30', 0, 0, 0),(46, 2, 6, '', 0, '', 1371559660, 'W3C [Linkcheck]', 'w3c [linkcheck]', '', 1371559660, 0, '', 0, '', 0, 1371559660, 0, '', '', 0, 0, 0, 0, 0, 0, 0, 'en', '0.00', 0, 'D M d, Y g:i a', 12, 0, '9E8DA7', 0, 0, 0, 0, -3, 0, 0, 't', 'd', 0, 't', 'a', 0, 1, 0, 1, 1, 1, 0, 230271, '', 0, 0, 0, '', '', '', '', '', '', '', '', '', '', '', '', '', '', '6ea712cacc21bd1b', 0, 0, 0),(47, 2, 6, '', 0, '', 1371559660, 'W3C [Validator]', 'w3c [validator]', '', 1371559660, 0, '', 0, '', 0, 1371559660, 0, '', '', 0, 0, 0, 0, 0, 0, 0, 'en', '0.00', 0, 'D M d, Y g:i a', 12, 0, '9E8DA7', 0, 0, 0, 0, -3, 0, 0, 't', 'd', 0, 't', 'a', 0, 1, 0, 1, 1, 1, 0, 230271, '', 0, 0, 0, '', '', '', '', '', '', '', '', '', '', '', '', '', '', '24e0332868899edd', 0, 0, 0),(48, 2, 6, '', 0, '', 1371559660, 'WiseNut [Bot]', 'wisenut [bot]', '', 1371559660, 0, '', 0, '', 0, 1371559660, 0, '', '', 0, 0, 0, 0, 0, 0, 0, 'en', '0.00', 0, 'D M d, Y g:i a', 12, 0, '9E8DA7', 0, 0, 0, 0, -3, 0, 0, 't', 'd', 0, 't', 'a', 0, 1, 0, 1, 1, 1, 0, 230271, '', 0, 0, 0, '', '', '', '', '', '', '', '', '', '', '', '', '', '', 'df658f7cea7bd757', 0, 0, 0),(49, 2, 6, '', 0, '', 1371559661, 'YaCy [Bot]', 'yacy [bot]', '', 1371559661, 0, '', 0, '', 0, 1371559661, 0, '', '', 0, 0, 0, 0, 0, 0, 0, 'en', '0.00', 0, 'D M d, Y g:i a', 12, 0, '9E8DA7', 0, 0, 0, 0, -3, 0, 0, 't', 'd', 0, 't', 'a', 0, 1, 0, 1, 1, 1, 0, 230271, '', 0, 0, 0, '', '', '', '', '', '', '', '', '', '', '', '', '', '', '716598d13e5ca5e0', 0, 0, 0),(50, 2, 6, '', 0, '', 1371559661, 'Yahoo MMCrawler [Bot]', 'yahoo mmcrawler [bot]', '', 1371559661, 0, '', 0, '', 0, 1371559661, 0, '', '', 0, 0, 0, 0, 0, 0, 0, 'en', '0.00', 0, 'D M d, Y g:i a', 12, 0, '9E8DA7', 0, 0, 0, 0, -3, 0, 0, 't', 'd', 0, 't', 'a', 0, 1, 0, 1, 1, 1, 0, 230271, '', 0, 0, 0, '', '', '', '', '', '', '', '', '', '', '', '', '', '', 'ad72dc28c92e7a3c', 0, 0, 0),(51, 2, 6, '', 0, '', 1371559661, 'Yahoo Slurp [Bot]', 'yahoo slurp [bot]', '', 1371559661, 0, '', 0, '', 0, 1371559661, 0, '', '', 0, 0, 0, 0, 0, 0, 0, 'en', '0.00', 0, 'D M d, Y g:i a', 12, 0, '9E8DA7', 0, 0, 0, 0, -3, 0, 0, 't', 'd', 0, 't', 'a', 0, 1, 0, 1, 1, 1, 0, 230271, '', 0, 0, 0, '', '', '', '', '', '', '', '', '', '', '', '', '', '', 'b2395a21e5500282', 0, 0, 0),(52, 2, 6, '', 0, '', 1371559661, 'Yahoo [Bot]', 'yahoo [bot]', '', 1371559661, 0, '', 0, '', 0, 1371559661, 0, '', '', 0, 0, 0, 0, 0, 0, 0, 'en', '0.00', 0, 'D M d, Y g:i a', 12, 0, '9E8DA7', 0, 0, 0, 0, -3, 0, 0, 't', 'd', 0, 't', 'a', 0, 1, 0, 1, 1, 1, 0, 230271, '', 0, 0, 0, '', '', '', '', '', '', '', '', '', '', '', '', '', '', '8b7d7ee086287499', 0, 0, 0),(53, 2, 6, '', 0, '', 1371559661, 'YahooSeeker [Bot]', 'yahooseeker [bot]', '', 1371559661, 0, '', 0, '', 0, 1371559661, 0, '', '', 0, 0, 0, 0, 0, 0, 0, 'en', '0.00', 0, 'D M d, Y g:i a', 12, 0, '9E8DA7', 0, 0, 0, 0, -3, 0, 0, 't', 'd', 0, 't', 'a', 0, 1, 0, 1, 1, 1, 0, 230271, '', 0, 0, 0, '', '', '', '', '', '', '', '', '', '', '', '', '', '', '0f201fbe377cbd15', 0, 0, 0),(54, 0, 11, '', 0, '2.221.141.251', 1371741086, 'Joe', 'joe', '$H$9VrGjqA2wvi5vr49QKXRMlAxtnMOT91', 1373131387, 0, 'jshawl@live.com', 240558324315, ' 0- 0-   0', 1375293657, 1371741086, 1374418144, '../calendar_signup.php?id=47', '', 0, 0, 0, 0, 0, 0, 0, 'en', '0.00', 1, 'D M d, Y g:i a', 12, 6, '33CC00', 0, 3, 1373582497, 0, -3, 0, 0, 't', 'd', 0, 't', 'a', 0, 1, 0, 1, 1, 1, 1, 230271, '', 0, 0, 0, '', '', '', '', '', '', '', '', '', '', '', '', '', '', '8e7f4b5d01b3c517', 1, 0, 0),(56, 0, 7, '', 0, '68.47.199.174', 1372385485, 'Duffy', 'duffy', '$H$9IC7gJTmwF4WnM5NtltR2L7SZNgqho1', 1372385485, 0, 'aaron.wooldridge@gmail.com', 60696029126, '', 1372385725, 1372385485, 0, 'index.php', '', 0, 0, 0, 0, 0, 0, 0, 'en', '-5.00', 0, 'D M d, Y g:i a', 12, 0, '', 0, 0, 0, 0, -3, 0, 0, 't', 'd', 0, 't', 'a', 0, 1, 0, 1, 1, 1, 1, 230271, '', 0, 0, 0, '', '', '', '', '', '', '', '', '', '', '', '', '', '', '433854b35f2351a8', 1, 0, 0),(55, 0, 8, '', 0, '94.172.164.33', 1372093585, 'Epidemic', 'epidemic', '$H$9CaFYDxy5.rbwYCfZ1jUe0aBgvRGNI.', 1375052166, 0, 'martin@dreflex.co.uk', 334182703420, '10-12-1981', 1375655689, 1372093585, 1375055255, '../calendar_signup.php?id=47', '', 0, 0, 0, 0, 0, 0, 2, 'en', '0.00', 1, 'D M d, Y g:i a', 12, 2, '0066FF', 0, 0, 1375055259, 0, -3, 0, 0, 't', 'd', 0, 't', 'a', 0, 1, 0, 1, 1, 1, 1, 230271, '55_1372176929.jpg', 1, 120, 120, '', '', '', 'Doncaster', '', '', '', '', '', 'http://dreflex.co.uk', '', 'Games, Music, Films', '', '', '96e506a5ffacadbe', 0, 0, 0),(58, 0, 8, '', 0, '89.182.37.240', 1372870008, 'Nalon', 'nalon', '$H$9pZsVXyZCOuOAAhy0NGsobN9IDQ4fF/', 1372870008, 0, 'seralin@gmx.net', 35735788915, ' 0- 0-   0', 1375305782, 1372870008, 1375305714, '../calendar_signup.php?id=51', '', 1372911722, 0, 0, 0, 0, 0, 0, 'en', '1.00', 1, 'd-m-Y H:i:s', 12, 2, '0066FF', 1, 1, 1375305714, 0, -3, 0, 0, 't', 'd', 0, 't', 'a', 0, 1, 0, 1, 1, 1, 1, 230271, '58_1375305545.jpg', 1, 120, 120, '', '', '', '', '', '', '', '', '', '', '', '', '', '', '3bbb429b63f3e78a', 1, 0, 0),(57, 0, 7, '', 0, '68.47.199.174', 1372553263, 'Dufferz', 'dufferz', '$H$9v2AEof0bpx781hRUJ9PN2V856MhpM1', 1372553263, 0, 'wooldridge_aaron@yahoo.com', 87898189126, '', 1372894326, 1372553263, 0, '../event_signup.php', '', 0, 0, 0, 0, 0, 0, 0, 'en', '-10.00', 0, 'D M d, Y g:i a', 12, 0, '', 0, 0, 0, 0, -3, 0, 0, 't', 'd', 0, 't', 'a', 0, 1, 0, 1, 1, 1, 1, 230271, '', 0, 0, 0, '', '', '', '', '', '', '', '', '', '', '', '', '', '', 'c348d07580b4f33b', 1, 0, 0),(60, 0, 8, '', 0, '90.207.194.183', 1374009288, 'Peculiar', 'peculiar', '$H$9CCfbxoejh8sT3s6YYaEqfUa6UKr//.', 1374009288, 0, 'dobarn@neffencorp.co.uk', 14162416723, '', 1375654186, 1374009288, 1374009809, '../suicide.php', '', 0, 0, 0, 0, 0, 0, 0, 'en', '1', 0, 'd-m-Y H:i:s', 12, 2, '0066FF', 0, 0, 0, 0, -3, 0, 0, 't', 'd', 0, 't', 'a', 0, 1, 0, 1, 1, 1, 1, 230271, '', 0, 0, 0, '', '', '', '', '', '', '', '', '', '', '', '', '', '', '56b1ab35754949c6', 1, 0, 0),(61, 0, 2, '', 0, '80.254.147.244', 1374056062, 'Pashy', 'pashy', '$H$9qxhNua2O3V./AU8iaOimTuSDurrGT/', 1374056062, 0, 'riyrunner@hotmail.com', 156222681721, '', 0, 1374056062, 0, '', '', 0, 0, 0, 0, 0, 0, 0, 'en', '0', 0, 'd-m-Y H:i:s', 12, 0, '', 0, 0, 0, 0, -3, 0, 0, 't', 'd', 0, 't', 'a', 0, 1, 0, 1, 1, 1, 1, 230271, '', 0, 0, 0, '', '', '', '', '', '', '', '', '', '', '', '', '', '', '1b972a5a21bd02b2', 1, 0, 0),(62, 0, 8, '', 0, '86.160.249.75', 1374100857, 'Kalador', 'kalador', '$H$9jWcVuwuMMMvf0mUA3HOTnDYm31RLv.', 1374100857, 0, 'silverskulls@hotmail.com', 347000900724, '', 1375519910, 1374100857, 1375308154, '../index.php', '', 0, 0, 0, 0, 0, 0, 1, 'en', '0', 0, 'd-m-Y H:i:s', 12, 2, '0066FF', 0, 0, 0, 0, -3, 0, 0, 't', 'd', 0, 't', 'a', 0, 1, 0, 1, 1, 1, 1, 230271, '', 0, 0, 0, '', '', '', '', '', '', '', '', '', '', '', '', '1XU51TJ', '', 'dd9e3157629ceec8', 1, 0, 0),(63, 0, 10, '', 0, '212.159.114.169', 1375650494, 'Shpongle', 'shpongle', '$H$93.0M5hZldDkSWdnZSkNKJczciJC3u/', 1375650494, 0, 'psygon@icon-forever.co.uk', 338294374325, '', 1375654703, 1375650494, 0, 'index.php', '', 0, 0, 0, 0, 0, 0, 0, 'en', '0', 0, 'd-m-Y H:i:s', 12, 5, '860111', 0, 0, 0, 0, -3, 0, 0, 't', 'd', 0, 't', 'a', 0, 1, 0, 1, 1, 1, 1, 230271, '63_1375650812.png', 1, 120, 120, 'MONKEY!', 'ii0n06iw', '', '', '', '', '', '', '', '', '', '', '', '', 'e6104b87e224bd64', 1, 0, 0),(66, 1, 2, '', 0, '84.195.47.195', 1375653288, 'Slacha', 'slacha', '$H$9tSaNfdMrDu53RN52BcTWU8j4kqX250', 1375653288, 0, 'lucien.geerts@pandora.be', 193221549824, '', 0, 1375653288, 0, '', '', 0, 0, 0, 0, 1, 1375653288, 0, 'en', '1', 0, 'd-m-Y H:i:s', 12, 0, '', 0, 0, 0, 0, -3, 0, 0, 't', 'd', 0, 't', 'a', 0, 1, 0, 1, 1, 1, 1, 230271, '', 0, 0, 0, '', '', '', '', '', '', '', '', '', '', '', '', '2ZUCLY3BOJ', '', '4d97a70fbf8dc682', 1, 0, 0),(64, 0, 2, '', 0, '109.150.52.195', 1375650700, 'Andrania', 'andrania', '$H$9laxQLFYbFZu0wJYhdMSmRLSH.RI8s/', 1375650700, 0, 'mdoftw@gmail.com', 416576242916, '', 0, 1375650700, 0, '', '', 0, 0, 0, 0, 0, 0, 0, 'en', '0', 0, 'd-m-Y H:i:s', 12, 0, '', 0, 0, 0, 0, -3, 0, 0, 't', 'd', 0, 't', 'a', 0, 1, 0, 1, 1, 1, 1, 230271, '', 0, 0, 0, '', '', '', '', '', '', '', '', '', '', '', '', '', '', '327109b6a21d0a7e', 1, 0, 0),(65, 1, 2, '', 0, '82.74.55.228', 1375651883, 'flory', 'flory', '$H$9De1NBymzwZqfbshQ8iMhbr7Omud1E/', 1375651883, 0, 'shinoa@outlook.com', 395704854918, '', 0, 1375651883, 0, '', '', 0, 0, 0, 0, 1, 1375651883, 0, 'en', '0', 0, 'd-m-Y H:i:s', 12, 0, '', 0, 0, 0, 0, -3, 0, 0, 't', 'd', 0, 't', 'a', 0, 1, 0, 1, 1, 1, 1, 230271, '', 0, 0, 0, '', '', '', '', '', '', '', '', '', '', '', '', '25EH3B14F1', '', '6e75041a81338501', 1, 0, 0);

# Table: phpbb_warnings
DROP TABLE IF EXISTS phpbb_warnings;
CREATE TABLE `phpbb_warnings` (
  `warning_id` mediumint(8) unsigned NOT NULL AUTO_INCREMENT,
  `user_id` mediumint(8) unsigned NOT NULL DEFAULT '0',
  `post_id` mediumint(8) unsigned NOT NULL DEFAULT '0',
  `log_id` mediumint(8) unsigned NOT NULL DEFAULT '0',
  `warning_time` int(11) unsigned NOT NULL DEFAULT '0',
  PRIMARY KEY (`warning_id`)
) ENGINE=MyISAM DEFAULT CHARSET=utf8 COLLATE=utf8_bin;

# Table: phpbb_words
DROP TABLE IF EXISTS phpbb_words;
CREATE TABLE `phpbb_words` (
  `word_id` mediumint(8) unsigned NOT NULL AUTO_INCREMENT,
  `word` varchar(255) COLLATE utf8_bin NOT NULL DEFAULT '',
  `replacement` varchar(255) COLLATE utf8_bin NOT NULL DEFAULT '',
  PRIMARY KEY (`word_id`)
) ENGINE=MyISAM DEFAULT CHARSET=utf8 COLLATE=utf8_bin;

# Table: phpbb_zebra
DROP TABLE IF EXISTS phpbb_zebra;
CREATE TABLE `phpbb_zebra` (
  `user_id` mediumint(8) unsigned NOT NULL DEFAULT '0',
  `zebra_id` mediumint(8) unsigned NOT NULL DEFAULT '0',
  `friend` tinyint(1) unsigned NOT NULL DEFAULT '0',
  `foe` tinyint(1) unsigned NOT NULL DEFAULT '0',
  PRIMARY KEY (`user_id`,`zebra_id`)
) ENGINE=MyISAM DEFAULT CHARSET=utf8 COLLATE=utf8_bin;

